#,Date-Time (PDT),Temperature   (°C),Light   (lux),Started,Button Down,Button Up,Host Connected,End of File
1,4/22/2025 16:08,25.87,119.52,Logged,,,,
2,4/22/2025 16:09,25.09,11.67,,,,,
3,4/22/2025 16:10,24.41,11.67,,,,,
4,4/22/2025 16:11,23.94,0.83,,,,,
5,4/22/2025 16:12,23.42,0.83,,,,,
6,4/22/2025 16:13,23.16,0.83,,,,,
7,4/22/2025 16:14,22.91,0.83,,,,,
8,4/22/2025 16:15,22.82,0.83,,,,,
9,4/22/2025 16:16,22.69,0.83,,,,,
10,4/22/2025 16:17,22.65,0.83,,,,,
11,4/22/2025 16:18,22.56,0.83,,,,,
12,4/22/2025 16:19,22.52,0.62,,,,,
13,4/22/2025 16:20,22.52,0.62,,,,,
14,4/22/2025 16:21,22.56,0.83,,,,,
15,4/22/2025 16:22,22.52,0.62,,,,,
16,4/22/2025 16:23,22.56,0.62,,,,,
17,4/22/2025 16:24,22.56,0.83,,,,,
18,4/22/2025 16:25,22.52,0.83,,,,,
19,4/22/2025 16:26,22.56,0.83,,,,,
20,4/22/2025 16:27,22.56,0.83,,,,,
21,4/22/2025 16:28,22.61,0.83,,,,,
22,4/22/2025 16:29,22.61,0.83,,,,,
23,4/22/2025 16:30,22.61,0.62,,,,,
24,4/22/2025 16:31,22.61,0.83,,,,,
25,4/22/2025 16:32,22.65,0.83,,,,,
26,4/22/2025 16:33,22.65,0.83,,,,,
27,4/22/2025 16:34,22.69,0.83,,,,,
28,4/22/2025 16:35,22.69,0.83,,,,,
29,4/22/2025 16:36,22.65,0.62,,,,,
30,4/22/2025 16:37,22.73,0.62,,,,,
31,4/22/2025 16:38,22.73,0.83,,,,,
32,4/22/2025 16:39,22.73,0.62,,,,,
33,4/22/2025 16:40,22.86,0.62,,,,,
34,4/22/2025 16:41,22.82,0.62,,,,,
35,4/22/2025 16:42,23.46,1621.12,,,,,
36,4/22/2025 16:43,25.61,13854.72,,,,,
37,4/22/2025 16:44,26.38,31.73,,,,,
38,4/22/2025 16:45,27.67,3595.52,,,,,
39,4/22/2025 16:46,28.7,3343.36,,,,,
40,4/22/2025 16:47,29.38,3379.2,,,,,
41,4/22/2025 16:48,29.81,3069.44,,,,,
42,4/22/2025 16:49,30.11,2817.28,,,,,
43,4/22/2025 16:50,30.33,2664.96,,,,,
44,4/22/2025 16:51,30.46,2787.84,,,,,
45,4/22/2025 16:52,30.59,2878.72,,,,,
46,4/22/2025 16:53,30.67,2823.68,,,,,
47,4/22/2025 16:54,30.76,2341.76,,,,,
48,4/22/2025 16:55,30.71,2405.12,,,,,
49,4/22/2025 16:56,30.8,2579.84,,,,,
50,4/22/2025 16:57,30.84,2305.28,,,,,
51,4/22/2025 16:58,30.84,2313.6,,,,,
52,4/22/2025 16:59,30.8,2565.12,,,,,
53,4/22/2025 17:00,30.89,2781.44,,,,,
54,4/22/2025 17:01,30.89,2910.72,,,,,
55,4/22/2025 17:02,30.89,2976,,,,,
56,4/22/2025 17:03,30.89,3083.52,,,,,
57,4/22/2025 17:04,30.84,3088.64,,,,,
58,4/22/2025 17:05,30.89,2817.28,,,,,
59,4/22/2025 17:06,30.93,2831.36,,,,,
60,4/22/2025 17:07,30.93,3022.08,,,,,
61,4/22/2025 17:08,30.93,3187.2,,,,,
62,4/22/2025 17:09,30.93,3188.48,,,,,
63,4/22/2025 17:10,30.97,3242.24,,,,,
64,4/22/2025 17:11,30.97,3404.8,,,,,
65,4/22/2025 17:12,30.93,3208.96,,,,,
66,4/22/2025 17:13,30.97,3098.88,,,,,
67,4/22/2025 17:14,30.93,3136,,,,,
68,4/22/2025 17:15,30.93,3270.4,,,,,
69,4/22/2025 17:16,30.97,3297.28,,,,,
70,4/22/2025 17:17,30.97,3302.4,,,,,
71,4/22/2025 17:18,30.93,3283.2,,,,,
72,4/22/2025 17:19,30.93,3258.88,,,,,
73,4/22/2025 17:20,30.89,3354.88,,,,,
74,4/22/2025 17:21,30.97,2460.16,,,,,
75,4/22/2025 17:22,30.97,3525.12,,,,,
76,4/22/2025 17:23,30.97,3283.2,,,,,
77,4/22/2025 17:24,30.93,3091.2,,,,,
78,4/22/2025 17:25,30.93,3010.56,,,,,
79,4/22/2025 17:26,30.97,3052.8,,,,,
80,4/22/2025 17:27,30.97,3075.84,,,,,
81,4/22/2025 17:28,30.97,3083.52,,,,,
82,4/22/2025 17:29,31.01,3120.64,,,,,
83,4/22/2025 17:30,31.01,3022.08,,,,,
84,4/22/2025 17:31,30.97,3100.16,,,,,
85,4/22/2025 17:32,31.01,3179.52,,,,,
86,4/22/2025 17:33,30.97,3266.56,,,,,
87,4/22/2025 17:34,31.01,3320.32,,,,,
88,4/22/2025 17:35,31.01,3388.16,,,,,
89,4/22/2025 17:36,31.06,3264,,,,,
90,4/22/2025 17:37,31.01,2999.04,,,,,
91,4/22/2025 17:38,31.01,2855.68,,,,,
92,4/22/2025 17:39,31.01,2778.88,,,,,
93,4/22/2025 17:40,31.01,2819.84,,,,,
94,4/22/2025 17:41,30.97,2972.16,,,,,
95,4/22/2025 17:42,31.01,3147.52,,,,,
96,4/22/2025 17:43,30.97,2995.2,,,,,
97,4/22/2025 17:44,30.97,3074.56,,,,,
98,4/22/2025 17:45,31.06,3115.52,,,,,
99,4/22/2025 17:46,31.06,3025.92,,,,,
100,4/22/2025 17:47,31.01,2855.68,,,,,
101,4/22/2025 17:48,31.06,2862.08,,,,,
102,4/22/2025 17:49,31.06,2964.48,,,,,
103,4/22/2025 17:50,31.01,3120.64,,,,,
104,4/22/2025 17:51,31.06,3198.72,,,,,
105,4/22/2025 17:52,31.06,3266.56,,,,,
106,4/22/2025 17:53,31.01,3329.28,,,,,
107,4/22/2025 17:54,31.06,3308.8,,,,,
108,4/22/2025 17:55,31.06,3379.2,,,,,
109,4/22/2025 17:56,31.06,3321.6,,,,,
110,4/22/2025 17:57,31.06,3075.84,,,,,
111,4/22/2025 17:58,31.06,2895.36,,,,,
112,4/22/2025 17:59,31.06,2878.72,,,,,
113,4/22/2025 18:00,31.1,2964.48,,,,,
114,4/22/2025 18:01,31.06,2972.16,,,,,
115,4/22/2025 18:02,31.06,3004.16,,,,,
116,4/22/2025 18:03,31.1,3069.44,,,,,
117,4/22/2025 18:04,31.06,3324.16,,,,,
118,4/22/2025 18:05,31.14,3352.32,,,,,
119,4/22/2025 18:06,31.1,3331.84,,,,,
120,4/22/2025 18:07,31.14,3495.68,,,,,
121,4/22/2025 18:08,31.1,3718.4,,,,,
122,4/22/2025 18:09,31.1,3571.2,,,,,
123,4/22/2025 18:10,31.1,3283.2,,,,,
124,4/22/2025 18:11,31.14,3381.76,,,,,
125,4/22/2025 18:12,31.1,3464.96,,,,,
126,4/22/2025 18:13,31.14,2224,,,,,
127,4/22/2025 18:14,31.1,4407.04,,,,,
128,4/22/2025 18:15,31.14,4537.6,,,,,
129,4/22/2025 18:16,31.14,4384,,,,,
130,4/22/2025 18:17,31.14,3575.04,,,,,
131,4/22/2025 18:18,31.14,3964.16,,,,,
132,4/22/2025 18:19,31.19,5473.28,,,,,
133,4/22/2025 18:20,31.19,4481.28,,,,,
134,4/22/2025 18:21,31.14,4157.44,,,,,
135,4/22/2025 18:22,31.14,4071.68,,,,,
136,4/22/2025 18:23,31.19,4147.2,,,,,
137,4/22/2025 18:24,31.19,4213.76,,,,,
138,4/22/2025 18:25,31.14,4221.44,,,,,
139,4/22/2025 18:26,31.19,4263.68,,,,,
140,4/22/2025 18:27,31.19,4531.2,,,,,
141,4/22/2025 18:28,31.19,4631.04,,,,,
142,4/22/2025 18:29,31.14,4373.76,,,,,
143,4/22/2025 18:30,31.19,4167.68,,,,,
144,4/22/2025 18:31,31.14,4094.72,,,,,
145,4/22/2025 18:32,31.19,4117.76,,,,,
146,4/22/2025 18:33,31.14,4111.36,,,,,
147,4/22/2025 18:34,31.19,1920.64,,,,,
148,4/22/2025 18:35,31.14,1737.6,,,,,
149,4/22/2025 18:36,31.14,4423.68,,,,,
150,4/22/2025 18:37,31.14,4350.72,,,,,
151,4/22/2025 18:38,31.23,4344.32,,,,,
152,4/22/2025 18:39,31.19,4321.28,,,,,
153,4/22/2025 18:40,31.19,4481.28,,,,,
154,4/22/2025 18:41,31.19,4656.64,,,,,
155,4/22/2025 18:42,31.23,4573.44,,,,,
156,4/22/2025 18:43,31.19,4504.32,,,,,
157,4/22/2025 18:44,31.19,5020.16,,,,,
158,4/22/2025 18:45,31.23,5190.4,,,,,
159,4/22/2025 18:46,31.23,5159.68,,,,,
160,4/22/2025 18:47,31.23,3921.92,,,,,
161,4/22/2025 18:48,31.23,5039.36,,,,,
162,4/22/2025 18:49,31.31,4773.12,,,,,
163,4/22/2025 18:50,31.27,2488.32,,,,,
164,4/22/2025 18:51,31.23,2599.68,,,,,
165,4/22/2025 18:52,31.19,2908.16,,,,,
166,4/22/2025 18:53,31.19,2426.88,,,,,
167,4/22/2025 18:54,31.19,2448.64,,,,,
168,4/22/2025 18:55,31.19,3878.4,,,,,
169,4/22/2025 18:56,31.14,3176.96,,,,,
170,4/22/2025 18:57,31.27,6190.08,,,,,
171,4/22/2025 18:58,31.27,6164.48,,,,,
172,4/22/2025 18:59,31.27,6266.88,,,,,
173,4/22/2025 19:00,31.31,6108.16,,,,,
174,4/22/2025 19:01,31.27,5742.08,,,,,
175,4/22/2025 19:02,31.27,5785.6,,,,,
176,4/22/2025 19:03,31.31,3376.64,,,,,
177,4/22/2025 19:04,31.31,5724.16,,,,,
178,4/22/2025 19:05,31.36,5729.28,,,,,
179,4/22/2025 19:06,31.27,2255.36,,,,,
180,4/22/2025 19:07,31.31,5209.6,,,,,
181,4/22/2025 19:08,31.31,6609.92,,,,,
182,4/22/2025 19:09,31.31,6087.68,,,,,
183,4/22/2025 19:10,31.31,6190.08,,,,,
184,4/22/2025 19:11,31.31,6333.44,,,,,
185,4/22/2025 19:12,31.36,6858.24,,,,,
186,4/22/2025 19:13,31.36,7037.44,,,,,
187,4/22/2025 19:14,31.36,6932.48,,,,,
188,4/22/2025 19:15,31.36,6940.16,,,,,
189,4/22/2025 19:16,31.4,6970.88,,,,,
190,4/22/2025 19:17,31.4,6952.96,,,,,
191,4/22/2025 19:18,31.31,7042.56,,,,,
192,4/22/2025 19:19,31.4,7170.56,,,,,
193,4/22/2025 19:20,31.4,7383.04,,,,,
194,4/22/2025 19:21,31.44,7495.68,,,,,
195,4/22/2025 19:22,31.4,7610.88,,,,,
196,4/22/2025 19:23,31.4,7982.08,,,,,
197,4/22/2025 19:24,31.4,3114.24,,,,,
198,4/22/2025 19:25,31.36,8028.16,,,,,
199,4/22/2025 19:26,31.36,3045.12,,,,,
200,4/22/2025 19:27,31.36,8942.08,,,,,
201,4/22/2025 19:28,31.4,8381.44,,,,,
202,4/22/2025 19:29,31.4,8368.64,,,,,
203,4/22/2025 19:30,31.4,8788.48,,,,,
204,4/22/2025 19:31,31.44,9062.4,,,,,
205,4/22/2025 19:32,31.4,9461.76,,,,,
206,4/22/2025 19:33,31.44,9853.44,,,,,
207,4/22/2025 19:34,31.44,10193.92,,,,,
208,4/22/2025 19:35,31.49,8194.56,,,,,
209,4/22/2025 19:36,31.49,10792.96,,,,,
210,4/22/2025 19:37,31.49,11279.36,,,,,
211,4/22/2025 19:38,31.44,11729.92,,,,,
212,4/22/2025 19:39,31.53,12641.28,,,,,
213,4/22/2025 19:40,31.53,13347.84,,,,,
214,4/22/2025 19:41,31.57,14284.8,,,,,
215,4/22/2025 19:42,31.53,14653.44,,,,,
216,4/22/2025 19:43,31.57,14848,,,,,
217,4/22/2025 19:44,31.57,15078.4,,,,,
218,4/22/2025 19:45,31.61,15779.84,,,,,
219,4/22/2025 19:46,31.61,17320.96,,,,,
220,4/22/2025 19:47,31.66,18058.24,,,,,
221,4/22/2025 19:48,31.7,19886.08,,,,,
222,4/22/2025 19:49,31.53,3951.36,,,,,
223,4/22/2025 19:50,31.61,21790.72,,,,,
224,4/22/2025 19:51,31.7,20541.44,,,,,
225,4/22/2025 19:52,31.66,22835.2,,,,,
226,4/22/2025 19:53,31.79,24248.32,,,,,
227,4/22/2025 19:54,31.74,25600,,,,,
228,4/22/2025 19:55,31.7,19701.76,,,,,
229,4/22/2025 19:56,31.57,4960,,,,,
230,4/22/2025 19:57,31.57,6077.44,,,,,
231,4/22/2025 19:58,31.61,16496.64,,,,,
232,4/22/2025 19:59,31.74,23889.92,,,,,
233,4/22/2025 20:00,31.79,26613.76,,,,,
234,4/22/2025 20:01,31.83,23664.64,,,,,
235,4/22/2025 20:02,31.7,16087.04,,,,,
236,4/22/2025 20:03,31.79,19210.24,,,,,
237,4/22/2025 20:04,31.74,17428.48,,,,,
238,4/22/2025 20:05,31.79,18959.36,,,,,
239,4/22/2025 20:06,31.79,12523.52,,,,,
240,4/22/2025 20:07,31.74,20853.76,,,,,
241,4/22/2025 20:08,31.79,18887.68,,,,,
242,4/22/2025 20:09,31.87,18979.84,,,,,
243,4/22/2025 20:10,31.83,19578.88,,,,,
244,4/22/2025 20:11,31.87,19476.48,,,,,
245,4/22/2025 20:12,31.79,19665.92,,,,,
246,4/22/2025 20:13,31.83,8256,,,,,
247,4/22/2025 20:14,31.87,19558.4,,,,,
248,4/22/2025 20:15,31.87,19594.24,,,,,
249,4/22/2025 20:16,31.92,20531.2,,,,,
250,4/22/2025 20:17,31.83,9661.44,,,,,
251,4/22/2025 20:18,31.83,22200.32,,,,,
252,4/22/2025 20:19,31.92,21319.68,,,,,
253,4/22/2025 20:20,31.92,21350.4,,,,,
254,4/22/2025 20:21,31.96,21811.2,,,,,
255,4/22/2025 20:22,31.96,22374.4,,,,,
256,4/22/2025 20:23,31.96,22691.84,,,,,
257,4/22/2025 20:24,31.96,22743.04,,,,,
258,4/22/2025 20:25,31.96,23162.88,,,,,
259,4/22/2025 20:26,31.96,23848.96,,,,,
260,4/22/2025 20:27,32,24135.68,,,,,
261,4/22/2025 20:28,32,24360.96,,,,,
262,4/22/2025 20:29,32,24494.08,,,,,
263,4/22/2025 20:30,32,24463.36,,,,,
264,4/22/2025 20:31,32.04,23961.6,,,,,
265,4/22/2025 20:32,32,24012.8,,,,,
266,4/22/2025 20:33,31.87,10603.52,,,,,
267,4/22/2025 20:34,32,24023.04,,,,,
268,4/22/2025 20:35,32,24821.76,,,,,
269,4/22/2025 20:36,31.96,24647.68,,,,,
270,4/22/2025 20:37,32,25313.28,,,,,
271,4/22/2025 20:38,31.92,25487.36,,,,,
272,4/22/2025 20:39,31.96,24494.08,,,,,
273,4/22/2025 20:40,32,23848.96,,,,,
274,4/22/2025 20:41,32,23869.44,,,,,
275,4/22/2025 20:42,32.04,24975.36,,,,,
276,4/22/2025 20:43,31.92,7249.92,,,,,
277,4/22/2025 20:44,31.79,11914.24,,,,,
278,4/22/2025 20:45,31.74,12078.08,,,,,
279,4/22/2025 20:46,31.96,22743.04,,,,,
280,4/22/2025 20:47,31.96,22446.08,,,,,
281,4/22/2025 20:48,32,21647.36,,,,,
282,4/22/2025 20:49,32,21780.48,,,,,
283,4/22/2025 20:50,32,21370.88,,,,,
284,4/22/2025 20:51,31.96,21094.4,,,,,
285,4/22/2025 20:52,32,21114.88,,,,,
286,4/22/2025 20:53,32,21442.56,,,,,
287,4/22/2025 20:54,32,13184,,,,,
288,4/22/2025 20:55,31.87,5588.48,,,,,
289,4/22/2025 20:56,31.79,12241.92,,,,,
290,4/22/2025 20:57,31.92,23398.4,,,,,
291,4/22/2025 20:58,31.96,23070.72,,,,,
292,4/22/2025 20:59,32.04,23388.16,,,,,
293,4/22/2025 21:00,32.09,24176.64,,,,,
294,4/22/2025 21:01,32.04,25077.76,,,,,
295,4/22/2025 21:02,32.09,17689.6,,,,,
296,4/22/2025 21:03,32.09,27484.16,,,,,
297,4/22/2025 21:04,32.13,27217.92,,,,,
298,4/22/2025 21:05,32.13,26378.24,,,,,
299,4/22/2025 21:06,32.09,26480.64,,,,,
300,4/22/2025 21:07,32.13,27566.08,,,,,
301,4/22/2025 21:08,32.09,29306.88,,,,,
302,4/22/2025 21:09,32.17,28323.84,,,,,
303,4/22/2025 21:10,32.09,13148.16,,,,,
304,4/22/2025 21:11,32.13,28200.96,,,,,
305,4/22/2025 21:12,32.17,26992.64,,,,,
306,4/22/2025 21:13,32.17,27105.28,,,,,
307,4/22/2025 21:14,32.13,27054.08,,,,,
308,4/22/2025 21:15,32.17,26193.92,,,,,
309,4/22/2025 21:16,32.22,24924.16,,,,,
310,4/22/2025 21:17,32.17,24432.64,,,,,
311,4/22/2025 21:18,32.13,23623.68,,,,,
312,4/22/2025 21:19,32.04,22333.44,,,,,
313,4/22/2025 21:20,32.04,21606.4,,,,,
314,4/22/2025 21:21,32,8880.64,,,,,
315,4/22/2025 21:22,32,19886.08,,,,,
316,4/22/2025 21:23,32,19420.16,,,,,
317,4/22/2025 21:24,32,19614.72,,,,,
318,4/22/2025 21:25,32,11714.56,,,,,
319,4/22/2025 21:26,31.79,5216,,,,,
320,4/22/2025 21:27,31.83,17249.28,,,,,
321,4/22/2025 21:28,31.87,15738.88,,,,,
322,4/22/2025 21:29,31.87,15206.4,,,,,
323,4/22/2025 21:30,31.92,16097.28,,,,,
324,4/22/2025 21:31,31.74,2376.96,,,,,
325,4/22/2025 21:32,31.79,13839.36,,,,,
326,4/22/2025 21:33,31.74,13726.72,,,,,
327,4/22/2025 21:34,31.79,13655.04,,,,,
328,4/22/2025 21:35,31.79,13148.16,,,,,
329,4/22/2025 21:36,31.79,12211.2,,,,,
330,4/22/2025 21:37,31.74,12579.84,,,,,
331,4/22/2025 21:38,31.74,12262.4,,,,,
332,4/22/2025 21:39,31.79,11811.84,,,,,
333,4/22/2025 21:40,31.79,11699.2,,,,,
334,4/22/2025 21:41,31.74,10465.28,,,,,
335,4/22/2025 21:42,31.74,13040.64,,,,,
336,4/22/2025 21:43,31.7,7557.12,,,,,
337,4/22/2025 21:44,31.66,3991.04,,,,,
338,4/22/2025 21:45,31.66,11443.2,,,,,
339,4/22/2025 21:46,31.74,10690.56,,,,,
340,4/22/2025 21:47,31.7,9973.76,,,,,
341,4/22/2025 21:48,31.74,9740.8,,,,,
342,4/22/2025 21:49,31.66,9479.68,,,,,
343,4/22/2025 21:50,31.7,9354.24,,,,,
344,4/22/2025 21:51,31.7,9553.92,,,,,
345,4/22/2025 21:52,31.7,5624.32,,,,,
346,4/22/2025 21:53,31.66,7541.76,,,,,
347,4/22/2025 21:54,31.7,7982.08,,,,,
348,4/22/2025 21:55,31.61,7810.56,,,,,
349,4/22/2025 21:56,31.66,8048.64,,,,,
350,4/22/2025 21:57,31.61,8243.2,,,,,
351,4/22/2025 21:58,31.66,8896,,,,,
352,4/22/2025 21:59,31.61,3637.76,,,,,
353,4/22/2025 22:00,31.53,3285.76,,,,,
354,4/22/2025 22:01,31.53,3262.72,,,,,
355,4/22/2025 22:02,31.53,2394.88,,,,,
356,4/22/2025 22:03,31.49,1749.12,,,,,
357,4/22/2025 22:04,31.44,1756.16,,,,,
358,4/22/2025 22:05,31.44,2265.6,,,,,
359,4/22/2025 22:06,31.44,3205.12,,,,,
360,4/22/2025 22:07,31.49,5788.16,,,,,
361,4/22/2025 22:08,31.44,5608.96,,,,,
362,4/22/2025 22:09,31.53,5445.12,,,,,
363,4/22/2025 22:10,31.49,5268.48,,,,,
364,4/22/2025 22:11,31.49,5140.48,,,,,
365,4/22/2025 22:12,31.49,5020.16,,,,,
366,4/22/2025 22:13,31.49,4920.32,,,,,
367,4/22/2025 22:14,31.49,4789.76,,,,,
368,4/22/2025 22:15,31.44,4780.8,,,,,
369,4/22/2025 22:16,31.44,5140.48,,,,,
370,4/22/2025 22:17,31.49,4922.88,,,,,
371,4/22/2025 22:18,31.44,4597.76,,,,,
372,4/22/2025 22:19,31.44,4500.48,,,,,
373,4/22/2025 22:20,31.44,4687.36,,,,,
374,4/22/2025 22:21,31.44,5013.76,,,,,
375,4/22/2025 22:22,31.44,4943.36,,,,,
376,4/22/2025 22:23,31.4,4697.6,,,,,
377,4/22/2025 22:24,31.4,4687.36,,,,,
378,4/22/2025 22:25,31.44,4633.6,,,,,
379,4/22/2025 22:26,31.44,5180.16,,,,,
380,4/22/2025 22:27,31.44,5918.72,,,,,
381,4/22/2025 22:28,31.4,5424.64,,,,,
382,4/22/2025 22:29,31.44,2023.68,,,,,
383,4/22/2025 22:30,31.4,4533.76,,,,,
384,4/22/2025 22:31,31.4,4531.2,,,,,
385,4/22/2025 22:32,31.4,4590.08,,,,,
386,4/22/2025 22:33,31.44,4483.84,,,,,
387,4/22/2025 22:34,31.4,4680.96,,,,,
388,4/22/2025 22:35,31.4,4849.92,,,,,
389,4/22/2025 22:36,31.4,2206.72,,,,,
390,4/22/2025 22:37,31.4,2516.48,,,,,
391,4/22/2025 22:38,31.36,2491.52,,,,,
392,4/22/2025 22:39,31.36,4587.52,,,,,
393,4/22/2025 22:40,31.36,3575.04,,,,,
394,4/22/2025 22:41,31.4,4344.32,,,,,
395,4/22/2025 22:42,31.36,4597.76,,,,,
396,4/22/2025 22:43,31.44,4826.88,,,,,
397,4/22/2025 22:44,31.36,2548.48,,,,,
398,4/22/2025 22:45,31.31,1870.72,,,,,
399,4/22/2025 22:46,31.31,3914.24,,,,,
400,4/22/2025 22:47,31.36,4084.48,,,,,
401,4/22/2025 22:48,31.36,4157.44,,,,,
402,4/22/2025 22:49,31.4,4460.8,,,,,
403,4/22/2025 22:50,31.36,3621.12,,,,,
404,4/22/2025 22:51,31.31,2388.48,,,,,
405,4/22/2025 22:52,31.36,3811.84,,,,,
406,4/22/2025 22:53,31.36,4051.2,,,,,
407,4/22/2025 22:54,31.36,3978.24,,,,,
408,4/22/2025 22:55,31.31,3330.56,,,,,
409,4/22/2025 22:56,31.36,3210.24,,,,,
410,4/22/2025 22:57,31.31,2336.64,,,,,
411,4/22/2025 22:58,31.31,3475.2,,,,,
412,4/22/2025 22:59,31.31,3438.08,,,,,
413,4/22/2025 23:00,31.31,3651.84,,,,,
414,4/22/2025 23:01,31.31,3578.88,,,,,
415,4/22/2025 23:02,31.31,3408.64,,,,,
416,4/22/2025 23:03,31.31,2900.48,,,,,
417,4/22/2025 23:04,31.27,3038.72,,,,,
418,4/22/2025 23:05,31.31,3144.96,,,,,
419,4/22/2025 23:06,31.31,3242.24,,,,,
420,4/22/2025 23:07,31.27,2466.56,,,,,
421,4/22/2025 23:08,31.23,2270.08,,,,,
422,4/22/2025 23:09,31.23,2282.24,,,,,
423,4/22/2025 23:10,31.27,2310.4,,,,,
424,4/22/2025 23:11,31.31,3229.44,,,,,
425,4/22/2025 23:12,31.23,2872.32,,,,,
426,4/22/2025 23:13,31.27,2253.44,,,,,
427,4/22/2025 23:14,31.23,1396.48,,,,,
428,4/22/2025 23:15,31.23,2766.08,,,,,
429,4/22/2025 23:16,31.23,2677.76,,,,,
430,4/22/2025 23:17,31.23,1479.68,,,,,
431,4/22/2025 23:18,31.19,1516.16,,,,,
432,4/22/2025 23:19,31.23,1273.28,,,,,
433,4/22/2025 23:20,31.19,1199.36,,,,,
434,4/22/2025 23:21,31.23,1169.28,,,,,
435,4/22/2025 23:22,31.14,1183.36,,,,,
436,4/22/2025 23:23,31.19,1244.16,,,,,
437,4/22/2025 23:24,31.14,1495.68,,,,,
438,4/22/2025 23:25,31.23,1472.64,,,,,
439,4/22/2025 23:26,31.19,1466.88,,,,,
440,4/22/2025 23:27,31.19,1568.64,,,,,
441,4/22/2025 23:28,31.19,1994.24,,,,,
442,4/22/2025 23:29,31.19,2401.92,,,,,
443,4/22/2025 23:30,31.19,2771.2,,,,,
444,4/22/2025 23:31,31.23,2546.56,,,,,
445,4/22/2025 23:32,31.23,2565.12,,,,,
446,4/22/2025 23:33,31.19,1479.04,,,,,
447,4/22/2025 23:34,31.19,2037.12,,,,,
448,4/22/2025 23:35,31.14,1025.28,,,,,
449,4/22/2025 23:36,31.14,867.2,,,,,
450,4/22/2025 23:37,31.14,1762.56,,,,,
451,4/22/2025 23:38,31.14,1714.56,,,,,
452,4/22/2025 23:39,31.14,1674.88,,,,,
453,4/22/2025 23:40,31.14,1624.32,,,,,
454,4/22/2025 23:41,31.1,1673.6,,,,,
455,4/22/2025 23:42,31.1,1604.48,,,,,
456,4/22/2025 23:43,31.14,1667.84,,,,,
457,4/22/2025 23:44,31.14,1627.52,,,,,
458,4/22/2025 23:45,31.14,1651.84,,,,,
459,4/22/2025 23:46,31.14,1648.64,,,,,
460,4/22/2025 23:47,31.1,1678.72,,,,,
461,4/22/2025 23:48,31.1,1609.6,,,,,
462,4/22/2025 23:49,31.1,1632.64,,,,,
463,4/22/2025 23:50,31.1,1590.4,,,,,
464,4/22/2025 23:51,31.1,1831.04,,,,,
465,4/22/2025 23:52,31.14,1911.04,,,,,
466,4/22/2025 23:53,31.14,1984,,,,,
467,4/22/2025 23:54,31.1,1959.04,,,,,
468,4/22/2025 23:55,31.1,1965.44,,,,,
469,4/22/2025 23:56,31.1,1980.8,,,,,
470,4/22/2025 23:57,31.06,2115.2,,,,,
471,4/22/2025 23:58,31.1,2216.96,,,,,
472,4/22/2025 23:59,31.14,2476.8,,,,,
473,4/23/2025 0:00,31.1,2456.96,,,,,
474,4/23/2025 0:01,31.1,2360.32,,,,,
475,4/23/2025 0:02,31.1,2161.92,,,,,
476,4/23/2025 0:03,31.1,2008.96,,,,,
477,4/23/2025 0:04,31.1,1837.44,,,,,
478,4/23/2025 0:05,31.06,1776,,,,,
479,4/23/2025 0:06,31.1,1648.64,,,,,
480,4/23/2025 0:07,31.1,1538.56,,,,,
481,4/23/2025 0:08,31.06,1464.32,,,,,
482,4/23/2025 0:09,31.06,1445.76,,,,,
483,4/23/2025 0:10,31.1,1392,,,,,
484,4/23/2025 0:11,31.06,1408,,,,,
485,4/23/2025 0:12,31.06,1380.48,,,,,
486,4/23/2025 0:13,31.1,1411.84,,,,,
487,4/23/2025 0:14,31.06,1422.72,,,,,
488,4/23/2025 0:15,31.06,1419.52,,,,,
489,4/23/2025 0:16,31.06,1418.24,,,,,
490,4/23/2025 0:17,31.06,1413.12,,,,,
491,4/23/2025 0:18,31.01,1460.48,,,,,
492,4/23/2025 0:19,31.06,1472.64,,,,,
493,4/23/2025 0:20,31.01,1418.88,,,,,
494,4/23/2025 0:21,31.06,1443.2,,,,,
495,4/23/2025 0:22,31.01,1511.04,,,,,
496,4/23/2025 0:23,31.06,1577.6,,,,,
497,4/23/2025 0:24,31.06,1629.44,,,,,
498,4/23/2025 0:25,31.06,1639.68,,,,,
499,4/23/2025 0:26,31.06,1585.92,,,,,
500,4/23/2025 0:27,30.97,1533.44,,,,,
501,4/23/2025 0:28,31.06,1504,,,,,
502,4/23/2025 0:29,31.01,1530.24,,,,,
503,4/23/2025 0:30,31.01,1504.64,,,,,
504,4/23/2025 0:31,31.01,1473.92,,,,,
505,4/23/2025 0:32,31.06,1465.6,,,,,
506,4/23/2025 0:33,31.06,1443.2,,,,,
507,4/23/2025 0:34,31.06,1399.04,,,,,
508,4/23/2025 0:35,31.01,1407.36,,,,,
509,4/23/2025 0:36,31.01,1451.52,,,,,
510,4/23/2025 0:37,30.97,1407.36,,,,,
511,4/23/2025 0:38,30.97,1126.72,,,,,
512,4/23/2025 0:39,30.97,976.96,,,,,
513,4/23/2025 0:40,31.06,921.92,,,,,
514,4/23/2025 0:41,30.97,894.72,,,,,
515,4/23/2025 0:42,30.97,870.4,,,,,
516,4/23/2025 0:43,30.97,846.4,,,,,
517,4/23/2025 0:44,30.97,825.6,,,,,
518,4/23/2025 0:45,30.97,817.92,,,,,
519,4/23/2025 0:46,30.93,808,,,,,
520,4/23/2025 0:47,30.97,820.48,,,,,
521,4/23/2025 0:48,30.93,797.12,,,,,
522,4/23/2025 0:49,30.89,797.12,,,,,
523,4/23/2025 0:50,30.93,769.28,,,,,
524,4/23/2025 0:51,30.93,850.56,,,,,
525,4/23/2025 0:52,30.97,1039.36,,,,,
526,4/23/2025 0:53,30.97,1110.08,,,,,
527,4/23/2025 0:54,30.97,1109.44,,,,,
528,4/23/2025 0:55,30.93,1064.32,,,,,
529,4/23/2025 0:56,30.97,1073.6,,,,,
530,4/23/2025 0:57,30.97,1078.4,,,,,
531,4/23/2025 0:58,30.89,1050.24,,,,,
532,4/23/2025 0:59,30.93,1010.24,,,,,
533,4/23/2025 1:00,30.93,990.4,,,,,
534,4/23/2025 1:01,30.93,970.24,,,,,
535,4/23/2025 1:02,30.89,957.76,,,,,
536,4/23/2025 1:03,30.89,956.16,,,,,
537,4/23/2025 1:04,30.89,946.24,,,,,
538,4/23/2025 1:05,30.89,939.52,,,,,
539,4/23/2025 1:06,30.89,860.16,,,,,
540,4/23/2025 1:07,30.93,838.72,,,,,
541,4/23/2025 1:08,30.89,834.56,,,,,
542,4/23/2025 1:09,30.84,859.2,,,,,
543,4/23/2025 1:10,30.89,957.76,,,,,
544,4/23/2025 1:11,30.89,972.16,,,,,
545,4/23/2025 1:12,30.84,960.32,,,,,
546,4/23/2025 1:13,30.89,864.96,,,,,
547,4/23/2025 1:14,30.84,843.84,,,,,
548,4/23/2025 1:15,30.84,842.88,,,,,
549,4/23/2025 1:16,30.8,846.4,,,,,
550,4/23/2025 1:17,30.8,860.8,,,,,
551,4/23/2025 1:18,30.8,880.96,,,,,
552,4/23/2025 1:19,30.84,896.32,,,,,
553,4/23/2025 1:20,30.84,865.92,,,,,
554,4/23/2025 1:21,30.8,747.84,,,,,
555,4/23/2025 1:22,30.84,695.68,,,,,
556,4/23/2025 1:23,30.8,673.28,,,,,
557,4/23/2025 1:24,30.8,669.76,,,,,
558,4/23/2025 1:25,30.8,701.76,,,,,
559,4/23/2025 1:26,30.76,649.12,,,,,
560,4/23/2025 1:27,30.76,652.48,,,,,
561,4/23/2025 1:28,30.76,656.64,,,,,
562,4/23/2025 1:29,30.76,570.56,,,,,
563,4/23/2025 1:30,30.8,480.16,,,,,
564,4/23/2025 1:31,30.8,429.76,,,,,
565,4/23/2025 1:32,30.8,406.56,,,,,
566,4/23/2025 1:33,30.76,404.8,,,,,
567,4/23/2025 1:34,30.71,420.64,,,,,
568,4/23/2025 1:35,30.76,428.96,,,,,
569,4/23/2025 1:36,30.76,404,,,,,
570,4/23/2025 1:37,30.76,383.2,,,,,
571,4/23/2025 1:38,30.76,359.68,,,,,
572,4/23/2025 1:39,30.76,332.8,,,,,
573,4/23/2025 1:40,30.76,327.84,,,,,
574,4/23/2025 1:41,30.8,321.28,,,,,
575,4/23/2025 1:42,30.76,295.2,,,,,
576,4/23/2025 1:43,30.71,265.04,,,,,
577,4/23/2025 1:44,30.71,250.88,,,,,
578,4/23/2025 1:45,30.76,247.6,,,,,
579,4/23/2025 1:46,30.71,245.12,,,,,
580,4/23/2025 1:47,30.76,261.92,,,,,
581,4/23/2025 1:48,30.76,257.6,,,,,
582,4/23/2025 1:49,30.76,235.92,,,,,
583,4/23/2025 1:50,30.76,214.88,,,,,
584,4/23/2025 1:51,30.76,184.08,,,,,
585,4/23/2025 1:52,30.76,172.24,,,,,
586,4/23/2025 1:53,30.76,161.36,,,,,
587,4/23/2025 1:54,30.76,147.2,,,,,
588,4/23/2025 1:55,30.76,130.44,,,,,
589,4/23/2025 1:56,30.71,117.04,,,,,
590,4/23/2025 1:57,30.76,112.04,,,,,
591,4/23/2025 1:58,30.71,104.56,,,,,
592,4/23/2025 1:59,30.71,94.44,,,,,
593,4/23/2025 2:00,30.71,78.9,,,,,
594,4/23/2025 2:01,30.71,68.44,,,,,
595,4/23/2025 2:02,30.71,58.4,,,,,
596,4/23/2025 2:03,30.71,49.2,,,,,
597,4/23/2025 2:04,30.71,40.42,,,,,
598,4/23/2025 2:05,30.71,34.22,,,,,
599,4/23/2025 2:06,30.71,30.06,,,,,
600,4/23/2025 2:07,30.71,26.5,,,,,
601,4/23/2025 2:08,30.71,21.27,,,,,
602,4/23/2025 2:09,30.76,18.12,,,,,
603,4/23/2025 2:10,30.71,15.42,,,,,
604,4/23/2025 2:11,30.71,13.94,,,,,
605,4/23/2025 2:12,30.71,11.02,,,,,
606,4/23/2025 2:13,30.71,9.77,,,,,
607,4/23/2025 2:14,30.76,9.36,,,,,
608,4/23/2025 2:15,30.71,8.11,,,,,
609,4/23/2025 2:16,30.76,6.65,,,,,
610,4/23/2025 2:17,30.71,4.99,,,,,
611,4/23/2025 2:18,30.76,3.95,,,,,
612,4/23/2025 2:19,30.71,3.12,,,,,
613,4/23/2025 2:20,30.76,2.49,,,,,
614,4/23/2025 2:21,30.76,2.08,,,,,
615,4/23/2025 2:22,30.71,1.87,,,,,
616,4/23/2025 2:23,30.76,1.24,,,,,
617,4/23/2025 2:24,30.71,0.83,,,,,
618,4/23/2025 2:25,30.71,0.62,,,,,
619,4/23/2025 2:26,30.76,0.41,,,,,
620,4/23/2025 2:27,30.71,0.2,,,,,
621,4/23/2025 2:28,30.71,0.2,,,,,
622,4/23/2025 2:29,30.67,0.2,,,,,
623,4/23/2025 2:30,30.71,0,,,,,
624,4/23/2025 2:31,30.71,0,,,,,
625,4/23/2025 2:32,30.71,0,,,,,
626,4/23/2025 2:33,30.76,0,,,,,
627,4/23/2025 2:34,30.71,0,,,,,
628,4/23/2025 2:35,30.71,0,,,,,
629,4/23/2025 2:36,30.71,0,,,,,
630,4/23/2025 2:37,30.71,0,,,,,
631,4/23/2025 2:38,30.76,0,,,,,
632,4/23/2025 2:39,30.76,0,,,,,
633,4/23/2025 2:40,30.76,0,,,,,
634,4/23/2025 2:41,30.76,0,,,,,
635,4/23/2025 2:42,30.76,0,,,,,
636,4/23/2025 2:43,30.8,0,,,,,
637,4/23/2025 2:44,30.76,0,,,,,
638,4/23/2025 2:45,30.76,0,,,,,
639,4/23/2025 2:46,30.76,0,,,,,
640,4/23/2025 2:47,30.71,0,,,,,
641,4/23/2025 2:48,30.76,0,,,,,
642,4/23/2025 2:49,30.8,0,,,,,
643,4/23/2025 2:50,30.84,0,,,,,
644,4/23/2025 2:51,30.8,0,,,,,
645,4/23/2025 2:52,30.84,0,,,,,
646,4/23/2025 2:53,30.84,0,,,,,
647,4/23/2025 2:54,30.84,0,,,,,
648,4/23/2025 2:55,30.89,0,,,,,
649,4/23/2025 2:56,30.84,0,,,,,
650,4/23/2025 2:57,30.89,0,,,,,
651,4/23/2025 2:58,30.84,0,,,,,
652,4/23/2025 2:59,30.93,0,,,,,
653,4/23/2025 3:00,30.84,0,,,,,
654,4/23/2025 3:01,30.93,0,,,,,
655,4/23/2025 3:02,30.84,0,,,,,
656,4/23/2025 3:03,30.89,0,,,,,
657,4/23/2025 3:04,30.89,0,,,,,
658,4/23/2025 3:05,30.89,0,,,,,
659,4/23/2025 3:06,30.93,0,,,,,
660,4/23/2025 3:07,30.89,0,,,,,
661,4/23/2025 3:08,30.89,0,,,,,
662,4/23/2025 3:09,30.97,0,,,,,
663,4/23/2025 3:10,30.97,0,,,,,
664,4/23/2025 3:11,30.93,0,,,,,
665,4/23/2025 3:12,30.93,0,,,,,
666,4/23/2025 3:13,30.93,0,,,,,
667,4/23/2025 3:14,30.93,0,,,,,
668,4/23/2025 3:15,30.93,0,,,,,
669,4/23/2025 3:16,30.93,0,,,,,
670,4/23/2025 3:17,30.97,0,,,,,
671,4/23/2025 3:18,30.97,0,,,,,
672,4/23/2025 3:19,30.97,0,,,,,
673,4/23/2025 3:20,30.97,0,,,,,
674,4/23/2025 3:21,31.01,0,,,,,
675,4/23/2025 3:22,30.97,0,,,,,
676,4/23/2025 3:23,30.97,0,,,,,
677,4/23/2025 3:24,31.01,0,,,,,
678,4/23/2025 3:25,30.97,0,,,,,
679,4/23/2025 3:26,31.01,0,,,,,
680,4/23/2025 3:27,31.01,0,,,,,
681,4/23/2025 3:28,31.01,0,,,,,
682,4/23/2025 3:29,31.01,0,,,,,
683,4/23/2025 3:30,30.97,0,,,,,
684,4/23/2025 3:31,31.01,0,,,,,
685,4/23/2025 3:32,31.06,0,,,,,
686,4/23/2025 3:33,31.1,0,,,,,
687,4/23/2025 3:34,31.06,0,,,,,
688,4/23/2025 3:35,31.06,0,,,,,
689,4/23/2025 3:36,31.1,0,,,,,
690,4/23/2025 3:37,31.06,0,,,,,
691,4/23/2025 3:38,31.06,0,,,,,
692,4/23/2025 3:39,31.1,0,,,,,
693,4/23/2025 3:40,31.1,0,,,,,
694,4/23/2025 3:41,31.06,0,,,,,
695,4/23/2025 3:42,31.1,0,,,,,
696,4/23/2025 3:43,31.1,0,,,,,
697,4/23/2025 3:44,31.1,0,,,,,
698,4/23/2025 3:45,31.1,0,,,,,
699,4/23/2025 3:46,31.06,0,,,,,
700,4/23/2025 3:47,31.14,0,,,,,
701,4/23/2025 3:48,31.1,0,,,,,
702,4/23/2025 3:49,31.1,0,,,,,
703,4/23/2025 3:50,31.1,0,,,,,
704,4/23/2025 3:51,31.14,0,,,,,
705,4/23/2025 3:52,31.1,0,,,,,
706,4/23/2025 3:53,31.1,0,,,,,
707,4/23/2025 3:54,31.14,0,,,,,
708,4/23/2025 3:55,31.1,0,,,,,
709,4/23/2025 3:56,31.14,0,,,,,
710,4/23/2025 3:57,31.14,0,,,,,
711,4/23/2025 3:58,31.1,0,,,,,
712,4/23/2025 3:59,31.14,0,,,,,
713,4/23/2025 4:00,31.19,0,,,,,
714,4/23/2025 4:01,31.19,0,,,,,
715,4/23/2025 4:02,31.14,0,,,,,
716,4/23/2025 4:03,31.19,0,,,,,
717,4/23/2025 4:04,31.14,0,,,,,
718,4/23/2025 4:05,31.14,0,,,,,
719,4/23/2025 4:06,31.19,0,,,,,
720,4/23/2025 4:07,31.14,0,,,,,
721,4/23/2025 4:08,31.19,0,,,,,
722,4/23/2025 4:09,31.19,0,,,,,
723,4/23/2025 4:10,31.14,0,,,,,
724,4/23/2025 4:11,31.14,0,,,,,
725,4/23/2025 4:12,31.19,0,,,,,
726,4/23/2025 4:13,31.19,0,,,,,
727,4/23/2025 4:14,31.1,0,,,,,
728,4/23/2025 4:15,31.19,0,,,,,
729,4/23/2025 4:16,31.19,0,,,,,
730,4/23/2025 4:17,31.14,0,,,,,
731,4/23/2025 4:18,31.14,0,,,,,
732,4/23/2025 4:19,31.14,0,,,,,
733,4/23/2025 4:20,31.19,0,,,,,
734,4/23/2025 4:21,31.19,0,,,,,
735,4/23/2025 4:22,31.14,0,,,,,
736,4/23/2025 4:23,31.19,0,,,,,
737,4/23/2025 4:24,31.19,0,,,,,
738,4/23/2025 4:25,31.19,0,,,,,
739,4/23/2025 4:26,31.19,0,,,,,
740,4/23/2025 4:27,31.23,0,,,,,
741,4/23/2025 4:28,31.27,0,,,,,
742,4/23/2025 4:29,31.23,0,,,,,
743,4/23/2025 4:30,31.19,0,,,,,
744,4/23/2025 4:31,31.19,0,,,,,
745,4/23/2025 4:32,31.14,0,,,,,
746,4/23/2025 4:33,31.27,0,,,,,
747,4/23/2025 4:34,31.19,0,,,,,
748,4/23/2025 4:35,31.19,0,,,,,
749,4/23/2025 4:36,31.19,0,,,,,
750,4/23/2025 4:37,31.23,0,,,,,
751,4/23/2025 4:38,31.23,0,,,,,
752,4/23/2025 4:39,31.23,0,,,,,
753,4/23/2025 4:40,31.19,0,,,,,
754,4/23/2025 4:41,31.23,0,,,,,
755,4/23/2025 4:42,31.19,0,,,,,
756,4/23/2025 4:43,31.19,0,,,,,
757,4/23/2025 4:44,31.19,0,,,,,
758,4/23/2025 4:45,31.31,0,,,,,
759,4/23/2025 4:46,31.19,0,,,,,
760,4/23/2025 4:47,31.23,0,,,,,
761,4/23/2025 4:48,31.23,0,,,,,
762,4/23/2025 4:49,31.19,0,,,,,
763,4/23/2025 4:50,31.23,0,,,,,
764,4/23/2025 4:51,31.23,0,,,,,
765,4/23/2025 4:52,31.23,0,,,,,
766,4/23/2025 4:53,31.27,0,,,,,
767,4/23/2025 4:54,31.23,0,,,,,
768,4/23/2025 4:55,31.23,0,,,,,
769,4/23/2025 4:56,31.23,0,,,,,
770,4/23/2025 4:57,31.23,0,,,,,
771,4/23/2025 4:58,31.27,0,,,,,
772,4/23/2025 4:59,31.23,0,,,,,
773,4/23/2025 5:00,31.19,0,,,,,
774,4/23/2025 5:01,31.23,0,,,,,
775,4/23/2025 5:02,31.23,0,,,,,
776,4/23/2025 5:03,31.23,0,,,,,
777,4/23/2025 5:04,31.23,0,,,,,
778,4/23/2025 5:05,31.23,0,,,,,
779,4/23/2025 5:06,31.23,0,,,,,
780,4/23/2025 5:07,31.19,0,,,,,
781,4/23/2025 5:08,31.23,0,,,,,
782,4/23/2025 5:09,31.19,0,,,,,
783,4/23/2025 5:10,31.23,0,,,,,
784,4/23/2025 5:11,31.23,0,,,,,
785,4/23/2025 5:12,31.19,0,,,,,
786,4/23/2025 5:13,31.19,0,,,,,
787,4/23/2025 5:14,31.19,0,,,,,
788,4/23/2025 5:15,31.19,0,,,,,
789,4/23/2025 5:16,31.19,0,,,,,
790,4/23/2025 5:17,31.14,0,,,,,
791,4/23/2025 5:18,31.19,0,,,,,
792,4/23/2025 5:19,31.19,0,,,,,
793,4/23/2025 5:20,31.14,0,,,,,
794,4/23/2025 5:21,31.19,0,,,,,
795,4/23/2025 5:22,31.14,0,,,,,
796,4/23/2025 5:23,31.19,0,,,,,
797,4/23/2025 5:24,31.14,0,,,,,
798,4/23/2025 5:25,31.19,0,,,,,
799,4/23/2025 5:26,31.14,0,,,,,
800,4/23/2025 5:27,31.19,0,,,,,
801,4/23/2025 5:28,31.14,0,,,,,
802,4/23/2025 5:29,31.14,0,,,,,
803,4/23/2025 5:30,31.1,0,,,,,
804,4/23/2025 5:31,31.14,0,,,,,
805,4/23/2025 5:32,31.14,0,,,,,
806,4/23/2025 5:33,31.19,0,,,,,
807,4/23/2025 5:34,31.14,0,,,,,
808,4/23/2025 5:35,31.14,0,,,,,
809,4/23/2025 5:36,31.14,0,,,,,
810,4/23/2025 5:37,31.1,0,,,,,
811,4/23/2025 5:38,31.14,0,,,,,
812,4/23/2025 5:39,31.1,0,,,,,
813,4/23/2025 5:40,31.14,0,,,,,
814,4/23/2025 5:41,31.14,0,,,,,
815,4/23/2025 5:42,31.14,0,,,,,
816,4/23/2025 5:43,31.14,0,,,,,
817,4/23/2025 5:44,31.1,0,,,,,
818,4/23/2025 5:45,31.1,0,,,,,
819,4/23/2025 5:46,31.1,0,,,,,
820,4/23/2025 5:47,31.1,0,,,,,
821,4/23/2025 5:48,31.14,0,,,,,
822,4/23/2025 5:49,31.1,0,,,,,
823,4/23/2025 5:50,31.06,0,,,,,
824,4/23/2025 5:51,31.1,0,,,,,
825,4/23/2025 5:52,31.1,0,,,,,
826,4/23/2025 5:53,31.1,0,,,,,
827,4/23/2025 5:54,31.1,0,,,,,
828,4/23/2025 5:55,31.1,0,,,,,
829,4/23/2025 5:56,31.06,0,,,,,
830,4/23/2025 5:57,31.06,0,,,,,
831,4/23/2025 5:58,31.1,0,,,,,
832,4/23/2025 5:59,31.06,0,,,,,
833,4/23/2025 6:00,31.1,0,,,,,
834,4/23/2025 6:01,31.06,0,,,,,
835,4/23/2025 6:02,31.1,0,,,,,
836,4/23/2025 6:03,31.1,0,,,,,
837,4/23/2025 6:04,31.1,0,,,,,
838,4/23/2025 6:05,31.1,0,,,,,
839,4/23/2025 6:06,31.1,0,,,,,
840,4/23/2025 6:07,31.1,0,,,,,
841,4/23/2025 6:08,31.1,0,,,,,
842,4/23/2025 6:09,31.1,0,,,,,
843,4/23/2025 6:10,31.06,0,,,,,
844,4/23/2025 6:11,31.01,0,,,,,
845,4/23/2025 6:12,31.1,0,,,,,
846,4/23/2025 6:13,31.1,0,,,,,
847,4/23/2025 6:14,31.06,0,,,,,
848,4/23/2025 6:15,31.1,0,,,,,
849,4/23/2025 6:16,31.1,0,,,,,
850,4/23/2025 6:17,31.1,0,,,,,
851,4/23/2025 6:18,31.06,0,,,,,
852,4/23/2025 6:19,31.06,0,,,,,
853,4/23/2025 6:20,31.06,0,,,,,
854,4/23/2025 6:21,31.06,0,,,,,
855,4/23/2025 6:22,31.06,0,,,,,
856,4/23/2025 6:23,31.01,0,,,,,
857,4/23/2025 6:24,31.01,0,,,,,
858,4/23/2025 6:25,31.1,0,,,,,
859,4/23/2025 6:26,31.1,0,,,,,
860,4/23/2025 6:27,31.06,0,,,,,
861,4/23/2025 6:28,31.06,0,,,,,
862,4/23/2025 6:29,31.06,0,,,,,
863,4/23/2025 6:30,31.06,0,,,,,
864,4/23/2025 6:31,31.06,0,,,,,
865,4/23/2025 6:32,31.06,0,,,,,
866,4/23/2025 6:33,31.06,0,,,,,
867,4/23/2025 6:34,31.06,0,,,,,
868,4/23/2025 6:35,31.01,0,,,,,
869,4/23/2025 6:36,31.06,0,,,,,
870,4/23/2025 6:37,31.06,0,,,,,
871,4/23/2025 6:38,31.01,0,,,,,
872,4/23/2025 6:39,31.06,0,,,,,
873,4/23/2025 6:40,31.06,0,,,,,
874,4/23/2025 6:41,31.06,0,,,,,
875,4/23/2025 6:42,31.06,0,,,,,
876,4/23/2025 6:43,31.01,0,,,,,
877,4/23/2025 6:44,31.01,0,,,,,
878,4/23/2025 6:45,31.1,0,,,,,
879,4/23/2025 6:46,31.01,0,,,,,
880,4/23/2025 6:47,31.06,0,,,,,
881,4/23/2025 6:48,31.01,0,,,,,
882,4/23/2025 6:49,31.01,0,,,,,
883,4/23/2025 6:50,31.06,0,,,,,
884,4/23/2025 6:51,31.06,0,,,,,
885,4/23/2025 6:52,31.06,0,,,,,
886,4/23/2025 6:53,31.01,0,,,,,
887,4/23/2025 6:54,31.06,0,,,,,
888,4/23/2025 6:55,31.01,0,,,,,
889,4/23/2025 6:56,31.01,0,,,,,
890,4/23/2025 6:57,31.06,0,,,,,
891,4/23/2025 6:58,31.01,0,,,,,
892,4/23/2025 6:59,31.01,0,,,,,
893,4/23/2025 7:00,31.06,0,,,,,
894,4/23/2025 7:01,31.06,0,,,,,
895,4/23/2025 7:02,31.06,0,,,,,
896,4/23/2025 7:03,31.06,0,,,,,
897,4/23/2025 7:04,31.06,0,,,,,
898,4/23/2025 7:05,31.01,0,,,,,
899,4/23/2025 7:06,31.01,0,,,,,
900,4/23/2025 7:07,31.06,0,,,,,
901,4/23/2025 7:08,31.06,0,,,,,
902,4/23/2025 7:09,31.06,0,,,,,
903,4/23/2025 7:10,31.1,0,,,,,
904,4/23/2025 7:11,31.1,0,,,,,
905,4/23/2025 7:12,31.06,0,,,,,
906,4/23/2025 7:13,31.06,0,,,,,
907,4/23/2025 7:14,31.1,0,,,,,
908,4/23/2025 7:15,31.01,0,,,,,
909,4/23/2025 7:16,31.01,0,,,,,
910,4/23/2025 7:17,31.01,0,,,,,
911,4/23/2025 7:18,31.01,0,,,,,
912,4/23/2025 7:19,31.01,0,,,,,
913,4/23/2025 7:20,31.06,0,,,,,
914,4/23/2025 7:21,31.06,0,,,,,
915,4/23/2025 7:22,31.06,0,,,,,
916,4/23/2025 7:23,31.06,0,,,,,
917,4/23/2025 7:24,31.01,0,,,,,
918,4/23/2025 7:25,31.06,0,,,,,
919,4/23/2025 7:26,31.06,0,,,,,
920,4/23/2025 7:27,31.01,0,,,,,
921,4/23/2025 7:28,31.1,0,,,,,
922,4/23/2025 7:29,31.06,0,,,,,
923,4/23/2025 7:30,31.06,0,,,,,
924,4/23/2025 7:31,31.06,0,,,,,
925,4/23/2025 7:32,31.06,0,,,,,
926,4/23/2025 7:33,31.1,0,,,,,
927,4/23/2025 7:34,31.1,0,,,,,
928,4/23/2025 7:35,31.1,0,,,,,
929,4/23/2025 7:36,31.1,0,,,,,
930,4/23/2025 7:37,31.06,0,,,,,
931,4/23/2025 7:38,31.06,0,,,,,
932,4/23/2025 7:39,31.06,0,,,,,
933,4/23/2025 7:40,31.06,0,,,,,
934,4/23/2025 7:41,31.1,0,,,,,
935,4/23/2025 7:42,31.1,0,,,,,
936,4/23/2025 7:43,31.01,0,,,,,
937,4/23/2025 7:44,31.06,0,,,,,
938,4/23/2025 7:45,31.1,0,,,,,
939,4/23/2025 7:46,31.06,0,,,,,
940,4/23/2025 7:47,31.1,0,,,,,
941,4/23/2025 7:48,31.06,0,,,,,
942,4/23/2025 7:49,31.1,0,,,,,
943,4/23/2025 7:50,31.1,0,,,,,
944,4/23/2025 7:51,31.1,0,,,,,
945,4/23/2025 7:52,31.06,0,,,,,
946,4/23/2025 7:53,31.06,0,,,,,
947,4/23/2025 7:54,31.1,0,,,,,
948,4/23/2025 7:55,31.06,0,,,,,
949,4/23/2025 7:56,31.01,0,,,,,
950,4/23/2025 7:57,31.01,0,,,,,
951,4/23/2025 7:58,30.97,0,,,,,
952,4/23/2025 7:59,31.01,0,,,,,
953,4/23/2025 8:00,31.06,0,,,,,
954,4/23/2025 8:01,31.01,0,,,,,
955,4/23/2025 8:02,31.01,0,,,,,
956,4/23/2025 8:03,30.97,0,,,,,
957,4/23/2025 8:04,31.01,0,,,,,
958,4/23/2025 8:05,31.06,0,,,,,
959,4/23/2025 8:06,31.01,0,,,,,
960,4/23/2025 8:07,31.01,0,,,,,
961,4/23/2025 8:08,30.97,0,,,,,
962,4/23/2025 8:09,31.01,0,,,,,
963,4/23/2025 8:10,30.93,0,,,,,
964,4/23/2025 8:11,30.97,0,,,,,
965,4/23/2025 8:12,30.93,0,,,,,
966,4/23/2025 8:13,30.93,0,,,,,
967,4/23/2025 8:14,30.97,0,,,,,
968,4/23/2025 8:15,30.93,0,,,,,
969,4/23/2025 8:16,30.89,0,,,,,
970,4/23/2025 8:17,30.89,0,,,,,
971,4/23/2025 8:18,30.93,0,,,,,
972,4/23/2025 8:19,30.89,0,,,,,
973,4/23/2025 8:20,30.84,0,,,,,
974,4/23/2025 8:21,30.89,0,,,,,
975,4/23/2025 8:22,30.89,0,,,,,
976,4/23/2025 8:23,30.84,0,,,,,
977,4/23/2025 8:24,30.84,0,,,,,
978,4/23/2025 8:25,30.89,0,,,,,
979,4/23/2025 8:26,30.84,0,,,,,
980,4/23/2025 8:27,30.84,0,,,,,
981,4/23/2025 8:28,30.89,0,,,,,
982,4/23/2025 8:29,30.84,0,,,,,
983,4/23/2025 8:30,30.84,0,,,,,
984,4/23/2025 8:31,30.84,0,,,,,
985,4/23/2025 8:32,30.84,0,,,,,
986,4/23/2025 8:33,30.84,0,,,,,
987,4/23/2025 8:34,30.84,0,,,,,
988,4/23/2025 8:35,30.8,0,,,,,
989,4/23/2025 8:36,30.8,0,,,,,
990,4/23/2025 8:37,30.8,0,,,,,
991,4/23/2025 8:38,30.76,0,,,,,
992,4/23/2025 8:39,30.8,0,,,,,
993,4/23/2025 8:40,30.8,0,,,,,
994,4/23/2025 8:41,30.8,0,,,,,
995,4/23/2025 8:42,30.71,0,,,,,
996,4/23/2025 8:43,30.8,0,,,,,
997,4/23/2025 8:44,30.76,0,,,,,
998,4/23/2025 8:45,30.76,0,,,,,
999,4/23/2025 8:46,30.76,0,,,,,
1000,4/23/2025 8:47,30.71,0,,,,,
1001,4/23/2025 8:48,30.71,0,,,,,
1002,4/23/2025 8:49,30.76,0,,,,,
1003,4/23/2025 8:50,30.8,0,,,,,
1004,4/23/2025 8:51,30.76,0,,,,,
1005,4/23/2025 8:52,30.71,0,,,,,
1006,4/23/2025 8:53,30.71,0,,,,,
1007,4/23/2025 8:54,30.71,0,,,,,
1008,4/23/2025 8:55,30.76,0,,,,,
1009,4/23/2025 8:56,30.76,0,,,,,
1010,4/23/2025 8:57,30.76,0,,,,,
1011,4/23/2025 8:58,30.76,0,,,,,
1012,4/23/2025 8:59,30.71,0,,,,,
1013,4/23/2025 9:00,30.76,0,,,,,
1014,4/23/2025 9:01,30.71,0,,,,,
1015,4/23/2025 9:02,30.76,0,,,,,
1016,4/23/2025 9:03,30.76,0,,,,,
1017,4/23/2025 9:04,30.71,0,,,,,
1018,4/23/2025 9:05,30.76,0,,,,,
1019,4/23/2025 9:06,30.71,0,,,,,
1020,4/23/2025 9:07,30.71,0,,,,,
1021,4/23/2025 9:08,30.76,0,,,,,
1022,4/23/2025 9:09,30.67,0,,,,,
1023,4/23/2025 9:10,30.71,0,,,,,
1024,4/23/2025 9:11,30.71,0,,,,,
1025,4/23/2025 9:12,30.67,0,,,,,
1026,4/23/2025 9:13,30.71,0,,,,,
1027,4/23/2025 9:14,30.63,0,,,,,
1028,4/23/2025 9:15,30.67,0,,,,,
1029,4/23/2025 9:16,30.71,0,,,,,
1030,4/23/2025 9:17,30.71,0,,,,,
1031,4/23/2025 9:18,30.71,0,,,,,
1032,4/23/2025 9:19,30.67,0,,,,,
1033,4/23/2025 9:20,30.71,0,,,,,
1034,4/23/2025 9:21,30.67,0,,,,,
1035,4/23/2025 9:22,30.67,0,,,,,
1036,4/23/2025 9:23,30.71,0,,,,,
1037,4/23/2025 9:24,30.63,0,,,,,
1038,4/23/2025 9:25,30.71,0,,,,,
1039,4/23/2025 9:26,30.67,0,,,,,
1040,4/23/2025 9:27,30.67,0,,,,,
1041,4/23/2025 9:28,30.63,0,,,,,
1042,4/23/2025 9:29,30.67,0,,,,,
1043,4/23/2025 9:30,30.67,0,,,,,
1044,4/23/2025 9:31,30.63,0,,,,,
1045,4/23/2025 9:32,30.71,0,,,,,
1046,4/23/2025 9:33,30.67,0,,,,,
1047,4/23/2025 9:34,30.71,0,,,,,
1048,4/23/2025 9:35,30.67,0,,,,,
1049,4/23/2025 9:36,30.71,0,,,,,
1050,4/23/2025 9:37,30.63,0,,,,,
1051,4/23/2025 9:38,30.67,0,,,,,
1052,4/23/2025 9:39,30.63,0,,,,,
1053,4/23/2025 9:40,30.67,0,,,,,
1054,4/23/2025 9:41,30.67,0,,,,,
1055,4/23/2025 9:42,30.67,0,,,,,
1056,4/23/2025 9:43,30.67,0,,,,,
1057,4/23/2025 9:44,30.67,0,,,,,
1058,4/23/2025 9:45,30.71,0,,,,,
1059,4/23/2025 9:46,30.67,0,,,,,
1060,4/23/2025 9:47,30.63,0,,,,,
1061,4/23/2025 9:48,30.67,0,,,,,
1062,4/23/2025 9:49,30.67,0,,,,,
1063,4/23/2025 9:50,30.67,0,,,,,
1064,4/23/2025 9:51,30.67,0,,,,,
1065,4/23/2025 9:52,30.71,0,,,,,
1066,4/23/2025 9:53,30.63,0,,,,,
1067,4/23/2025 9:54,30.71,0,,,,,
1068,4/23/2025 9:55,30.63,0,,,,,
1069,4/23/2025 9:56,30.67,0,,,,,
1070,4/23/2025 9:57,30.67,0,,,,,
1071,4/23/2025 9:58,30.71,0,,,,,
1072,4/23/2025 9:59,30.71,0,,,,,
1073,4/23/2025 10:00,30.71,0,,,,,
1074,4/23/2025 10:01,30.67,0,,,,,
1075,4/23/2025 10:02,30.67,0,,,,,
1076,4/23/2025 10:03,30.67,0,,,,,
1077,4/23/2025 10:04,30.71,0,,,,,
1078,4/23/2025 10:05,30.71,0,,,,,
1079,4/23/2025 10:06,30.71,0,,,,,
1080,4/23/2025 10:07,30.71,0,,,,,
1081,4/23/2025 10:08,30.67,0,,,,,
1082,4/23/2025 10:09,30.71,0,,,,,
1083,4/23/2025 10:10,30.67,0,,,,,
1084,4/23/2025 10:11,30.67,0,,,,,
1085,4/23/2025 10:12,30.67,0,,,,,
1086,4/23/2025 10:13,30.63,0,,,,,
1087,4/23/2025 10:14,30.67,0,,,,,
1088,4/23/2025 10:15,30.67,0,,,,,
1089,4/23/2025 10:16,30.67,0,,,,,
1090,4/23/2025 10:17,30.67,0,,,,,
1091,4/23/2025 10:18,30.71,0,,,,,
1092,4/23/2025 10:19,30.67,0,,,,,
1093,4/23/2025 10:20,30.67,0,,,,,
1094,4/23/2025 10:21,30.67,0,,,,,
1095,4/23/2025 10:22,30.63,0,,,,,
1096,4/23/2025 10:23,30.71,0,,,,,
1097,4/23/2025 10:24,30.67,0,,,,,
1098,4/23/2025 10:25,30.71,0,,,,,
1099,4/23/2025 10:26,30.71,0,,,,,
1100,4/23/2025 10:27,30.71,0,,,,,
1101,4/23/2025 10:28,30.67,0,,,,,
1102,4/23/2025 10:29,30.67,0,,,,,
1103,4/23/2025 10:30,30.71,0,,,,,
1104,4/23/2025 10:31,30.67,0,,,,,
1105,4/23/2025 10:32,30.71,0,,,,,
1106,4/23/2025 10:33,30.71,0,,,,,
1107,4/23/2025 10:34,30.71,0,,,,,
1108,4/23/2025 10:35,30.67,0,,,,,
1109,4/23/2025 10:36,30.67,0,,,,,
1110,4/23/2025 10:37,30.67,0,,,,,
1111,4/23/2025 10:38,30.71,0,,,,,
1112,4/23/2025 10:39,30.71,0,,,,,
1113,4/23/2025 10:40,30.67,0,,,,,
1114,4/23/2025 10:41,30.71,0,,,,,
1115,4/23/2025 10:42,30.71,0,,,,,
1116,4/23/2025 10:43,30.71,0,,,,,
1117,4/23/2025 10:44,30.67,0,,,,,
1118,4/23/2025 10:45,30.67,0,,,,,
1119,4/23/2025 10:46,30.71,0,,,,,
1120,4/23/2025 10:47,30.67,0,,,,,
1121,4/23/2025 10:48,30.71,0,,,,,
1122,4/23/2025 10:49,30.67,0,,,,,
1123,4/23/2025 10:50,30.67,0,,,,,
1124,4/23/2025 10:51,30.71,0,,,,,
1125,4/23/2025 10:52,30.71,0,,,,,
1126,4/23/2025 10:53,30.71,0,,,,,
1127,4/23/2025 10:54,30.71,0,,,,,
1128,4/23/2025 10:55,30.71,0,,,,,
1129,4/23/2025 10:56,30.67,0,,,,,
1130,4/23/2025 10:57,30.67,0,,,,,
1131,4/23/2025 10:58,30.67,0,,,,,
1132,4/23/2025 10:59,30.71,0,,,,,
1133,4/23/2025 11:00,30.71,0,,,,,
1134,4/23/2025 11:01,30.67,0,,,,,
1135,4/23/2025 11:02,30.71,0,,,,,
1136,4/23/2025 11:03,30.71,0,,,,,
1137,4/23/2025 11:04,30.67,0,,,,,
1138,4/23/2025 11:05,30.67,0,,,,,
1139,4/23/2025 11:06,30.71,0,,,,,
1140,4/23/2025 11:07,30.71,0,,,,,
1141,4/23/2025 11:08,30.67,0,,,,,
1142,4/23/2025 11:09,30.67,0,,,,,
1143,4/23/2025 11:10,30.71,0,,,,,
1144,4/23/2025 11:11,30.71,0,,,,,
1145,4/23/2025 11:12,30.71,0,,,,,
1146,4/23/2025 11:13,30.67,0,,,,,
1147,4/23/2025 11:14,30.67,0,,,,,
1148,4/23/2025 11:15,30.63,0,,,,,
1149,4/23/2025 11:16,30.67,0,,,,,
1150,4/23/2025 11:17,30.71,0,,,,,
1151,4/23/2025 11:18,30.67,0,,,,,
1152,4/23/2025 11:19,30.67,0,,,,,
1153,4/23/2025 11:20,30.71,0,,,,,
1154,4/23/2025 11:21,30.71,0,,,,,
1155,4/23/2025 11:22,30.67,0,,,,,
1156,4/23/2025 11:23,30.67,0,,,,,
1157,4/23/2025 11:24,30.71,0,,,,,
1158,4/23/2025 11:25,30.63,0,,,,,
1159,4/23/2025 11:26,30.63,0,,,,,
1160,4/23/2025 11:27,30.71,0,,,,,
1161,4/23/2025 11:28,30.67,0,,,,,
1162,4/23/2025 11:29,30.67,0,,,,,
1163,4/23/2025 11:30,30.67,0,,,,,
1164,4/23/2025 11:31,30.63,0,,,,,
1165,4/23/2025 11:32,30.63,0,,,,,
1166,4/23/2025 11:33,30.63,0,,,,,
1167,4/23/2025 11:34,30.67,0,,,,,
1168,4/23/2025 11:35,30.63,0,,,,,
1169,4/23/2025 11:36,30.63,0,,,,,
1170,4/23/2025 11:37,30.59,0,,,,,
1171,4/23/2025 11:38,30.63,0,,,,,
1172,4/23/2025 11:39,30.67,0,,,,,
1173,4/23/2025 11:40,30.63,0,,,,,
1174,4/23/2025 11:41,30.63,0,,,,,
1175,4/23/2025 11:42,30.67,0,,,,,
1176,4/23/2025 11:43,30.67,0,,,,,
1177,4/23/2025 11:44,30.63,0,,,,,
1178,4/23/2025 11:45,30.63,0,,,,,
1179,4/23/2025 11:46,30.63,0,,,,,
1180,4/23/2025 11:47,30.63,0,,,,,
1181,4/23/2025 11:48,30.67,0,,,,,
1182,4/23/2025 11:49,30.63,0,,,,,
1183,4/23/2025 11:50,30.67,0,,,,,
1184,4/23/2025 11:51,30.63,0,,,,,
1185,4/23/2025 11:52,30.67,0,,,,,
1186,4/23/2025 11:53,30.63,0,,,,,
1187,4/23/2025 11:54,30.63,0,,,,,
1188,4/23/2025 11:55,30.59,0,,,,,
1189,4/23/2025 11:56,30.67,0,,,,,
1190,4/23/2025 11:57,30.59,0,,,,,
1191,4/23/2025 11:58,30.63,0,,,,,
1192,4/23/2025 11:59,30.63,0,,,,,
1193,4/23/2025 12:00,30.59,0,,,,,
1194,4/23/2025 12:01,30.63,0,,,,,
1195,4/23/2025 12:02,30.59,0,,,,,
1196,4/23/2025 12:03,30.67,0,,,,,
1197,4/23/2025 12:04,30.63,0,,,,,
1198,4/23/2025 12:05,30.59,0,,,,,
1199,4/23/2025 12:06,30.59,0,,,,,
1200,4/23/2025 12:07,30.63,0,,,,,
1201,4/23/2025 12:08,30.63,0,,,,,
1202,4/23/2025 12:09,30.59,0,,,,,
1203,4/23/2025 12:10,30.59,0,,,,,
1204,4/23/2025 12:11,30.63,0,,,,,
1205,4/23/2025 12:12,30.5,0,,,,,
1206,4/23/2025 12:13,30.59,0,,,,,
1207,4/23/2025 12:14,30.59,0,,,,,
1208,4/23/2025 12:15,30.59,0,,,,,
1209,4/23/2025 12:16,30.54,0,,,,,
1210,4/23/2025 12:17,30.63,0,,,,,
1211,4/23/2025 12:18,30.63,0,,,,,
1212,4/23/2025 12:19,30.54,0,,,,,
1213,4/23/2025 12:20,30.59,0,,,,,
1214,4/23/2025 12:21,30.63,0,,,,,
1215,4/23/2025 12:22,30.59,0,,,,,
1216,4/23/2025 12:23,30.63,0,,,,,
1217,4/23/2025 12:24,30.54,0,,,,,
1218,4/23/2025 12:25,30.59,0,,,,,
1219,4/23/2025 12:26,30.59,0,,,,,
1220,4/23/2025 12:27,30.59,0,,,,,
1221,4/23/2025 12:28,30.59,0,,,,,
1222,4/23/2025 12:29,30.59,0,,,,,
1223,4/23/2025 12:30,30.59,0,,,,,
1224,4/23/2025 12:31,30.63,0,,,,,
1225,4/23/2025 12:32,30.59,0,,,,,
1226,4/23/2025 12:33,30.63,0,,,,,
1227,4/23/2025 12:34,30.54,0,,,,,
1228,4/23/2025 12:35,30.54,0,,,,,
1229,4/23/2025 12:36,30.59,0,,,,,
1230,4/23/2025 12:37,30.59,0,,,,,
1231,4/23/2025 12:38,30.59,0,,,,,
1232,4/23/2025 12:39,30.59,0,,,,,
1233,4/23/2025 12:40,30.59,0,,,,,
1234,4/23/2025 12:41,30.54,0,,,,,
1235,4/23/2025 12:42,30.59,0,,,,,
1236,4/23/2025 12:43,30.54,0,,,,,
1237,4/23/2025 12:44,30.54,0,,,,,
1238,4/23/2025 12:45,30.54,0,,,,,
1239,4/23/2025 12:46,30.54,0,,,,,
1240,4/23/2025 12:47,30.54,0,,,,,
1241,4/23/2025 12:48,30.5,0,,,,,
1242,4/23/2025 12:49,30.54,0,,,,,
1243,4/23/2025 12:50,30.5,0,,,,,
1244,4/23/2025 12:51,30.54,0,,,,,
1245,4/23/2025 12:52,30.54,0,,,,,
1246,4/23/2025 12:53,30.5,0,,,,,
1247,4/23/2025 12:54,30.54,0,,,,,
1248,4/23/2025 12:55,30.54,0,,,,,
1249,4/23/2025 12:56,30.5,0,,,,,
1250,4/23/2025 12:57,30.5,0,,,,,
1251,4/23/2025 12:58,30.5,0,,,,,
1252,4/23/2025 12:59,30.5,0,,,,,
1253,4/23/2025 13:00,30.5,0,,,,,
1254,4/23/2025 13:01,30.54,0,,,,,
1255,4/23/2025 13:02,30.5,0,,,,,
1256,4/23/2025 13:03,30.5,0,,,,,
1257,4/23/2025 13:04,30.54,0,,,,,
1258,4/23/2025 13:05,30.5,0,,,,,
1259,4/23/2025 13:06,30.5,0,,,,,
1260,4/23/2025 13:07,30.5,0,,,,,
1261,4/23/2025 13:08,30.5,0,,,,,
1262,4/23/2025 13:09,30.54,0,,,,,
1263,4/23/2025 13:10,30.5,0,,,,,
1264,4/23/2025 13:11,30.5,0,,,,,
1265,4/23/2025 13:12,30.5,0,,,,,
1266,4/23/2025 13:13,30.5,0,,,,,
1267,4/23/2025 13:14,30.5,0,,,,,
1268,4/23/2025 13:15,30.5,0,,,,,
1269,4/23/2025 13:16,30.54,0,,,,,
1270,4/23/2025 13:17,30.54,0,,,,,
1271,4/23/2025 13:18,30.5,0,,,,,
1272,4/23/2025 13:19,30.5,0,,,,,
1273,4/23/2025 13:20,30.54,0,,,,,
1274,4/23/2025 13:21,30.5,0,,,,,
1275,4/23/2025 13:22,30.5,0,,,,,
1276,4/23/2025 13:23,30.5,0,,,,,
1277,4/23/2025 13:24,30.5,0,,,,,
1278,4/23/2025 13:25,30.5,0,,,,,
1279,4/23/2025 13:26,30.54,0,,,,,
1280,4/23/2025 13:27,30.54,0,,,,,
1281,4/23/2025 13:28,30.5,0,,,,,
1282,4/23/2025 13:29,30.5,0,,,,,
1283,4/23/2025 13:30,30.5,0.2,,,,,
1284,4/23/2025 13:31,30.5,0.2,,,,,
1285,4/23/2025 13:32,30.5,0.41,,,,,
1286,4/23/2025 13:33,30.5,0.62,,,,,
1287,4/23/2025 13:34,30.5,0.83,,,,,
1288,4/23/2025 13:35,30.5,1.24,,,,,
1289,4/23/2025 13:36,30.5,1.45,,,,,
1290,4/23/2025 13:37,30.5,2.28,,,,,
1291,4/23/2025 13:38,30.46,2.7,,,,,
1292,4/23/2025 13:39,30.5,3.95,,,,,
1293,4/23/2025 13:40,30.5,4.99,,,,,
1294,4/23/2025 13:41,30.5,6.45,,,,,
1295,4/23/2025 13:42,30.5,8.11,,,,,
1296,4/23/2025 13:43,30.5,10.4,,,,,
1297,4/23/2025 13:44,30.5,12.92,,,,,
1298,4/23/2025 13:45,30.5,16.46,,,,,
1299,4/23/2025 13:46,30.5,19.4,,,,,
1300,4/23/2025 13:47,30.5,22.75,,,,,
1301,4/23/2025 13:48,30.5,26.5,,,,,
1302,4/23/2025 13:49,30.5,30.06,,,,,
1303,4/23/2025 13:50,30.5,35.42,,,,,
1304,4/23/2025 13:51,30.46,40.83,,,,,
1305,4/23/2025 13:52,30.5,46.7,,,,,
1306,4/23/2025 13:53,30.41,51.34,,,,,
1307,4/23/2025 13:54,30.46,59.24,,,,,
1308,4/23/2025 13:55,30.46,68.04,,,,,
1309,4/23/2025 13:56,30.46,77.24,,,,,
1310,4/23/2025 13:57,30.5,84.48,,,,,
1311,4/23/2025 13:58,30.5,91.96,,,,,
1312,4/23/2025 13:59,30.5,101.96,,,,,
1313,4/23/2025 14:00,30.46,111.2,,,,,
1314,4/23/2025 14:01,30.5,122.04,,,,,
1315,4/23/2025 14:02,30.5,130.44,,,,,
1316,4/23/2025 14:03,30.5,141.28,,,,,
1317,4/23/2025 14:04,30.46,150.52,,,,,
1318,4/23/2025 14:05,30.5,161.36,,,,,
1319,4/23/2025 14:06,30.46,171.44,,,,,
1320,4/23/2025 14:07,30.5,183.04,,,,,
1321,4/23/2025 14:08,30.5,193.28,,,,,
1322,4/23/2025 14:09,30.5,204.96,,,,,
1323,4/23/2025 14:10,30.5,217.44,,,,,
1324,4/23/2025 14:11,30.5,227.36,,,,,
1325,4/23/2025 14:12,30.46,238.4,,,,,
1326,4/23/2025 14:13,30.5,250.08,,,,,
1327,4/23/2025 14:14,30.5,260.08,,,,,
1328,4/23/2025 14:15,30.5,271.92,,,,,
1329,4/23/2025 14:16,30.46,284.4,,,,,
1330,4/23/2025 14:17,30.54,294.4,,,,,
1331,4/23/2025 14:18,30.5,303.52,,,,,
1332,4/23/2025 14:19,30.46,313.76,,,,,
1333,4/23/2025 14:20,30.5,327.84,,,,,
1334,4/23/2025 14:21,30.46,338.72,,,,,
1335,4/23/2025 14:22,30.46,351.2,,,,,
1336,4/23/2025 14:23,30.5,365.6,,,,,
1337,4/23/2025 14:24,30.46,376.32,,,,,
1338,4/23/2025 14:25,30.46,386.08,,,,,
1339,4/23/2025 14:26,30.5,394.08,,,,,
1340,4/23/2025 14:27,30.46,406.56,,,,,
1341,4/23/2025 14:28,30.41,413.12,,,,,
1342,4/23/2025 14:29,30.5,435.84,,,,,
1343,4/23/2025 14:30,30.5,441.76,,,,,
1344,4/23/2025 14:31,30.5,461.6,,,,,
1345,4/23/2025 14:32,30.46,488.48,,,,,
1346,4/23/2025 14:33,30.5,520.96,,,,,
1347,4/23/2025 14:34,30.5,559.68,,,,,
1348,4/23/2025 14:35,30.5,572.16,,,,,
1349,4/23/2025 14:36,30.54,588,,,,,
1350,4/23/2025 14:37,30.46,587.2,,,,,
1351,4/23/2025 14:38,30.54,615.04,,,,,
1352,4/23/2025 14:39,30.5,536,,,,,
1353,4/23/2025 14:40,30.54,513.44,,,,,
1354,4/23/2025 14:41,30.5,562.24,,,,,
1355,4/23/2025 14:42,30.5,633.28,,,,,
1356,4/23/2025 14:43,30.5,649.12,,,,,
1357,4/23/2025 14:44,30.5,671.68,,,,,
1358,4/23/2025 14:45,30.5,714.56,,,,,
1359,4/23/2025 14:46,30.54,745.92,,,,,
1360,4/23/2025 14:47,30.54,818.88,,,,,
1361,4/23/2025 14:48,30.5,903.68,,,,,
1362,4/23/2025 14:49,30.5,733.44,,,,,
1363,4/23/2025 14:50,30.46,681.6,,,,,
1364,4/23/2025 14:51,30.5,675.84,,,,,
1365,4/23/2025 14:52,30.5,674.88,,,,,
1366,4/23/2025 14:53,30.5,692.48,,,,,
1367,4/23/2025 14:54,30.5,695.68,,,,,
1368,4/23/2025 14:55,30.46,705.92,,,,,
1369,4/23/2025 14:56,30.5,676.48,,,,,
1370,4/23/2025 14:57,30.5,720.32,,,,,
1371,4/23/2025 14:58,30.59,717.76,,,,,
1372,4/23/2025 14:59,30.5,685.76,,,,,
1373,4/23/2025 15:00,30.54,632.96,,,,,
1374,4/23/2025 15:01,30.5,624.64,,,,,
1375,4/23/2025 15:02,30.5,633.76,,,,,
1376,4/23/2025 15:03,30.5,632,,,,,
1377,4/23/2025 15:04,30.54,622.08,,,,,
1378,4/23/2025 15:05,30.5,617.92,,,,,
1379,4/23/2025 15:06,30.5,615.36,,,,,
1380,4/23/2025 15:07,30.5,611.2,,,,,
1381,4/23/2025 15:08,30.5,608,,,,,
1382,4/23/2025 15:09,30.5,604.64,,,,,
1383,4/23/2025 15:10,30.5,605.44,,,,,
1384,4/23/2025 15:11,30.5,612.96,,,,,
1385,4/23/2025 15:12,30.54,617.12,,,,,
1386,4/23/2025 15:13,30.5,612.16,,,,,
1387,4/23/2025 15:14,30.5,611.2,,,,,
1388,4/23/2025 15:15,30.54,603.84,,,,,
1389,4/23/2025 15:16,30.5,596.32,,,,,
1390,4/23/2025 15:17,30.5,589.6,,,,,
1391,4/23/2025 15:18,30.5,572.16,,,,,
1392,4/23/2025 15:19,30.54,531.84,,,,,
1393,4/23/2025 15:20,30.5,493.44,,,,,
1394,4/23/2025 15:21,30.46,446.72,,,,,
1395,4/23/2025 15:22,30.5,416.48,,,,,
1396,4/23/2025 15:23,30.5,378.08,,,,,
1397,4/23/2025 15:24,30.5,328.64,,,,,
1398,4/23/2025 15:25,30.54,381.28,,,,,
1399,4/23/2025 15:26,30.54,510.08,,,,,
1400,4/23/2025 15:27,30.5,635.84,,,,,
1401,4/23/2025 15:28,30.5,766.08,,,,,
1402,4/23/2025 15:29,30.54,857.28,,,,,
1403,4/23/2025 15:30,30.46,987.84,,,,,
1404,4/23/2025 15:31,30.54,1121.92,,,,,
1405,4/23/2025 15:32,30.54,1274.88,,,,,
1406,4/23/2025 15:33,30.54,1464.32,,,,,
1407,4/23/2025 15:34,30.54,1612.16,,,,,
1408,4/23/2025 15:35,30.54,1667.84,,,,,
1409,4/23/2025 15:36,30.5,1739.52,,,,,
1410,4/23/2025 15:37,30.59,1843.84,,,,,
1411,4/23/2025 15:38,30.54,2014.08,,,,,
1412,4/23/2025 15:39,30.59,2123.52,,,,,
1413,4/23/2025 15:40,30.54,2227.2,,,,,
1414,4/23/2025 15:41,30.59,2140.16,,,,,
1415,4/23/2025 15:42,30.59,1953.92,,,,,
1416,4/23/2025 15:43,30.59,1852.16,,,,,
1417,4/23/2025 15:44,30.59,1810.56,,,,,
1418,4/23/2025 15:45,30.54,1712.64,,,,,
1419,4/23/2025 15:46,30.59,1660.16,,,,,
1420,4/23/2025 15:47,30.59,1555.84,,,,,
1421,4/23/2025 15:48,30.54,1424,,,,,
1422,4/23/2025 15:49,30.54,1300.8,,,,,
1423,4/23/2025 15:50,30.63,1168.32,,,,,
1424,4/23/2025 15:51,30.59,1086.72,,,,,
1425,4/23/2025 15:52,30.59,1064.32,,,,,
1426,4/23/2025 15:53,30.59,1075.2,,,,,
1427,4/23/2025 15:54,30.59,1161.92,,,,,
1428,4/23/2025 15:55,30.54,1282.56,,,,,
1429,4/23/2025 15:56,30.59,1329.92,,,,,
1430,4/23/2025 15:57,30.54,1440.64,,,,,
1431,4/23/2025 15:58,30.54,1324.16,,,,,
1432,4/23/2025 15:59,30.59,1188.48,,,,,
1433,4/23/2025 16:00,30.59,1199.36,,,,,
1434,4/23/2025 16:01,30.54,1352.32,,,,,
1435,4/23/2025 16:02,30.54,1454.72,,,,,
1436,4/23/2025 16:03,30.54,1502.08,,,,,
1437,4/23/2025 16:04,30.54,1483.52,,,,,
1438,4/23/2025 16:05,30.59,1463.04,,,,,
1439,4/23/2025 16:06,30.59,1411.84,,,,,
1440,4/23/2025 16:07,30.54,1279.04,,,,,
1441,4/23/2025 16:08,30.54,1203.52,,,,,
1442,4/23/2025 16:09,30.59,1214.08,,,,,
1443,4/23/2025 16:10,30.54,1262.4,,,,,
1444,4/23/2025 16:11,30.59,1335.68,,,,,
1445,4/23/2025 16:12,30.59,1445.76,,,,,
1446,4/23/2025 16:13,30.59,1571.84,,,,,
1447,4/23/2025 16:14,30.63,1672.96,,,,,
1448,4/23/2025 16:15,30.63,1754.24,,,,,
1449,4/23/2025 16:16,30.63,1807.36,,,,,
1450,4/23/2025 16:17,30.63,1785.6,,,,,
1451,4/23/2025 16:18,30.63,1815.68,,,,,
1452,4/23/2025 16:19,30.63,1880.96,,,,,
1453,4/23/2025 16:20,30.63,1972.48,,,,,
1454,4/23/2025 16:21,30.67,2008.96,,,,,
1455,4/23/2025 16:22,30.63,1930.88,,,,,
1456,4/23/2025 16:23,30.67,1900.8,,,,,
1457,4/23/2025 16:24,30.67,1915.52,,,,,
1458,4/23/2025 16:25,30.67,1989.12,,,,,
1459,4/23/2025 16:26,30.67,2005.76,,,,,
1460,4/23/2025 16:27,30.71,2210.56,,,,,
1461,4/23/2025 16:28,30.67,2325.12,,,,,
1462,4/23/2025 16:29,30.67,2125.44,,,,,
1463,4/23/2025 16:30,30.67,2190.08,,,,,
1464,4/23/2025 16:31,30.71,2257.28,,,,,
1465,4/23/2025 16:32,30.71,2263.68,,,,,
1466,4/23/2025 16:33,30.71,2396.8,,,,,
1467,4/23/2025 16:34,30.71,2388.48,,,,,
1468,4/23/2025 16:35,30.71,2373.76,,,,,
1469,4/23/2025 16:36,30.76,2340.48,,,,,
1470,4/23/2025 16:37,30.71,2328.32,,,,,
1471,4/23/2025 16:38,30.71,2291.84,,,,,
1472,4/23/2025 16:39,30.71,2283.52,,,,,
1473,4/23/2025 16:40,30.76,2282.24,,,,,
1474,4/23/2025 16:41,30.76,2247.04,,,,,
1475,4/23/2025 16:42,30.71,2197.12,,,,,
1476,4/23/2025 16:43,30.76,2140.16,,,,,
1477,4/23/2025 16:44,30.8,2123.52,,,,,
1478,4/23/2025 16:45,30.76,2105.6,,,,,
1479,4/23/2025 16:46,30.76,2128.64,,,,,
1480,4/23/2025 16:47,30.76,2144,,,,,
1481,4/23/2025 16:48,30.76,2087.04,,,,,
1482,4/23/2025 16:49,30.76,2097.28,,,,,
1483,4/23/2025 16:50,30.8,2045.44,,,,,
1484,4/23/2025 16:51,30.8,2140.16,,,,,
1485,4/23/2025 16:52,30.84,2090.24,,,,,
1486,4/23/2025 16:53,30.76,2045.44,,,,,
1487,4/23/2025 16:54,30.8,2155.52,,,,,
1488,4/23/2025 16:55,30.8,2002.56,,,,,
1489,4/23/2025 16:56,30.8,2186.88,,,,,
1490,4/23/2025 16:57,30.8,2263.68,,,,,
1491,4/23/2025 16:58,30.8,2255.36,,,,,
1492,4/23/2025 16:59,30.84,1809.28,,,,,
1493,4/23/2025 17:00,30.8,2506.88,,,,,
1494,4/23/2025 17:01,30.84,3043.84,,,,,
1495,4/23/2025 17:02,30.84,2288.64,,,,,
1496,4/23/2025 17:03,30.89,2373.76,,,,,
1497,4/23/2025 17:04,30.84,2344.96,,,,,
1498,4/23/2025 17:05,30.89,2346.88,,,,,
1499,4/23/2025 17:06,30.84,2355.2,,,,,
1500,4/23/2025 17:07,30.89,2391.68,,,,,
1501,4/23/2025 17:08,30.89,2020.48,,,,,
1502,4/23/2025 17:09,30.84,2012.16,,,,,
1503,4/23/2025 17:10,30.84,1905.92,,,,,
1504,4/23/2025 17:11,30.84,1962.24,,,,,
1505,4/23/2025 17:12,30.84,1824,,,,,
1506,4/23/2025 17:13,30.84,1868.8,,,,,
1507,4/23/2025 17:14,30.84,1950.72,,,,,
1508,4/23/2025 17:15,30.89,1970.56,,,,,
1509,4/23/2025 17:16,30.89,2283.52,,,,,
1510,4/23/2025 17:17,30.89,2878.72,,,,,
1511,4/23/2025 17:18,30.93,3283.2,,,,,
1512,4/23/2025 17:19,30.97,3205.12,,,,,
1513,4/23/2025 17:20,30.89,3075.84,,,,,
1514,4/23/2025 17:21,30.93,3219.2,,,,,
1515,4/23/2025 17:22,30.93,3498.24,,,,,
1516,4/23/2025 17:23,30.97,3155.2,,,,,
1517,4/23/2025 17:24,30.97,2621.44,,,,,
1518,4/23/2025 17:25,30.89,2270.08,,,,,
1519,4/23/2025 17:26,30.93,2426.88,,,,,
1520,4/23/2025 17:27,30.93,2529.92,,,,,
1521,4/23/2025 17:28,30.89,2198.4,,,,,
1522,4/23/2025 17:29,30.97,2030.72,,,,,
1523,4/23/2025 17:30,30.93,1787.52,,,,,
1524,4/23/2025 17:31,30.93,2122.24,,,,,
1525,4/23/2025 17:32,30.89,2170.24,,,,,
1526,4/23/2025 17:33,30.93,2265.6,,,,,
1527,4/23/2025 17:34,30.93,2366.72,,,,,
1528,4/23/2025 17:35,30.97,2481.92,,,,,
1529,4/23/2025 17:36,30.97,1847.68,,,,,
1530,4/23/2025 17:37,30.97,2418.56,,,,,
1531,4/23/2025 17:38,30.93,2185.6,,,,,
1532,4/23/2025 17:39,30.93,1454.08,,,,,
1533,4/23/2025 17:40,30.89,1336.32,,,,,
1534,4/23/2025 17:41,30.89,1300.8,,,,,
1535,4/23/2025 17:42,30.97,1290.88,,,,,
1536,4/23/2025 17:43,30.97,1399.04,,,,,
1537,4/23/2025 17:44,30.97,1413.12,,,,,
1538,4/23/2025 17:45,30.97,1555.2,,,,,
1539,4/23/2025 17:46,30.93,1419.52,,,,,
1540,4/23/2025 17:47,30.97,1562.88,,,,,
1541,4/23/2025 17:48,30.97,1599.36,,,,,
1542,4/23/2025 17:49,30.97,1663.36,,,,,
1543,4/23/2025 17:50,30.97,1865.6,,,,,
1544,4/23/2025 17:51,30.93,2023.68,,,,,
1545,4/23/2025 17:52,30.97,1973.76,,,,,
1546,4/23/2025 17:53,30.93,1930.88,,,,,
1547,4/23/2025 17:54,30.97,1907.2,,,,,
1548,4/23/2025 17:55,30.97,1937.28,,,,,
1549,4/23/2025 17:56,30.97,2380.16,,,,,
1550,4/23/2025 17:57,30.97,2945.28,,,,,
1551,4/23/2025 17:58,31.06,2995.2,,,,,
1552,4/23/2025 17:59,31.01,3787.52,,,,,
1553,4/23/2025 18:00,31.1,3624.96,,,,,
1554,4/23/2025 18:01,31.06,4147.2,,,,,
1555,4/23/2025 18:02,31.06,2988.8,,,,,
1556,4/23/2025 18:03,31.1,3502.08,,,,,
1557,4/23/2025 18:04,31.1,4107.52,,,,,
1558,4/23/2025 18:05,31.1,3247.36,,,,,
1559,4/23/2025 18:06,31.14,3243.52,,,,,
1560,4/23/2025 18:07,31.01,3198.72,,,,,
1561,4/23/2025 18:08,31.1,3095.04,,,,,
1562,4/23/2025 18:09,31.06,2950.4,,,,,
1563,4/23/2025 18:10,31.06,2982.4,,,,,
1564,4/23/2025 18:11,31.1,3010.56,,,,,
1565,4/23/2025 18:12,31.1,2972.16,,,,,
1566,4/23/2025 18:13,31.1,2419.84,,,,,
1567,4/23/2025 18:14,31.1,2015.36,,,,,
1568,4/23/2025 18:15,31.06,2704.64,,,,,
1569,4/23/2025 18:16,31.1,2554.88,,,,,
1570,4/23/2025 18:17,31.1,2435.2,,,,,
1571,4/23/2025 18:18,31.1,2382.08,,,,,
1572,4/23/2025 18:19,31.06,2313.6,,,,,
1573,4/23/2025 18:20,31.1,2250.24,,,,,
1574,4/23/2025 18:21,31.1,2206.72,,,,,
1575,4/23/2025 18:22,31.06,2205.44,,,,,
1576,4/23/2025 18:23,31.1,2202.24,,,,,
1577,4/23/2025 18:24,31.06,2248.96,,,,,
1578,4/23/2025 18:25,31.1,2424.96,,,,,
1579,4/23/2025 18:26,31.1,2426.88,,,,,
1580,4/23/2025 18:27,31.14,2352,,,,,
1581,4/23/2025 18:28,31.1,2541.44,,,,,
1582,4/23/2025 18:29,31.14,2755.84,,,,,
1583,4/23/2025 18:30,31.14,2915.84,,,,,
1584,4/23/2025 18:31,31.1,2895.36,,,,,
1585,4/23/2025 18:32,31.1,2744.32,,,,,
1586,4/23/2025 18:33,31.14,2531.84,,,,,
1587,4/23/2025 18:34,31.14,2352,,,,,
1588,4/23/2025 18:35,31.14,2375.04,,,,,
1589,4/23/2025 18:36,31.14,2358.4,,,,,
1590,4/23/2025 18:37,31.1,2410.24,,,,,
1591,4/23/2025 18:38,31.14,2410.24,,,,,
1592,4/23/2025 18:39,31.1,2504.96,,,,,
1593,4/23/2025 18:40,31.19,2705.92,,,,,
1594,4/23/2025 18:41,31.19,2709.76,,,,,
1595,4/23/2025 18:42,31.14,2654.72,,,,,
1596,4/23/2025 18:43,31.14,2744.32,,,,,
1597,4/23/2025 18:44,31.14,2682.88,,,,,
1598,4/23/2025 18:45,31.14,2636.8,,,,,
1599,4/23/2025 18:46,31.19,2673.92,,,,,
1600,4/23/2025 18:47,31.19,2755.84,,,,,
1601,4/23/2025 18:48,31.19,2974.72,,,,,
1602,4/23/2025 18:49,31.19,3188.48,,,,,
1603,4/23/2025 18:50,31.23,3183.36,,,,,
1604,4/23/2025 18:51,31.23,3098.88,,,,,
1605,4/23/2025 18:52,31.19,3048.96,,,,,
1606,4/23/2025 18:53,31.23,3150.08,,,,,
1607,4/23/2025 18:54,31.19,3333.12,,,,,
1608,4/23/2025 18:55,31.23,3448.32,,,,,
1609,4/23/2025 18:56,31.23,3441.92,,,,,
1610,4/23/2025 18:57,31.27,3521.28,,,,,
1611,4/23/2025 18:58,31.23,3491.84,,,,,
1612,4/23/2025 18:59,31.23,3662.08,,,,,
1613,4/23/2025 19:00,31.23,3724.8,,,,,
1614,4/23/2025 19:01,31.27,3664.64,,,,,
1615,4/23/2025 19:02,31.23,3754.24,,,,,
1616,4/23/2025 19:03,31.27,3884.8,,,,,
1617,4/23/2025 19:04,31.27,3971.84,,,,,
1618,4/23/2025 19:05,31.27,4021.76,,,,,
1619,4/23/2025 19:06,31.27,4177.92,,,,,
1620,4/23/2025 19:07,31.31,4200.96,,,,,
1621,4/23/2025 19:08,31.31,4257.28,,,,,
1622,4/23/2025 19:09,31.31,4384,,,,,
1623,4/23/2025 19:10,31.31,4737.28,,,,,
1624,4/23/2025 19:11,31.36,4764.16,,,,,
1625,4/23/2025 19:12,31.31,4627.2,,,,,
1626,4/23/2025 19:13,31.31,4494.08,,,,,
1627,4/23/2025 19:14,31.31,2848,,,,,
1628,4/23/2025 19:15,31.36,4673.28,,,,,
1629,4/23/2025 19:16,31.4,4380.16,,,,,
1630,4/23/2025 19:17,31.36,4953.6,,,,,
1631,4/23/2025 19:18,31.4,5126.4,,,,,
1632,4/23/2025 19:19,31.36,5030.4,,,,,
1633,4/23/2025 19:20,31.36,5207.04,,,,,
1634,4/23/2025 19:21,31.4,5585.92,,,,,
1635,4/23/2025 19:22,31.4,5601.28,,,,,
1636,4/23/2025 19:23,31.44,5255.68,,,,,
1637,4/23/2025 19:24,31.44,5698.56,,,,,
1638,4/23/2025 19:25,31.4,5831.68,,,,,
1639,4/23/2025 19:26,31.4,5987.84,,,,,
1640,4/23/2025 19:27,31.4,4267.52,,,,,
1641,4/23/2025 19:28,31.44,6458.88,,,,,
1642,4/23/2025 19:29,31.53,6282.24,,,,,
1643,4/23/2025 19:30,31.44,6215.68,,,,,
1644,4/23/2025 19:31,31.44,6297.6,,,,,
1645,4/23/2025 19:32,31.44,6333.44,,,,,
1646,4/23/2025 19:33,31.53,6533.12,,,,,
1647,4/23/2025 19:34,31.49,6671.36,,,,,
1648,4/23/2025 19:35,31.49,6699.52,,,,,
1649,4/23/2025 19:36,31.49,6737.92,,,,,
1650,4/23/2025 19:37,31.4,2386.56,,,,,
1651,4/23/2025 19:38,31.44,6952.96,,,,,
1652,4/23/2025 19:39,31.44,6914.56,,,,,
1653,4/23/2025 19:40,31.53,5998.08,,,,,
1654,4/23/2025 19:41,31.53,7324.16,,,,,
1655,4/23/2025 19:42,31.57,7549.44,,,,,
1656,4/23/2025 19:43,31.57,8015.36,,,,,
1657,4/23/2025 19:44,31.53,8614.4,,,,,
1658,4/23/2025 19:45,31.61,8880.64,,,,,
1659,4/23/2025 19:46,31.61,9146.88,,,,,
1660,4/23/2025 19:47,31.61,9612.8,,,,,
1661,4/23/2025 19:48,31.66,7761.92,,,,,
1662,4/23/2025 19:49,31.61,9920,,,,,
1663,4/23/2025 19:50,31.61,10839.04,,,,,
1664,4/23/2025 19:51,31.61,10472.96,,,,,
1665,4/23/2025 19:52,31.66,10624,,,,,
1666,4/23/2025 19:53,31.7,11064.32,,,,,
1667,4/23/2025 19:54,31.61,4024.32,,,,,
1668,4/23/2025 19:55,31.61,11663.36,,,,,
1669,4/23/2025 19:56,31.7,11934.72,,,,,
1670,4/23/2025 19:57,31.74,12784.64,,,,,
1671,4/23/2025 19:58,31.74,12887.04,,,,,
1672,4/23/2025 19:59,31.74,12569.6,,,,,
1673,4/23/2025 20:00,31.79,12375.04,,,,,
1674,4/23/2025 20:01,31.83,12390.4,,,,,
1675,4/23/2025 20:02,31.74,12416,,,,,
1676,4/23/2025 20:03,31.83,12508.16,,,,,
1677,4/23/2025 20:04,31.74,12528.64,,,,,
1678,4/23/2025 20:05,31.74,8148.48,,,,,
1679,4/23/2025 20:06,31.74,12390.4,,,,,
1680,4/23/2025 20:07,31.79,12876.8,,,,,
1681,4/23/2025 20:08,31.79,13199.36,,,,,
1682,4/23/2025 20:09,31.83,13050.88,,,,,
1683,4/23/2025 20:10,31.83,13276.16,,,,,
1684,4/23/2025 20:11,31.83,13747.2,,,,,
1685,4/23/2025 20:12,31.74,8048.64,,,,,
1686,4/23/2025 20:13,31.83,13547.52,,,,,
1687,4/23/2025 20:14,31.83,13306.88,,,,,
1688,4/23/2025 20:15,31.87,13450.24,,,,,
1689,4/23/2025 20:16,31.87,13506.56,,,,,
1690,4/23/2025 20:17,31.87,13568,,,,,
1691,4/23/2025 20:18,31.87,13675.52,,,,,
1692,4/23/2025 20:19,31.92,13849.6,,,,,
1693,4/23/2025 20:20,31.92,13972.48,,,,,
1694,4/23/2025 20:21,31.96,13905.92,,,,,
1695,4/23/2025 20:22,31.87,13706.24,,,,,
1696,4/23/2025 20:23,31.92,13721.6,,,,,
1697,4/23/2025 20:24,31.96,14085.12,,,,,
1698,4/23/2025 20:25,31.87,13480.96,,,,,
1699,4/23/2025 20:26,31.96,14008.32,,,,,
1700,4/23/2025 20:27,31.92,13875.2,,,,,
1701,4/23/2025 20:28,31.92,13900.8,,,,,
1702,4/23/2025 20:29,32,14018.56,,,,,
1703,4/23/2025 20:30,32,14259.2,,,,,
1704,4/23/2025 20:31,31.96,14315.52,,,,,
1705,4/23/2025 20:32,32.04,11023.36,,,,,
1706,4/23/2025 20:33,31.87,6154.24,,,,,
1707,4/23/2025 20:34,31.92,14627.84,,,,,
1708,4/23/2025 20:35,32,14781.44,,,,,
1709,4/23/2025 20:36,32,14668.8,,,,,
1710,4/23/2025 20:37,31.96,14904.32,,,,,
1711,4/23/2025 20:38,31.96,15436.8,,,,,
1712,4/23/2025 20:39,32,15687.68,,,,,
1713,4/23/2025 20:40,32,16117.76,,,,,
1714,4/23/2025 20:41,32.04,9945.6,,,,,
1715,4/23/2025 20:42,31.96,17402.88,,,,,
1716,4/23/2025 20:43,32.04,11489.28,,,,,
1717,4/23/2025 20:44,32.04,17761.28,,,,,
1718,4/23/2025 20:45,32.04,17274.88,,,,,
1719,4/23/2025 20:46,32.04,17018.88,,,,,
1720,4/23/2025 20:47,32.04,17064.96,,,,,
1721,4/23/2025 20:48,32.09,17244.16,,,,,
1722,4/23/2025 20:49,32.04,16957.44,,,,,
1723,4/23/2025 20:50,32.13,16962.56,,,,,
1724,4/23/2025 20:51,32.04,16942.08,,,,,
1725,4/23/2025 20:52,32.04,17141.76,,,,,
1726,4/23/2025 20:53,32.09,17162.24,,,,,
1727,4/23/2025 20:54,32.09,17141.76,,,,,
1728,4/23/2025 20:55,32.09,17710.08,,,,,
1729,4/23/2025 20:56,32.13,17950.72,,,,,
1730,4/23/2025 20:57,32.09,17914.88,,,,,
1731,4/23/2025 20:58,32.13,18380.8,,,,,
1732,4/23/2025 20:59,32.17,18923.52,,,,,
1733,4/23/2025 21:00,32.17,19686.4,,,,,
1734,4/23/2025 21:01,32.17,20730.88,,,,,
1735,4/23/2025 21:02,32.22,21104.64,,,,,
1736,4/23/2025 21:03,32.17,21135.36,,,,,
1737,4/23/2025 21:04,32.22,21432.32,,,,,
1738,4/23/2025 21:05,32.22,20710.4,,,,,
1739,4/23/2025 21:06,32.17,20485.12,,,,,
1740,4/23/2025 21:07,32.22,20787.2,,,,,
1741,4/23/2025 21:08,32.22,20894.72,,,,,
1742,4/23/2025 21:09,32.22,22128.64,,,,,
1743,4/23/2025 21:10,32.26,22650.88,,,,,
1744,4/23/2025 21:11,32.26,22312.96,,,,,
1745,4/23/2025 21:12,32.26,21800.96,,,,,
1746,4/23/2025 21:13,32.22,21432.32,,,,,
1747,4/23/2025 21:14,32.22,20945.92,,,,,
1748,4/23/2025 21:15,32.26,20766.72,,,,,
1749,4/23/2025 21:16,32.22,20474.88,,,,,
1750,4/23/2025 21:17,32.22,20572.16,,,,,
1751,4/23/2025 21:18,32.26,19420.16,,,,,
1752,4/23/2025 21:19,32.17,18283.52,,,,,
1753,4/23/2025 21:20,32.22,16066.56,,,,,
1754,4/23/2025 21:21,32.13,16890.88,,,,,
1755,4/23/2025 21:22,32.09,15723.52,,,,,
1756,4/23/2025 21:23,32.13,14699.52,,,,,
1757,4/23/2025 21:24,32.09,13532.16,,,,,
1758,4/23/2025 21:25,32,13260.8,,,,,
1759,4/23/2025 21:26,32,13501.44,,,,,
1760,4/23/2025 21:27,32,13240.32,,,,,
1761,4/23/2025 21:28,31.96,12917.76,,,,,
1762,4/23/2025 21:29,31.96,12569.6,,,,,
1763,4/23/2025 21:30,32,11980.8,,,,,
1764,4/23/2025 21:31,31.92,11356.16,,,,,
1765,4/23/2025 21:32,31.96,10997.76,,,,,
1766,4/23/2025 21:33,31.96,10629.12,,,,,
1767,4/23/2025 21:34,31.92,10659.84,,,,,
1768,4/23/2025 21:35,31.87,10859.52,,,,,
1769,4/23/2025 21:36,31.92,11161.6,,,,,
1770,4/23/2025 21:37,31.87,11361.28,,,,,
1771,4/23/2025 21:38,31.92,10664.96,,,,,
1772,4/23/2025 21:39,31.92,10265.6,,,,,
1773,4/23/2025 21:40,31.87,9986.56,,,,,
1774,4/23/2025 21:41,31.87,9694.72,,,,,
1775,4/23/2025 21:42,31.87,9628.16,,,,,
1776,4/23/2025 21:43,31.87,9512.96,,,,,
1777,4/23/2025 21:44,31.87,9134.08,,,,,
1778,4/23/2025 21:45,31.87,8880.64,,,,,
1779,4/23/2025 21:46,31.83,8522.24,,,,,
1780,4/23/2025 21:47,31.79,8368.64,,,,,
1781,4/23/2025 21:48,31.83,8289.28,,,,,
1782,4/23/2025 21:49,31.79,8148.48,,,,,
1783,4/23/2025 21:50,31.83,7810.56,,,,,
1784,4/23/2025 21:51,31.87,7503.36,,,,,
1785,4/23/2025 21:52,31.74,7416.32,,,,,
1786,4/23/2025 21:53,31.87,7157.76,,,,,
1787,4/23/2025 21:54,31.83,6960.64,,,,,
1788,4/23/2025 21:55,31.79,6863.36,,,,,
1789,4/23/2025 21:56,31.74,6771.2,,,,,
1790,4/23/2025 21:57,31.74,6609.92,,,,,
1791,4/23/2025 21:58,31.79,6438.4,,,,,
1792,4/23/2025 21:59,31.74,6305.28,,,,,
1793,4/23/2025 22:00,31.74,6128.64,,,,,
1794,4/23/2025 22:01,31.7,5941.76,,,,,
1795,4/23/2025 22:02,31.66,5731.84,,,,,
1796,4/23/2025 22:03,31.7,5565.44,,,,,
1797,4/23/2025 22:04,31.66,5422.08,,,,,
1798,4/23/2025 22:05,31.7,5386.24,,,,,
1799,4/23/2025 22:06,31.7,5355.52,,,,,
1800,4/23/2025 22:07,31.74,5199.36,,,,,
1801,4/23/2025 22:08,31.74,4976.64,,,,,
1802,4/23/2025 22:09,31.7,4860.16,,,,,
1803,4/23/2025 22:10,31.7,4737.28,,,,,
1804,4/23/2025 22:11,31.7,4620.8,,,,,
1805,4/23/2025 22:12,31.66,4540.16,,,,,
1806,4/23/2025 22:13,31.66,4487.68,,,,,
1807,4/23/2025 22:14,31.7,4371.2,,,,,
1808,4/23/2025 22:15,31.66,4384,,,,,
1809,4/23/2025 22:16,31.74,4396.8,,,,,
1810,4/23/2025 22:17,31.66,4396.8,,,,,
1811,4/23/2025 22:18,31.66,4354.56,,,,,
1812,4/23/2025 22:19,31.7,4321.28,,,,,
1813,4/23/2025 22:20,31.66,4267.52,,,,,
1814,4/23/2025 22:21,31.66,4227.84,,,,,
1815,4/23/2025 22:22,31.66,4221.44,,,,,
1816,4/23/2025 22:23,31.61,4177.92,,,,,
1817,4/23/2025 22:24,31.61,4124.16,,,,,
1818,4/23/2025 22:25,31.61,4101.12,,,,,
1819,4/23/2025 22:26,31.66,4055.04,,,,,
1820,4/23/2025 22:27,31.66,4038.4,,,,,
1821,4/23/2025 22:28,31.66,3968,,,,,
1822,4/23/2025 22:29,31.61,3880.96,,,,,
1823,4/23/2025 22:30,31.61,3811.84,,,,,
1824,4/23/2025 22:31,31.66,3720.96,,,,,
1825,4/23/2025 22:32,31.66,3635.2,,,,,
1826,4/23/2025 22:33,31.61,3575.04,,,,,
1827,4/23/2025 22:34,31.66,3545.6,,,,,
1828,4/23/2025 22:35,31.66,3562.24,,,,,
1829,4/23/2025 22:36,31.61,3581.44,,,,,
1830,4/23/2025 22:37,31.61,3614.72,,,,,
1831,4/23/2025 22:38,31.61,3558.4,,,,,
1832,4/23/2025 22:39,31.61,3512.32,,,,,
1833,4/23/2025 22:40,31.61,3418.88,,,,,
1834,4/23/2025 22:41,31.61,3392,,,,,
1835,4/23/2025 22:42,31.61,3376.64,,,,,
1836,4/23/2025 22:43,31.61,3552,,,,,
1837,4/23/2025 22:44,31.57,3508.48,,,,,
1838,4/23/2025 22:45,31.57,3514.88,,,,,
1839,4/23/2025 22:46,31.61,3568.64,,,,,
1840,4/23/2025 22:47,31.57,3608.32,,,,,
1841,4/23/2025 22:48,31.53,3568.64,,,,,
1842,4/23/2025 22:49,31.61,3571.2,,,,,
1843,4/23/2025 22:50,31.57,3537.92,,,,,
1844,4/23/2025 22:51,31.61,3358.72,,,,,
1845,4/23/2025 22:52,31.53,3176.96,,,,,
1846,4/23/2025 22:53,31.57,3100.16,,,,,
1847,4/23/2025 22:54,31.57,2978.56,,,,,
1848,4/23/2025 22:55,31.53,2792.96,,,,,
1849,4/23/2025 22:56,31.53,2654.72,,,,,
1850,4/23/2025 22:57,31.53,2483.2,,,,,
1851,4/23/2025 22:58,31.49,2333.44,,,,,
1852,4/23/2025 22:59,31.49,2375.04,,,,,
1853,4/23/2025 23:00,31.53,2433.28,,,,,
1854,4/23/2025 23:01,31.49,2363.52,,,,,
1855,4/23/2025 23:02,31.49,2327.04,,,,,
1856,4/23/2025 23:03,31.49,2250.24,,,,,
1857,4/23/2025 23:04,31.49,2238.72,,,,,
1858,4/23/2025 23:05,31.53,2245.12,,,,,
1859,4/23/2025 23:06,31.44,2265.6,,,,,
1860,4/23/2025 23:07,31.49,2278.4,,,,,
1861,4/23/2025 23:08,31.53,2285.44,,,,,
1862,4/23/2025 23:09,31.49,2315.52,,,,,
1863,4/23/2025 23:10,31.49,2376.96,,,,,
1864,4/23/2025 23:11,31.49,2323.84,,,,,
1865,4/23/2025 23:12,31.49,2378.24,,,,,
1866,4/23/2025 23:13,31.49,2410.24,,,,,
1867,4/23/2025 23:14,31.44,2401.92,,,,,
1868,4/23/2025 23:15,31.49,2360.32,,,,,
1869,4/23/2025 23:16,31.44,2316.8,,,,,
1870,4/23/2025 23:17,31.49,2235.52,,,,,
1871,4/23/2025 23:18,31.49,2158.72,,,,,
1872,4/23/2025 23:19,31.44,2125.44,,,,,
1873,4/23/2025 23:20,31.44,2120.32,,,,,
1874,4/23/2025 23:21,31.44,2055.68,,,,,
1875,4/23/2025 23:22,31.44,1985.92,,,,,
1876,4/23/2025 23:23,31.4,1965.44,,,,,
1877,4/23/2025 23:24,31.4,1948.8,,,,,
1878,4/23/2025 23:25,31.44,1970.56,,,,,
1879,4/23/2025 23:26,31.4,1989.12,,,,,
1880,4/23/2025 23:27,31.4,1989.12,,,,,
1881,4/23/2025 23:28,31.44,1989.12,,,,,
1882,4/23/2025 23:29,31.4,1534.72,,,,,
1883,4/23/2025 23:30,31.36,1992.32,,,,,
1884,4/23/2025 23:31,31.4,1970.56,,,,,
1885,4/23/2025 23:32,31.4,1914.24,,,,,
1886,4/23/2025 23:33,31.4,1912.32,,,,,
1887,4/23/2025 23:34,31.36,1890.56,,,,,
1888,4/23/2025 23:35,31.36,1895.68,,,,,
1889,4/23/2025 23:36,31.36,1904,,,,,
1890,4/23/2025 23:37,31.36,1313.28,,,,,
1891,4/23/2025 23:38,31.36,1770.88,,,,,
1892,4/23/2025 23:39,31.31,1752.32,,,,,
1893,4/23/2025 23:40,31.4,1740.8,,,,,
1894,4/23/2025 23:41,31.36,1714.56,,,,,
1895,4/23/2025 23:42,31.31,1751.04,,,,,
1896,4/23/2025 23:43,31.36,1797.76,,,,,
1897,4/23/2025 23:44,31.27,1715.84,,,,,
1898,4/23/2025 23:45,31.27,1533.44,,,,,
1899,4/23/2025 23:46,31.31,1571.84,,,,,
1900,4/23/2025 23:47,31.27,1579.52,,,,,
1901,4/23/2025 23:48,31.31,1553.92,,,,,
1902,4/23/2025 23:49,31.31,1487.36,,,,,
1903,4/23/2025 23:50,31.27,1456,,,,,
1904,4/23/2025 23:51,31.27,1469.44,,,,,
1905,4/23/2025 23:52,31.27,1435.52,,,,,
1906,4/23/2025 23:53,31.27,1400.32,,,,,
1907,4/23/2025 23:54,31.27,1408,,,,,
1908,4/23/2025 23:55,31.27,1465.6,,,,,
1909,4/23/2025 23:56,31.27,1552,,,,,
1910,4/23/2025 23:57,31.27,1418.88,,,,,
1911,4/23/2025 23:58,31.27,1414.4,,,,,
1912,4/23/2025 23:59,31.31,1510.4,,,,,
1913,4/24/2025 0:00,31.27,1504,,,,,
1914,4/24/2025 0:01,31.27,1418.24,,,,,
1915,4/24/2025 0:02,31.23,1368.96,,,,,
1916,4/24/2025 0:03,31.27,1355.52,,,,,
1917,4/24/2025 0:04,31.19,1299.2,,,,,
1918,4/24/2025 0:05,31.23,1320.32,,,,,
1919,4/24/2025 0:06,31.23,1308.16,,,,,
1920,4/24/2025 0:07,31.23,1303.36,,,,,
1921,4/24/2025 0:08,31.19,1318.4,,,,,
1922,4/24/2025 0:09,31.19,1274.24,,,,,
1923,4/24/2025 0:10,31.23,1222.4,,,,,
1924,4/24/2025 0:11,31.19,1252.48,,,,,
1925,4/24/2025 0:12,31.19,1201.6,,,,,
1926,4/24/2025 0:13,31.19,1224.96,,,,,
1927,4/24/2025 0:14,31.19,1297.6,,,,,
1928,4/24/2025 0:15,31.19,1328.64,,,,,
1929,4/24/2025 0:16,31.14,1284.16,,,,,
1930,4/24/2025 0:17,31.14,1315.84,,,,,
1931,4/24/2025 0:18,31.19,1389.44,,,,,
1932,4/24/2025 0:19,31.19,1399.68,,,,,
1933,4/24/2025 0:20,31.14,1418.24,,,,,
1934,4/24/2025 0:21,31.14,1454.08,,,,,
1935,4/24/2025 0:22,31.19,1571.84,,,,,
1936,4/24/2025 0:23,31.14,1618.56,,,,,
1937,4/24/2025 0:24,31.19,1776,,,,,
1938,4/24/2025 0:25,31.19,1824,,,,,
1939,4/24/2025 0:26,31.19,1707.52,,,,,
1940,4/24/2025 0:27,31.19,1621.12,,,,,
1941,4/24/2025 0:28,31.19,1416.96,,,,,
1942,4/24/2025 0:29,31.19,1245.76,,,,,
1943,4/24/2025 0:30,31.23,1479.04,,,,,
1944,4/24/2025 0:31,31.14,1477.76,,,,,
1945,4/24/2025 0:32,31.1,1523.84,,,,,
1946,4/24/2025 0:33,31.14,1552.64,,,,,
1947,4/24/2025 0:34,31.14,1511.04,,,,,
1948,4/24/2025 0:35,31.19,1502.72,,,,,
1949,4/24/2025 0:36,31.14,1488,,,,,
1950,4/24/2025 0:37,31.1,1470.72,,,,,
1951,4/24/2025 0:38,31.14,1496.32,,,,,
1952,4/24/2025 0:39,31.19,1519.36,,,,,
1953,4/24/2025 0:40,31.14,1464.32,,,,,
1954,4/24/2025 0:41,31.14,1433.6,,,,,
1955,4/24/2025 0:42,31.14,1452.8,,,,,
1956,4/24/2025 0:43,31.1,1489.28,,,,,
1957,4/24/2025 0:44,31.1,1538.56,,,,,
1958,4/24/2025 0:45,31.1,1525.12,,,,,
1959,4/24/2025 0:46,31.1,1460.48,,,,,
1960,4/24/2025 0:47,31.1,1473.92,,,,,
1961,4/24/2025 0:48,31.1,1471.36,,,,,
1962,4/24/2025 0:49,31.1,1472,,,,,
1963,4/24/2025 0:50,31.1,1469.44,,,,,
1964,4/24/2025 0:51,31.1,1463.04,,,,,
1965,4/24/2025 0:52,31.06,1066.88,,,,,
1966,4/24/2025 0:53,31.06,1014.4,,,,,
1967,4/24/2025 0:54,31.06,1021.12,,,,,
1968,4/24/2025 0:55,31.06,1141.12,,,,,
1969,4/24/2025 0:56,31.01,1196.8,,,,,
1970,4/24/2025 0:57,31.1,1328.64,,,,,
1971,4/24/2025 0:58,31.06,1200,,,,,
1972,4/24/2025 0:59,31.06,1166.08,,,,,
1973,4/24/2025 1:00,31.01,1157.76,,,,,
1974,4/24/2025 1:01,31.06,1270.72,,,,,
1975,4/24/2025 1:02,31.1,1267.52,,,,,
1976,4/24/2025 1:03,31.06,1240,,,,,
1977,4/24/2025 1:04,31.01,1199.36,,,,,
1978,4/24/2025 1:05,31.1,1187.52,,,,,
1979,4/24/2025 1:06,31.06,998.72,,,,,
1980,4/24/2025 1:07,31.06,824,,,,,
1981,4/24/2025 1:08,31.06,1036.16,,,,,
1982,4/24/2025 1:09,31.01,1136.96,,,,,
1983,4/24/2025 1:10,31.01,1127.68,,,,,
1984,4/24/2025 1:11,31.01,1079.36,,,,,
1985,4/24/2025 1:12,31.06,1014.4,,,,,
1986,4/24/2025 1:13,31.01,997.12,,,,,
1987,4/24/2025 1:14,31.06,976.32,,,,,
1988,4/24/2025 1:15,30.97,952.96,,,,,
1989,4/24/2025 1:16,31.06,930.24,,,,,
1990,4/24/2025 1:17,30.97,907.2,,,,,
1991,4/24/2025 1:18,31.01,889.6,,,,,
1992,4/24/2025 1:19,31.01,867.52,,,,,
1993,4/24/2025 1:20,31.01,849.28,,,,,
1994,4/24/2025 1:21,31.01,842.88,,,,,
1995,4/24/2025 1:22,31.01,812.16,,,,,
1996,4/24/2025 1:23,30.97,799.68,,,,,
1997,4/24/2025 1:24,31.06,782.08,,,,,
1998,4/24/2025 1:25,31.01,748.8,,,,,
1999,4/24/2025 1:26,30.97,607.04,,,,,
2000,4/24/2025 1:27,30.97,588.8,,,,,
2001,4/24/2025 1:28,30.93,669.76,,,,,
2002,4/24/2025 1:29,30.97,690.24,,,,,
2003,4/24/2025 1:30,30.97,657.28,,,,,
2004,4/24/2025 1:31,30.97,641.6,,,,,
2005,4/24/2025 1:32,30.97,637.44,,,,,
2006,4/24/2025 1:33,30.97,650.88,,,,,
2007,4/24/2025 1:34,30.97,694.4,,,,,
2008,4/24/2025 1:35,30.97,588.8,,,,,
2009,4/24/2025 1:36,30.97,458.4,,,,,
2010,4/24/2025 1:37,30.97,433.28,,,,,
2011,4/24/2025 1:38,30.93,426.56,,,,,
2012,4/24/2025 1:39,30.93,408.96,,,,,
2013,4/24/2025 1:40,30.93,369.76,,,,,
2014,4/24/2025 1:41,31.01,339.52,,,,,
2015,4/24/2025 1:42,31.01,317.12,,,,,
2016,4/24/2025 1:43,30.97,297.76,,,,,
2017,4/24/2025 1:44,30.93,280.24,,,,,
2018,4/24/2025 1:45,30.89,266.08,,,,,
2019,4/24/2025 1:46,30.93,254.24,,,,,
2020,4/24/2025 1:47,30.93,243.44,,,,,
2021,4/24/2025 1:48,30.93,230.08,,,,,
2022,4/24/2025 1:49,30.93,222.4,,,,,
2023,4/24/2025 1:50,30.93,210.72,,,,,
2024,4/24/2025 1:51,30.93,198.24,,,,,
2025,4/24/2025 1:52,30.97,187.44,,,,,
2026,4/24/2025 1:53,30.93,176.4,,,,,
2027,4/24/2025 1:54,30.89,164.8,,,,,
2028,4/24/2025 1:55,30.89,157.2,,,,,
2029,4/24/2025 1:56,30.97,150.52,,,,,
2030,4/24/2025 1:57,30.84,143.04,,,,,
2031,4/24/2025 1:58,30.89,132.12,,,,,
2032,4/24/2025 1:59,30.84,122.12,,,,,
2033,4/24/2025 2:00,30.89,112.88,,,,,
2034,4/24/2025 2:01,30.89,102.04,,,,,
2035,4/24/2025 2:02,30.93,94.44,,,,,
2036,4/24/2025 2:03,30.89,86.12,,,,,
2037,4/24/2025 2:04,30.84,78.54,,,,,
2038,4/24/2025 2:05,30.89,69.7,,,,,
2039,4/24/2025 2:06,30.89,60.5,,,,,
2040,4/24/2025 2:07,30.84,52.58,,,,,
2041,4/24/2025 2:08,30.89,46.28,,,,,
2042,4/24/2025 2:09,30.89,40.42,,,,,
2043,4/24/2025 2:10,30.84,34.59,,,,,
2044,4/24/2025 2:11,30.8,27.57,,,,,
2045,4/24/2025 2:12,30.89,25.9,,,,,
2046,4/24/2025 2:13,30.84,21.69,,,,,
2047,4/24/2025 2:14,30.89,21.9,,,,,
2048,4/24/2025 2:15,30.84,17.08,,,,,
2049,4/24/2025 2:16,30.8,13.1,,,,,
2050,4/24/2025 2:17,30.89,11.86,,,,,
2051,4/24/2025 2:18,30.8,9.36,,,,,
2052,4/24/2025 2:19,30.84,7.07,,,,,
2053,4/24/2025 2:20,30.8,5.2,,,,,
2054,4/24/2025 2:21,30.8,4.16,,,,,
2055,4/24/2025 2:22,30.8,2.91,,,,,
2056,4/24/2025 2:23,30.8,2.28,,,,,
2057,4/24/2025 2:24,30.8,1.66,,,,,
2058,4/24/2025 2:25,30.84,1.24,,,,,
2059,4/24/2025 2:26,30.8,1.04,,,,,
2060,4/24/2025 2:27,30.8,0.83,,,,,
2061,4/24/2025 2:28,30.8,0.62,,,,,
2062,4/24/2025 2:29,30.76,0.41,,,,,
2063,4/24/2025 2:30,30.84,0.2,,,,,
2064,4/24/2025 2:31,30.8,0.2,,,,,
2065,4/24/2025 2:32,30.76,0.2,,,,,
2066,4/24/2025 2:33,30.84,0.2,,,,,
2067,4/24/2025 2:34,30.8,0,,,,,
2068,4/24/2025 2:35,30.8,0,,,,,
2069,4/24/2025 2:36,30.76,0,,,,,
2070,4/24/2025 2:37,30.8,0,,,,,
2071,4/24/2025 2:38,30.8,0.2,,,,,
2072,4/24/2025 2:39,30.76,0,,,,,
2073,4/24/2025 2:40,30.76,0,,,,,
2074,4/24/2025 2:41,30.76,0,,,,,
2075,4/24/2025 2:42,30.8,0,,,,,
2076,4/24/2025 2:43,30.76,0,,,,,
2077,4/24/2025 2:44,30.8,0,,,,,
2078,4/24/2025 2:45,30.76,0,,,,,
2079,4/24/2025 2:46,30.76,0,,,,,
2080,4/24/2025 2:47,30.76,0,,,,,
2081,4/24/2025 2:48,30.76,0,,,,,
2082,4/24/2025 2:49,30.8,0,,,,,
2083,4/24/2025 2:50,30.8,0,,,,,
2084,4/24/2025 2:51,30.8,0,,,,,
2085,4/24/2025 2:52,30.76,0,,,,,
2086,4/24/2025 2:53,30.76,0,,,,,
2087,4/24/2025 2:54,30.76,0,,,,,
2088,4/24/2025 2:55,30.8,0,,,,,
2089,4/24/2025 2:56,30.71,0,,,,,
2090,4/24/2025 2:57,30.76,0,,,,,
2091,4/24/2025 2:58,30.8,0,,,,,
2092,4/24/2025 2:59,30.8,0,,,,,
2093,4/24/2025 3:00,30.76,0,,,,,
2094,4/24/2025 3:01,30.76,0,,,,,
2095,4/24/2025 3:02,30.76,0,,,,,
2096,4/24/2025 3:03,30.76,0,,,,,
2097,4/24/2025 3:04,30.8,0,,,,,
2098,4/24/2025 3:05,30.8,0,,,,,
2099,4/24/2025 3:06,30.71,0,,,,,
2100,4/24/2025 3:07,30.71,0,,,,,
2101,4/24/2025 3:08,30.76,0,,,,,
2102,4/24/2025 3:09,30.8,0,,,,,
2103,4/24/2025 3:10,30.8,0,,,,,
2104,4/24/2025 3:11,30.76,0,,,,,
2105,4/24/2025 3:12,30.76,0,,,,,
2106,4/24/2025 3:13,30.76,0,,,,,
2107,4/24/2025 3:14,30.76,0,,,,,
2108,4/24/2025 3:15,30.76,0,,,,,
2109,4/24/2025 3:16,30.76,0.2,,,,,
2110,4/24/2025 3:17,30.8,0,,,,,
2111,4/24/2025 3:18,30.76,0,,,,,
2112,4/24/2025 3:19,30.76,0,,,,,
2113,4/24/2025 3:20,30.76,0,,,,,
2114,4/24/2025 3:21,30.8,0,,,,,
2115,4/24/2025 3:22,30.71,0,,,,,
2116,4/24/2025 3:23,30.8,0,,,,,
2117,4/24/2025 3:24,30.8,0,,,,,
2118,4/24/2025 3:25,30.76,0,,,,,
2119,4/24/2025 3:26,30.76,0,,,,,
2120,4/24/2025 3:27,30.8,0,,,,,
2121,4/24/2025 3:28,30.8,0,,,,,
2122,4/24/2025 3:29,30.84,0,,,,,
2123,4/24/2025 3:30,30.8,0,,,,,
2124,4/24/2025 3:31,30.89,0,,,,,
2125,4/24/2025 3:32,30.8,0,,,,,
2126,4/24/2025 3:33,30.84,0,,,,,
2127,4/24/2025 3:34,30.84,0,,,,,
2128,4/24/2025 3:35,30.84,0,,,,,
2129,4/24/2025 3:36,30.84,0,,,,,
2130,4/24/2025 3:37,30.8,0,,,,,
2131,4/24/2025 3:38,30.89,0,,,,,
2132,4/24/2025 3:39,30.84,0,,,,,
2133,4/24/2025 3:40,30.93,0,,,,,
2134,4/24/2025 3:41,30.89,0,,,,,
2135,4/24/2025 3:42,30.89,0,,,,,
2136,4/24/2025 3:43,30.89,0,,,,,
2137,4/24/2025 3:44,30.93,0,,,,,
2138,4/24/2025 3:45,30.89,0,,,,,
2139,4/24/2025 3:46,30.93,0,,,,,
2140,4/24/2025 3:47,30.93,0,,,,,
2141,4/24/2025 3:48,30.89,0,,,,,
2142,4/24/2025 3:49,30.89,0,,,,,
2143,4/24/2025 3:50,30.89,0,,,,,
2144,4/24/2025 3:51,30.93,0,,,,,
2145,4/24/2025 3:52,30.93,0,,,,,
2146,4/24/2025 3:53,30.93,0,,,,,
2147,4/24/2025 3:54,30.93,0,,,,,
2148,4/24/2025 3:55,30.93,0,,,,,
2149,4/24/2025 3:56,30.97,0,,,,,
2150,4/24/2025 3:57,30.97,0,,,,,
2151,4/24/2025 3:58,30.97,0,,,,,
2152,4/24/2025 3:59,30.93,0,,,,,
2153,4/24/2025 4:00,30.93,0,,,,,
2154,4/24/2025 4:01,30.97,0,,,,,
2155,4/24/2025 4:02,30.97,0,,,,,
2156,4/24/2025 4:03,31.01,0,,,,,
2157,4/24/2025 4:04,30.97,0,,,,,
2158,4/24/2025 4:05,31.01,0,,,,,
2159,4/24/2025 4:06,31.01,0,,,,,
2160,4/24/2025 4:07,31.01,0,,,,,
2161,4/24/2025 4:08,31.06,0,,,,,
2162,4/24/2025 4:09,30.97,0.2,,,,,
2163,4/24/2025 4:10,31.06,0,,,,,
2164,4/24/2025 4:11,31.01,0,,,,,
2165,4/24/2025 4:12,31.06,0,,,,,
2166,4/24/2025 4:13,31.06,0,,,,,
2167,4/24/2025 4:14,31.01,0,,,,,
2168,4/24/2025 4:15,31.06,0,,,,,
2169,4/24/2025 4:16,31.06,0,,,,,
2170,4/24/2025 4:17,31.06,0,,,,,
2171,4/24/2025 4:18,31.01,0,,,,,
2172,4/24/2025 4:19,31.06,0,,,,,
2173,4/24/2025 4:20,31.01,0,,,,,
2174,4/24/2025 4:21,31.06,0,,,,,
2175,4/24/2025 4:22,31.1,0,,,,,
2176,4/24/2025 4:23,31.1,0,,,,,
2177,4/24/2025 4:24,31.06,0,,,,,
2178,4/24/2025 4:25,31.06,0,,,,,
2179,4/24/2025 4:26,31.1,0,,,,,
2180,4/24/2025 4:27,31.06,0,,,,,
2181,4/24/2025 4:28,31.1,0,,,,,
2182,4/24/2025 4:29,31.1,0,,,,,
2183,4/24/2025 4:30,31.1,0,,,,,
2184,4/24/2025 4:31,31.14,0,,,,,
2185,4/24/2025 4:32,31.1,0,,,,,
2186,4/24/2025 4:33,31.06,0,,,,,
2187,4/24/2025 4:34,31.1,0,,,,,
2188,4/24/2025 4:35,31.06,0,,,,,
2189,4/24/2025 4:36,31.1,0,,,,,
2190,4/24/2025 4:37,31.1,0,,,,,
2191,4/24/2025 4:38,31.14,0,,,,,
2192,4/24/2025 4:39,31.1,0,,,,,
2193,4/24/2025 4:40,31.14,0,,,,,
2194,4/24/2025 4:41,31.14,0,,,,,
2195,4/24/2025 4:42,31.1,0,,,,,
2196,4/24/2025 4:43,31.1,0,,,,,
2197,4/24/2025 4:44,31.1,0,,,,,
2198,4/24/2025 4:45,31.14,0,,,,,
2199,4/24/2025 4:46,31.06,0,,,,,
2200,4/24/2025 4:47,31.14,0.2,,,,,
2201,4/24/2025 4:48,31.14,0,,,,,
2202,4/24/2025 4:49,31.14,0,,,,,
2203,4/24/2025 4:50,31.14,0,,,,,
2204,4/24/2025 4:51,31.19,0,,,,,
2205,4/24/2025 4:52,31.14,0,,,,,
2206,4/24/2025 4:53,31.14,0,,,,,
2207,4/24/2025 4:54,31.14,0,,,,,
2208,4/24/2025 4:55,31.19,0,,,,,
2209,4/24/2025 4:56,31.19,0,,,,,
2210,4/24/2025 4:57,31.19,0,,,,,
2211,4/24/2025 4:58,31.19,0,,,,,
2212,4/24/2025 4:59,31.14,0,,,,,
2213,4/24/2025 5:00,31.14,0,,,,,
2214,4/24/2025 5:01,31.14,0,,,,,
2215,4/24/2025 5:02,31.19,0,,,,,
2216,4/24/2025 5:03,31.19,0,,,,,
2217,4/24/2025 5:04,31.1,0,,,,,
2218,4/24/2025 5:05,31.19,0,,,,,
2219,4/24/2025 5:06,31.14,0,,,,,
2220,4/24/2025 5:07,31.14,0,,,,,
2221,4/24/2025 5:08,31.19,0,,,,,
2222,4/24/2025 5:09,31.1,0,,,,,
2223,4/24/2025 5:10,31.19,0,,,,,
2224,4/24/2025 5:11,31.19,0,,,,,
2225,4/24/2025 5:12,31.14,0,,,,,
2226,4/24/2025 5:13,31.19,0,,,,,
2227,4/24/2025 5:14,31.23,0,,,,,
2228,4/24/2025 5:15,31.23,0,,,,,
2229,4/24/2025 5:16,31.19,0,,,,,
2230,4/24/2025 5:17,31.14,0,,,,,
2231,4/24/2025 5:18,31.19,0,,,,,
2232,4/24/2025 5:19,31.19,0,,,,,
2233,4/24/2025 5:20,31.19,0,,,,,
2234,4/24/2025 5:21,31.14,0,,,,,
2235,4/24/2025 5:22,31.19,0,,,,,
2236,4/24/2025 5:23,31.14,0,,,,,
2237,4/24/2025 5:24,31.19,0,,,,,
2238,4/24/2025 5:25,31.14,0.2,,,,,
2239,4/24/2025 5:26,31.23,0,,,,,
2240,4/24/2025 5:27,31.19,0,,,,,
2241,4/24/2025 5:28,31.19,0,,,,,
2242,4/24/2025 5:29,31.19,0,,,,,
2243,4/24/2025 5:30,31.14,0,,,,,
2244,4/24/2025 5:31,31.19,0,,,,,
2245,4/24/2025 5:32,31.23,0,,,,,
2246,4/24/2025 5:33,31.23,0,,,,,
2247,4/24/2025 5:34,31.19,0,,,,,
2248,4/24/2025 5:35,31.19,0,,,,,
2249,4/24/2025 5:36,31.23,0,,,,,
2250,4/24/2025 5:37,31.19,0,,,,,
2251,4/24/2025 5:38,31.14,0,,,,,
2252,4/24/2025 5:39,31.19,0,,,,,
2253,4/24/2025 5:40,31.19,0.2,,,,,
2254,4/24/2025 5:41,31.19,0,,,,,
2255,4/24/2025 5:42,31.23,0,,,,,
2256,4/24/2025 5:43,31.23,0,,,,,
2257,4/24/2025 5:44,31.19,0,,,,,
2258,4/24/2025 5:45,31.19,0,,,,,
2259,4/24/2025 5:46,31.14,0,,,,,
2260,4/24/2025 5:47,31.19,0,,,,,
2261,4/24/2025 5:48,31.19,0,,,,,
2262,4/24/2025 5:49,31.14,0,,,,,
2263,4/24/2025 5:50,31.19,0,,,,,
2264,4/24/2025 5:51,31.19,0,,,,,
2265,4/24/2025 5:52,31.23,0,,,,,
2266,4/24/2025 5:53,31.14,0,,,,,
2267,4/24/2025 5:54,31.19,0,,,,,
2268,4/24/2025 5:55,31.19,0,,,,,
2269,4/24/2025 5:56,31.19,0,,,,,
2270,4/24/2025 5:57,31.19,0,,,,,
2271,4/24/2025 5:58,31.19,0,,,,,
2272,4/24/2025 5:59,31.23,0,,,,,
2273,4/24/2025 6:00,31.23,0,,,,,
2274,4/24/2025 6:01,31.23,0,,,,,
2275,4/24/2025 6:02,31.19,0,,,,,
2276,4/24/2025 6:03,31.23,0,,,,,
2277,4/24/2025 6:04,31.19,0,,,,,
2278,4/24/2025 6:05,31.23,0,,,,,
2279,4/24/2025 6:06,31.19,0,,,,,
2280,4/24/2025 6:07,31.27,0,,,,,
2281,4/24/2025 6:08,31.23,0,,,,,
2282,4/24/2025 6:09,31.19,0,,,,,
2283,4/24/2025 6:10,31.23,0,,,,,
2284,4/24/2025 6:11,31.14,0,,,,,
2285,4/24/2025 6:12,31.14,0,,,,,
2286,4/24/2025 6:13,31.23,0,,,,,
2287,4/24/2025 6:14,31.19,0,,,,,
2288,4/24/2025 6:15,31.19,0,,,,,
2289,4/24/2025 6:16,31.14,0,,,,,
2290,4/24/2025 6:17,31.14,0,,,,,
2291,4/24/2025 6:18,31.19,0.2,,,,,
2292,4/24/2025 6:19,31.19,0,,,,,
2293,4/24/2025 6:20,31.23,0,,,,,
2294,4/24/2025 6:21,31.14,0,,,,,
2295,4/24/2025 6:22,31.19,0,,,,,
2296,4/24/2025 6:23,31.19,0,,,,,
2297,4/24/2025 6:24,31.19,0,,,,,
2298,4/24/2025 6:25,31.19,0,,,,,
2299,4/24/2025 6:26,31.14,0,,,,,
2300,4/24/2025 6:27,31.19,0,,,,,
2301,4/24/2025 6:28,31.23,0,,,,,
2302,4/24/2025 6:29,31.19,0,,,,,
2303,4/24/2025 6:30,31.14,0,,,,,
2304,4/24/2025 6:31,31.1,0,,,,,
2305,4/24/2025 6:32,31.14,0,,,,,
2306,4/24/2025 6:33,31.19,0,,,,,
2307,4/24/2025 6:34,31.19,0,,,,,
2308,4/24/2025 6:35,31.23,0,,,,,
2309,4/24/2025 6:36,31.19,0,,,,,
2310,4/24/2025 6:37,31.23,0,,,,,
2311,4/24/2025 6:38,31.19,0,,,,,
2312,4/24/2025 6:39,31.23,0,,,,,
2313,4/24/2025 6:40,31.14,0,,,,,
2314,4/24/2025 6:41,31.14,0,,,,,
2315,4/24/2025 6:42,31.19,0,,,,,
2316,4/24/2025 6:43,31.19,0,,,,,
2317,4/24/2025 6:44,31.14,0,,,,,
2318,4/24/2025 6:45,31.14,0,,,,,
2319,4/24/2025 6:46,31.14,0,,,,,
2320,4/24/2025 6:47,31.14,0,,,,,
2321,4/24/2025 6:48,31.19,0,,,,,
2322,4/24/2025 6:49,31.19,0,,,,,
2323,4/24/2025 6:50,31.19,0,,,,,
2324,4/24/2025 6:51,31.19,0,,,,,
2325,4/24/2025 6:52,31.19,0,,,,,
2326,4/24/2025 6:53,31.19,0,,,,,
2327,4/24/2025 6:54,31.14,0,,,,,
2328,4/24/2025 6:55,31.14,0,,,,,
2329,4/24/2025 6:56,31.19,0.2,,,,,
2330,4/24/2025 6:57,31.14,0,,,,,
2331,4/24/2025 6:58,31.19,0,,,,,
2332,4/24/2025 6:59,31.19,0,,,,,
2333,4/24/2025 7:00,31.19,0,,,,,
2334,4/24/2025 7:01,31.19,0,,,,,
2335,4/24/2025 7:02,31.19,0,,,,,
2336,4/24/2025 7:03,31.14,0,,,,,
2337,4/24/2025 7:04,31.19,0,,,,,
2338,4/24/2025 7:05,31.19,0,,,,,
2339,4/24/2025 7:06,31.14,0,,,,,
2340,4/24/2025 7:07,31.19,0,,,,,
2341,4/24/2025 7:08,31.14,0,,,,,
2342,4/24/2025 7:09,31.14,0,,,,,
2343,4/24/2025 7:10,31.14,0,,,,,
2344,4/24/2025 7:11,31.19,0,,,,,
2345,4/24/2025 7:12,31.19,0,,,,,
2346,4/24/2025 7:13,31.19,0,,,,,
2347,4/24/2025 7:14,31.14,0,,,,,
2348,4/24/2025 7:15,31.14,0,,,,,
2349,4/24/2025 7:16,31.19,0,,,,,
2350,4/24/2025 7:17,31.19,0,,,,,
2351,4/24/2025 7:18,31.14,0,,,,,
2352,4/24/2025 7:19,31.14,0,,,,,
2353,4/24/2025 7:20,31.19,0,,,,,
2354,4/24/2025 7:21,31.19,0,,,,,
2355,4/24/2025 7:22,31.14,0,,,,,
2356,4/24/2025 7:23,31.19,0,,,,,
2357,4/24/2025 7:24,31.19,0,,,,,
2358,4/24/2025 7:25,31.19,0,,,,,
2359,4/24/2025 7:26,31.14,0,,,,,
2360,4/24/2025 7:27,31.14,0,,,,,
2361,4/24/2025 7:28,31.19,0,,,,,
2362,4/24/2025 7:29,31.14,0,,,,,
2363,4/24/2025 7:30,31.14,0,,,,,
2364,4/24/2025 7:31,31.14,0,,,,,
2365,4/24/2025 7:32,31.14,0,,,,,
2366,4/24/2025 7:33,31.14,0,,,,,
2367,4/24/2025 7:34,31.19,0,,,,,
2368,4/24/2025 7:35,31.19,0,,,,,
2369,4/24/2025 7:36,31.19,0,,,,,
2370,4/24/2025 7:37,31.1,0,,,,,
2371,4/24/2025 7:38,31.14,0,,,,,
2372,4/24/2025 7:39,31.19,0,,,,,
2373,4/24/2025 7:40,31.14,0,,,,,
2374,4/24/2025 7:41,31.14,0,,,,,
2375,4/24/2025 7:42,31.14,0,,,,,
2376,4/24/2025 7:43,31.14,0,,,,,
2377,4/24/2025 7:44,31.23,0,,,,,
2378,4/24/2025 7:45,31.14,0,,,,,
2379,4/24/2025 7:46,31.19,0,,,,,
2380,4/24/2025 7:47,31.14,0,,,,,
2381,4/24/2025 7:48,31.19,0,,,,,
2382,4/24/2025 7:49,31.14,0.2,,,,,
2383,4/24/2025 7:50,31.19,0,,,,,
2384,4/24/2025 7:51,31.14,0,,,,,
2385,4/24/2025 7:52,31.14,0,,,,,
2386,4/24/2025 7:53,31.1,0,,,,,
2387,4/24/2025 7:54,31.14,0,,,,,
2388,4/24/2025 7:55,31.14,0,,,,,
2389,4/24/2025 7:56,31.19,0,,,,,
2390,4/24/2025 7:57,31.14,0,,,,,
2391,4/24/2025 7:58,31.19,0,,,,,
2392,4/24/2025 7:59,31.19,0,,,,,
2393,4/24/2025 8:00,31.1,0,,,,,
2394,4/24/2025 8:01,31.19,0,,,,,
2395,4/24/2025 8:02,31.1,0,,,,,
2396,4/24/2025 8:03,31.14,0,,,,,
2397,4/24/2025 8:04,31.06,0,,,,,
2398,4/24/2025 8:05,31.1,0,,,,,
2399,4/24/2025 8:06,31.14,0,,,,,
2400,4/24/2025 8:07,31.14,0,,,,,
2401,4/24/2025 8:08,31.14,0,,,,,
2402,4/24/2025 8:09,31.14,0,,,,,
2403,4/24/2025 8:10,31.14,0,,,,,
2404,4/24/2025 8:11,31.14,0,,,,,
2405,4/24/2025 8:12,31.14,0,,,,,
2406,4/24/2025 8:13,31.14,0,,,,,
2407,4/24/2025 8:14,31.14,0,,,,,
2408,4/24/2025 8:15,31.1,0,,,,,
2409,4/24/2025 8:16,31.19,0,,,,,
2410,4/24/2025 8:17,31.14,0,,,,,
2411,4/24/2025 8:18,31.14,0,,,,,
2412,4/24/2025 8:19,31.1,0,,,,,
2413,4/24/2025 8:20,31.14,0,,,,,
2414,4/24/2025 8:21,31.14,0,,,,,
2415,4/24/2025 8:22,31.1,0,,,,,
2416,4/24/2025 8:23,31.14,0,,,,,
2417,4/24/2025 8:24,31.14,0,,,,,
2418,4/24/2025 8:25,31.14,0,,,,,
2419,4/24/2025 8:26,31.14,0,,,,,
2420,4/24/2025 8:27,31.19,0.2,,,,,
2421,4/24/2025 8:28,31.14,0,,,,,
2422,4/24/2025 8:29,31.14,0,,,,,
2423,4/24/2025 8:30,31.1,0,,,,,
2424,4/24/2025 8:31,31.14,0,,,,,
2425,4/24/2025 8:32,31.14,0,,,,,
2426,4/24/2025 8:33,31.14,0,,,,,
2427,4/24/2025 8:34,31.19,0,,,,,
2428,4/24/2025 8:35,31.14,0,,,,,
2429,4/24/2025 8:36,31.14,0,,,,,
2430,4/24/2025 8:37,31.1,0,,,,,
2431,4/24/2025 8:38,31.14,0,,,,,
2432,4/24/2025 8:39,31.14,0,,,,,
2433,4/24/2025 8:40,31.14,0,,,,,
2434,4/24/2025 8:41,31.14,0,,,,,
2435,4/24/2025 8:42,31.14,0,,,,,
2436,4/24/2025 8:43,31.06,0,,,,,
2437,4/24/2025 8:44,31.1,0,,,,,
2438,4/24/2025 8:45,31.1,0,,,,,
2439,4/24/2025 8:46,31.1,0,,,,,
2440,4/24/2025 8:47,31.06,0,,,,,
2441,4/24/2025 8:48,31.1,0,,,,,
2442,4/24/2025 8:49,31.06,0,,,,,
2443,4/24/2025 8:50,31.1,0,,,,,
2444,4/24/2025 8:51,31.06,0,,,,,
2445,4/24/2025 8:52,31.1,0,,,,,
2446,4/24/2025 8:53,31.06,0,,,,,
2447,4/24/2025 8:54,31.14,0,,,,,
2448,4/24/2025 8:55,31.1,0,,,,,
2449,4/24/2025 8:56,31.06,0,,,,,
2450,4/24/2025 8:57,31.06,0,,,,,
2451,4/24/2025 8:58,31.1,0,,,,,
2452,4/24/2025 8:59,31.06,0,,,,,
2453,4/24/2025 9:00,31.06,0,,,,,
2454,4/24/2025 9:01,31.06,0,,,,,
2455,4/24/2025 9:02,31.06,0,,,,,
2456,4/24/2025 9:03,31.06,0,,,,,
2457,4/24/2025 9:04,31.1,0,,,,,
2458,4/24/2025 9:05,31.06,0,,,,,
2459,4/24/2025 9:06,31.06,0,,,,,
2460,4/24/2025 9:07,31.01,0,,,,,
2461,4/24/2025 9:08,31.06,0,,,,,
2462,4/24/2025 9:09,31.06,0,,,,,
2463,4/24/2025 9:10,31.06,0,,,,,
2464,4/24/2025 9:11,31.01,0,,,,,
2465,4/24/2025 9:12,31.01,0,,,,,
2466,4/24/2025 9:13,31.01,0,,,,,
2467,4/24/2025 9:14,30.97,0,,,,,
2468,4/24/2025 9:15,30.97,0,,,,,
2469,4/24/2025 9:16,30.97,0,,,,,
2470,4/24/2025 9:17,31.01,0,,,,,
2471,4/24/2025 9:18,31.06,0,,,,,
2472,4/24/2025 9:19,30.97,0,,,,,
2473,4/24/2025 9:20,30.93,0,,,,,
2474,4/24/2025 9:21,30.93,0,,,,,
2475,4/24/2025 9:22,30.97,0,,,,,
2476,4/24/2025 9:23,30.93,0,,,,,
2477,4/24/2025 9:24,30.97,0,,,,,
2478,4/24/2025 9:25,30.93,0,,,,,
2479,4/24/2025 9:26,30.93,0,,,,,
2480,4/24/2025 9:27,30.93,0,,,,,
2481,4/24/2025 9:28,30.97,0,,,,,
2482,4/24/2025 9:29,30.89,0,,,,,
2483,4/24/2025 9:30,30.93,0,,,,,
2484,4/24/2025 9:31,30.97,0,,,,,
2485,4/24/2025 9:32,30.89,0,,,,,
2486,4/24/2025 9:33,30.84,0,,,,,
2487,4/24/2025 9:34,30.93,0,,,,,
2488,4/24/2025 9:35,30.93,0,,,,,
2489,4/24/2025 9:36,30.89,0,,,,,
2490,4/24/2025 9:37,30.89,0,,,,,
2491,4/24/2025 9:38,30.89,0,,,,,
2492,4/24/2025 9:39,30.84,0,,,,,
2493,4/24/2025 9:40,30.89,0,,,,,
2494,4/24/2025 9:41,30.89,0,,,,,
2495,4/24/2025 9:42,30.93,0,,,,,
2496,4/24/2025 9:43,30.89,0,,,,,
2497,4/24/2025 9:44,30.89,0,,,,,
2498,4/24/2025 9:45,30.84,0,,,,,
2499,4/24/2025 9:46,30.8,0,,,,,
2500,4/24/2025 9:47,30.89,0,,,,,
2501,4/24/2025 9:48,30.89,0,,,,,
2502,4/24/2025 9:49,30.84,0,,,,,
2503,4/24/2025 9:50,30.84,0,,,,,
2504,4/24/2025 9:51,30.84,0,,,,,
2505,4/24/2025 9:52,30.84,0,,,,,
2506,4/24/2025 9:53,30.84,0,,,,,
2507,4/24/2025 9:54,30.89,0,,,,,
2508,4/24/2025 9:55,30.84,0,,,,,
2509,4/24/2025 9:56,30.84,0,,,,,
2510,4/24/2025 9:57,30.89,0,,,,,
2511,4/24/2025 9:58,30.8,0.2,,,,,
2512,4/24/2025 9:59,30.84,0,,,,,
2513,4/24/2025 10:00,30.8,0,,,,,
2514,4/24/2025 10:01,30.8,0,,,,,
2515,4/24/2025 10:02,30.8,0,,,,,
2516,4/24/2025 10:03,30.84,0,,,,,
2517,4/24/2025 10:04,30.84,0,,,,,
2518,4/24/2025 10:05,30.84,0,,,,,
2519,4/24/2025 10:06,30.8,0,,,,,
2520,4/24/2025 10:07,30.84,0,,,,,
2521,4/24/2025 10:08,30.84,0,,,,,
2522,4/24/2025 10:09,30.8,0,,,,,
2523,4/24/2025 10:10,30.84,0,,,,,
2524,4/24/2025 10:11,30.89,0,,,,,
2525,4/24/2025 10:12,30.8,0,,,,,
2526,4/24/2025 10:13,30.89,0,,,,,
2527,4/24/2025 10:14,30.8,0,,,,,
2528,4/24/2025 10:15,30.84,0,,,,,
2529,4/24/2025 10:16,30.8,0,,,,,
2530,4/24/2025 10:17,30.8,0,,,,,
2531,4/24/2025 10:18,30.8,0,,,,,
2532,4/24/2025 10:19,30.76,0,,,,,
2533,4/24/2025 10:20,30.8,0,,,,,
2534,4/24/2025 10:21,30.8,0,,,,,
2535,4/24/2025 10:22,30.8,0,,,,,
2536,4/24/2025 10:23,30.8,0,,,,,
2537,4/24/2025 10:24,30.76,0,,,,,
2538,4/24/2025 10:25,30.8,0,,,,,
2539,4/24/2025 10:26,30.76,0,,,,,
2540,4/24/2025 10:27,30.8,0,,,,,
2541,4/24/2025 10:28,30.8,0,,,,,
2542,4/24/2025 10:29,30.76,0,,,,,
2543,4/24/2025 10:30,30.8,0,,,,,
2544,4/24/2025 10:31,30.8,0,,,,,
2545,4/24/2025 10:32,30.8,0,,,,,
2546,4/24/2025 10:33,30.8,0,,,,,
2547,4/24/2025 10:34,30.76,0,,,,,
2548,4/24/2025 10:35,30.8,0,,,,,
2549,4/24/2025 10:36,30.8,0,,,,,
2550,4/24/2025 10:37,30.8,0,,,,,
2551,4/24/2025 10:38,30.8,0,,,,,
2552,4/24/2025 10:39,30.71,0,,,,,
2553,4/24/2025 10:40,30.76,0,,,,,
2554,4/24/2025 10:41,30.84,0,,,,,
2555,4/24/2025 10:42,30.8,0,,,,,
2556,4/24/2025 10:43,30.76,0,,,,,
2557,4/24/2025 10:44,30.8,0,,,,,
2558,4/24/2025 10:45,30.8,0,,,,,
2559,4/24/2025 10:46,30.8,0,,,,,
2560,4/24/2025 10:47,30.76,0,,,,,
2561,4/24/2025 10:48,30.76,0,,,,,
2562,4/24/2025 10:49,30.76,0,,,,,
2563,4/24/2025 10:50,30.76,0,,,,,
2564,4/24/2025 10:51,30.76,0.2,,,,,
2565,4/24/2025 10:52,30.76,0,,,,,
2566,4/24/2025 10:53,30.76,0,,,,,
2567,4/24/2025 10:54,30.76,0,,,,,
2568,4/24/2025 10:55,30.76,0,,,,,
2569,4/24/2025 10:56,30.76,0,,,,,
2570,4/24/2025 10:57,30.76,0,,,,,
2571,4/24/2025 10:58,30.8,0,,,,,
2572,4/24/2025 10:59,30.76,0,,,,,
2573,4/24/2025 11:00,30.8,0,,,,,
2574,4/24/2025 11:01,30.76,0,,,,,
2575,4/24/2025 11:02,30.8,0,,,,,
2576,4/24/2025 11:03,30.76,0,,,,,
2577,4/24/2025 11:04,30.76,0,,,,,
2578,4/24/2025 11:05,30.76,0,,,,,
2579,4/24/2025 11:06,30.76,0,,,,,
2580,4/24/2025 11:07,30.76,0,,,,,
2581,4/24/2025 11:08,30.8,0,,,,,
2582,4/24/2025 11:09,30.71,0,,,,,
2583,4/24/2025 11:10,30.71,0,,,,,
2584,4/24/2025 11:11,30.76,0,,,,,
2585,4/24/2025 11:12,30.71,0,,,,,
2586,4/24/2025 11:13,30.71,0,,,,,
2587,4/24/2025 11:14,30.71,0,,,,,
2588,4/24/2025 11:15,30.71,0,,,,,
2589,4/24/2025 11:16,30.71,0,,,,,
2590,4/24/2025 11:17,30.71,0,,,,,
2591,4/24/2025 11:18,30.67,0,,,,,
2592,4/24/2025 11:19,30.71,0,,,,,
2593,4/24/2025 11:20,30.71,0,,,,,
2594,4/24/2025 11:21,30.71,0,,,,,
2595,4/24/2025 11:22,30.76,0,,,,,
2596,4/24/2025 11:23,30.71,0,,,,,
2597,4/24/2025 11:24,30.71,0,,,,,
2598,4/24/2025 11:25,30.67,0,,,,,
2599,4/24/2025 11:26,30.76,0,,,,,
2600,4/24/2025 11:27,30.67,0,,,,,
2601,4/24/2025 11:28,30.67,0,,,,,
2602,4/24/2025 11:29,30.67,0.2,,,,,
2603,4/24/2025 11:30,30.71,0,,,,,
2604,4/24/2025 11:31,30.67,0,,,,,
2605,4/24/2025 11:32,30.67,0,,,,,
2606,4/24/2025 11:33,30.71,0,,,,,
2607,4/24/2025 11:34,30.71,0,,,,,
2608,4/24/2025 11:35,30.71,0,,,,,
2609,4/24/2025 11:36,30.71,0,,,,,
2610,4/24/2025 11:37,30.63,0,,,,,
2611,4/24/2025 11:38,30.67,0,,,,,
2612,4/24/2025 11:39,30.67,0,,,,,
2613,4/24/2025 11:40,30.67,0,,,,,
2614,4/24/2025 11:41,30.67,0,,,,,
2615,4/24/2025 11:42,30.63,0,,,,,
2616,4/24/2025 11:43,30.67,0,,,,,
2617,4/24/2025 11:44,30.71,0,,,,,
2618,4/24/2025 11:45,30.67,0,,,,,
2619,4/24/2025 11:46,30.63,0,,,,,
2620,4/24/2025 11:47,30.63,0,,,,,
2621,4/24/2025 11:48,30.67,0,,,,,
2622,4/24/2025 11:49,30.63,0,,,,,
2623,4/24/2025 11:50,30.67,0,,,,,
2624,4/24/2025 11:51,30.63,0,,,,,
2625,4/24/2025 11:52,30.71,0,,,,,
2626,4/24/2025 11:53,30.63,0,,,,,
2627,4/24/2025 11:54,30.63,0,,,,,
2628,4/24/2025 11:55,30.67,0,,,,,
2629,4/24/2025 11:56,30.63,0,,,,,
2630,4/24/2025 11:57,30.63,0,,,,,
2631,4/24/2025 11:58,30.63,0,,,,,
2632,4/24/2025 11:59,30.63,0,,,,,
2633,4/24/2025 12:00,30.63,0,,,,,
2634,4/24/2025 12:01,30.63,0,,,,,
2635,4/24/2025 12:02,30.59,0,,,,,
2636,4/24/2025 12:03,30.59,0,,,,,
2637,4/24/2025 12:04,30.63,0,,,,,
2638,4/24/2025 12:05,30.63,0,,,,,
2639,4/24/2025 12:06,30.59,0,,,,,
2640,4/24/2025 12:07,30.63,0,,,,,
2641,4/24/2025 12:08,30.59,0,,,,,
2642,4/24/2025 12:09,30.59,0,,,,,
2643,4/24/2025 12:10,30.63,0,,,,,
2644,4/24/2025 12:11,30.63,0,,,,,
2645,4/24/2025 12:12,30.63,0,,,,,
2646,4/24/2025 12:13,30.59,0,,,,,
2647,4/24/2025 12:14,30.63,0,,,,,
2648,4/24/2025 12:15,30.59,0,,,,,
2649,4/24/2025 12:16,30.54,0,,,,,
2650,4/24/2025 12:17,30.59,0,,,,,
2651,4/24/2025 12:18,30.59,0,,,,,
2652,4/24/2025 12:19,30.59,0,,,,,
2653,4/24/2025 12:20,30.59,0,,,,,
2654,4/24/2025 12:21,30.54,0,,,,,
2655,4/24/2025 12:22,30.54,0.2,,,,,
2656,4/24/2025 12:23,30.59,0,,,,,
2657,4/24/2025 12:24,30.59,0,,,,,
2658,4/24/2025 12:25,30.59,0,,,,,
2659,4/24/2025 12:26,30.59,0,,,,,
2660,4/24/2025 12:27,30.54,0,,,,,
2661,4/24/2025 12:28,30.59,0,,,,,
2662,4/24/2025 12:29,30.54,0,,,,,
2663,4/24/2025 12:30,30.54,0,,,,,
2664,4/24/2025 12:31,30.63,0,,,,,
2665,4/24/2025 12:32,30.59,0,,,,,
2666,4/24/2025 12:33,30.59,0,,,,,
2667,4/24/2025 12:34,30.59,0,,,,,
2668,4/24/2025 12:35,30.59,0,,,,,
2669,4/24/2025 12:36,30.54,0,,,,,
2670,4/24/2025 12:37,30.54,0,,,,,
2671,4/24/2025 12:38,30.63,0,,,,,
2672,4/24/2025 12:39,30.54,0,,,,,
2673,4/24/2025 12:40,30.54,0,,,,,
2674,4/24/2025 12:41,30.59,0,,,,,
2675,4/24/2025 12:42,30.5,0,,,,,
2676,4/24/2025 12:43,30.54,0,,,,,
2677,4/24/2025 12:44,30.54,0,,,,,
2678,4/24/2025 12:45,30.5,0,,,,,
2679,4/24/2025 12:46,30.54,0,,,,,
2680,4/24/2025 12:47,30.54,0,,,,,
2681,4/24/2025 12:48,30.54,0,,,,,
2682,4/24/2025 12:49,30.59,0,,,,,
2683,4/24/2025 12:50,30.5,0,,,,,
2684,4/24/2025 12:51,30.5,0,,,,,
2685,4/24/2025 12:52,30.54,0,,,,,
2686,4/24/2025 12:53,30.54,0,,,,,
2687,4/24/2025 12:54,30.54,0,,,,,
2688,4/24/2025 12:55,30.5,0,,,,,
2689,4/24/2025 12:56,30.59,0,,,,,
2690,4/24/2025 12:57,30.54,0,,,,,
2691,4/24/2025 12:58,30.54,0,,,,,
2692,4/24/2025 12:59,30.5,0,,,,,
2693,4/24/2025 13:00,30.54,0.2,,,,,
2694,4/24/2025 13:01,30.5,0,,,,,
2695,4/24/2025 13:02,30.54,0,,,,,
2696,4/24/2025 13:03,30.5,0,,,,,
2697,4/24/2025 13:04,30.59,0,,,,,
2698,4/24/2025 13:05,30.5,0,,,,,
2699,4/24/2025 13:06,30.5,0,,,,,
2700,4/24/2025 13:07,30.5,0,,,,,
2701,4/24/2025 13:08,30.5,0,,,,,
2702,4/24/2025 13:09,30.5,0,,,,,
2703,4/24/2025 13:10,30.46,0,,,,,
2704,4/24/2025 13:11,30.5,0,,,,,
2705,4/24/2025 13:12,30.5,0,,,,,
2706,4/24/2025 13:13,30.5,0,,,,,
2707,4/24/2025 13:14,30.5,0,,,,,
2708,4/24/2025 13:15,30.59,0,,,,,
2709,4/24/2025 13:16,30.54,0,,,,,
2710,4/24/2025 13:17,30.5,0,,,,,
2711,4/24/2025 13:18,30.5,0,,,,,
2712,4/24/2025 13:19,30.5,0,,,,,
2713,4/24/2025 13:20,30.46,0,,,,,
2714,4/24/2025 13:21,30.54,0,,,,,
2715,4/24/2025 13:22,30.54,0,,,,,
2716,4/24/2025 13:23,30.5,0,,,,,
2717,4/24/2025 13:24,30.5,0,,,,,
2718,4/24/2025 13:25,30.5,0,,,,,
2719,4/24/2025 13:26,30.5,0,,,,,
2720,4/24/2025 13:27,30.46,0,,,,,
2721,4/24/2025 13:28,30.5,0,,,,,
2722,4/24/2025 13:29,30.5,0.2,,,,,
2723,4/24/2025 13:30,30.5,0.2,,,,,
2724,4/24/2025 13:31,30.46,0.41,,,,,
2725,4/24/2025 13:32,30.46,0.41,,,,,
2726,4/24/2025 13:33,30.46,0.62,,,,,
2727,4/24/2025 13:34,30.46,0.83,,,,,
2728,4/24/2025 13:35,30.5,1.24,,,,,
2729,4/24/2025 13:36,30.54,1.66,,,,,
2730,4/24/2025 13:37,30.5,2.28,,,,,
2731,4/24/2025 13:38,30.46,3.12,,,,,
2732,4/24/2025 13:39,30.46,4.36,,,,,
2733,4/24/2025 13:40,30.5,6.03,,,,,
2734,4/24/2025 13:41,30.46,7.28,,,,,
2735,4/24/2025 13:42,30.46,8.32,,,,,
2736,4/24/2025 13:43,30.46,9.77,,,,,
2737,4/24/2025 13:44,30.5,11.65,,,,,
2738,4/24/2025 13:45,30.46,13.73,,,,,
2739,4/24/2025 13:46,30.5,15.84,,,,,
2740,4/24/2025 13:47,30.46,18.54,,,,,
2741,4/24/2025 13:48,30.46,21.06,,,,,
2742,4/24/2025 13:49,30.41,23.79,,,,,
2743,4/24/2025 13:50,30.46,27.33,,,,,
2744,4/24/2025 13:51,30.46,30.9,,,,,
2745,4/24/2025 13:52,30.46,36.25,,,,,
2746,4/24/2025 13:53,30.5,41.66,,,,,
2747,4/24/2025 13:54,30.46,46.28,,,,,
2748,4/24/2025 13:55,30.46,52.54,,,,,
2749,4/24/2025 13:56,30.46,58,,,,,
2750,4/24/2025 13:57,30.46,63.88,,,,,
2751,4/24/2025 13:58,30.46,70.12,,,,,
2752,4/24/2025 13:59,30.46,75.16,,,,,
2753,4/24/2025 14:00,30.46,80.16,,,,,
2754,4/24/2025 14:01,30.46,86.04,,,,,
2755,4/24/2025 14:02,30.46,91.12,,,,,
2756,4/24/2025 14:03,30.46,92.8,,,,,
2757,4/24/2025 14:04,30.41,100.28,,,,,
2758,4/24/2025 14:05,30.46,107.04,,,,,
2759,4/24/2025 14:06,30.41,113.68,,,,,
2760,4/24/2025 14:07,30.46,122.04,,,,,
2761,4/24/2025 14:08,30.5,117.04,,,,,
2762,4/24/2025 14:09,30.46,120.36,,,,,
2763,4/24/2025 14:10,30.46,113.68,,,,,
2764,4/24/2025 14:11,30.46,98.6,,,,,
2765,4/24/2025 14:12,30.46,80.16,,,,,
2766,4/24/2025 14:13,30.41,83.52,,,,,
2767,4/24/2025 14:14,30.46,110.36,,,,,
2768,4/24/2025 14:15,30.46,114.52,,,,,
2769,4/24/2025 14:16,30.46,110.36,,,,,
2770,4/24/2025 14:17,30.46,110.36,,,,,
2771,4/24/2025 14:18,30.46,110.36,,,,,
2772,4/24/2025 14:19,30.46,129.6,,,,,
2773,4/24/2025 14:20,30.46,169.76,,,,,
2774,4/24/2025 14:21,30.46,225.92,,,,,
2775,4/24/2025 14:22,30.46,292.08,,,,,
2776,4/24/2025 14:23,30.41,360.48,,,,,
2777,4/24/2025 14:24,30.46,424.96,,,,,
2778,4/24/2025 14:25,30.5,483.52,,,,,
2779,4/24/2025 14:26,30.46,538.08,,,,,
2780,4/24/2025 14:27,30.46,597.6,,,,,
2781,4/24/2025 14:28,30.41,649.92,,,,,
2782,4/24/2025 14:29,30.46,712,,,,,
2783,4/24/2025 14:30,30.46,761.28,,,,,
2784,4/24/2025 14:31,30.46,792.96,,,,,
2785,4/24/2025 14:32,30.46,830.4,,,,,
2786,4/24/2025 14:33,30.41,856,,,,,
2787,4/24/2025 14:34,30.5,885.44,,,,,
2788,4/24/2025 14:35,30.46,907.84,,,,,
2789,4/24/2025 14:36,30.46,928.64,,,,,
2790,4/24/2025 14:37,30.46,928.64,,,,,
2791,4/24/2025 14:38,30.46,889.6,,,,,
2792,4/24/2025 14:39,30.46,829.76,,,,,
2793,4/24/2025 14:40,30.46,782.08,,,,,
2794,4/24/2025 14:41,30.5,729.28,,,,,
2795,4/24/2025 14:42,30.46,686.4,,,,,
2796,4/24/2025 14:43,30.41,655.68,,,,,
2797,4/24/2025 14:44,30.46,627.52,,,,,
2798,4/24/2025 14:45,30.46,581.28,,,,,
2799,4/24/2025 14:46,30.5,582.08,,,,,
2800,4/24/2025 14:47,30.41,709.44,,,,,
2801,4/24/2025 14:48,30.46,731.84,,,,,
2802,4/24/2025 14:49,30.46,842.24,,,,,
2803,4/24/2025 14:50,30.46,1022.08,,,,,
2804,4/24/2025 14:51,30.46,1169.28,,,,,
2805,4/24/2025 14:52,30.46,1234.24,,,,,
2806,4/24/2025 14:53,30.46,1614.72,,,,,
2807,4/24/2025 14:54,30.5,1629.44,,,,,
2808,4/24/2025 14:55,30.5,1434.88,,,,,
2809,4/24/2025 14:56,30.46,1484.8,,,,,
2810,4/24/2025 14:57,30.46,1603.84,,,,,
2811,4/24/2025 14:58,30.5,1652.48,,,,,
2812,4/24/2025 14:59,30.5,1568,,,,,
2813,4/24/2025 15:00,30.5,1418.88,,,,,
2814,4/24/2025 15:01,30.41,1438.72,,,,,
2815,4/24/2025 15:02,30.46,1341.44,,,,,
2816,4/24/2025 15:03,30.46,1275.84,,,,,
2817,4/24/2025 15:04,30.46,1233.28,,,,,
2818,4/24/2025 15:05,30.46,1201.6,,,,,
2819,4/24/2025 15:06,30.46,1164.16,,,,,
2820,4/24/2025 15:07,30.46,1145.28,,,,,
2821,4/24/2025 15:08,30.46,1138.56,,,,,
2822,4/24/2025 15:09,30.46,1072,,,,,
2823,4/24/2025 15:10,30.5,1103.36,,,,,
2824,4/24/2025 15:11,30.5,1128.64,,,,,
2825,4/24/2025 15:12,30.46,1130.24,,,,,
2826,4/24/2025 15:13,30.41,1133.44,,,,,
2827,4/24/2025 15:14,30.5,1125.12,,,,,
2828,4/24/2025 15:15,30.46,1123.52,,,,,
2829,4/24/2025 15:16,30.41,1124.48,,,,,
2830,4/24/2025 15:17,30.46,1130.24,,,,,
2831,4/24/2025 15:18,30.41,1150.08,,,,,
2832,4/24/2025 15:19,30.41,1169.28,,,,,
2833,4/24/2025 15:20,30.46,1180.16,,,,,
2834,4/24/2025 15:21,30.46,1183.36,,,,,
2835,4/24/2025 15:22,30.5,1180.8,,,,,
2836,4/24/2025 15:23,30.41,1157.76,,,,,
2837,4/24/2025 15:24,30.41,1141.76,,,,,
2838,4/24/2025 15:25,30.46,1109.44,,,,,
2839,4/24/2025 15:26,30.41,1085.12,,,,,
2840,4/24/2025 15:27,30.5,1043.52,,,,,
2841,4/24/2025 15:28,30.46,978.56,,,,,
2842,4/24/2025 15:29,30.46,922.88,,,,,
2843,4/24/2025 15:30,30.46,873.28,,,,,
2844,4/24/2025 15:31,30.46,855.04,,,,,
2845,4/24/2025 15:32,30.46,832.32,,,,,
2846,4/24/2025 15:33,30.46,797.12,,,,,
2847,4/24/2025 15:34,30.46,762.56,,,,,
2848,4/24/2025 15:35,30.41,720.96,,,,,
2849,4/24/2025 15:36,30.46,630.88,,,,,
2850,4/24/2025 15:37,30.46,607.04,,,,,
2851,4/24/2025 15:38,30.41,601.28,,,,,
2852,4/24/2025 15:39,30.37,594.56,,,,,
2853,4/24/2025 15:40,30.46,592.16,,,,,
2854,4/24/2025 15:41,30.46,589.6,,,,,
2855,4/24/2025 15:42,30.41,588,,,,,
2856,4/24/2025 15:43,30.46,584.64,,,,,
2857,4/24/2025 15:44,30.5,578.88,,,,,
2858,4/24/2025 15:45,30.46,573.76,,,,,
2859,4/24/2025 15:46,30.41,570.56,,,,,
2860,4/24/2025 15:47,30.41,570.56,,,,,
2861,4/24/2025 15:48,30.41,572.16,,,,,
2862,4/24/2025 15:49,30.46,569.6,,,,,
2863,4/24/2025 15:50,30.46,563.04,,,,,
2864,4/24/2025 15:51,30.46,563.04,,,,,
2865,4/24/2025 15:52,30.46,563.84,,,,,
2866,4/24/2025 15:53,30.41,565.44,,,,,
2867,4/24/2025 15:54,30.5,567.2,,,,,
2868,4/24/2025 15:55,30.5,570.56,,,,,
2869,4/24/2025 15:56,30.46,569.6,,,,,
2870,4/24/2025 15:57,30.5,571.36,,,,,
2871,4/24/2025 15:58,30.41,573.76,,,,,
2872,4/24/2025 15:59,30.46,575.52,,,,,
2873,4/24/2025 16:00,30.46,578.88,,,,,
2874,4/24/2025 16:01,30.46,581.28,,,,,
2875,4/24/2025 16:02,30.41,592.96,,,,,
2876,4/24/2025 16:03,30.41,598.72,,,,,
2877,4/24/2025 16:04,30.41,602.08,,,,,
2878,4/24/2025 16:05,30.46,610.4,,,,,
2879,4/24/2025 16:06,30.41,622.88,,,,,
2880,4/24/2025 16:07,30.5,650.88,,,,,
2881,4/24/2025 16:08,30.5,687.36,,,,,
2882,4/24/2025 16:09,30.41,737.6,,,,,
2883,4/24/2025 16:10,30.46,788.16,,,,,
2884,4/24/2025 16:11,30.46,841.28,,,,,
2885,4/24/2025 16:12,30.46,870.72,,,,,
2886,4/24/2025 16:13,30.5,949.44,,,,,
2887,4/24/2025 16:14,30.5,1116.16,,,,,
2888,4/24/2025 16:15,30.5,1358.08,,,,,
2889,4/24/2025 16:16,30.5,1516.8,,,,,
2890,4/24/2025 16:17,30.54,1714.56,,,,,
2891,4/24/2025 16:18,30.54,1782.4,,,,,
2892,4/24/2025 16:19,30.54,1669.12,,,,,
2893,4/24/2025 16:20,30.54,1620.48,,,,,
2894,4/24/2025 16:21,30.54,1732.48,,,,,
2895,4/24/2025 16:22,30.54,1824,,,,,
2896,4/24/2025 16:23,30.54,1857.28,,,,,
2897,4/24/2025 16:24,30.54,1872.64,,,,,
2898,4/24/2025 16:25,30.54,1875.84,,,,,
2899,4/24/2025 16:26,30.54,1839.36,,,,,
2900,4/24/2025 16:27,30.54,1789.44,,,,,
2901,4/24/2025 16:28,30.54,1710.72,,,,,
2902,4/24/2025 16:29,30.54,1790.72,,,,,
2903,4/24/2025 16:30,30.54,1920.64,,,,,
2904,4/24/2025 16:31,30.54,1898.88,,,,,
2905,4/24/2025 16:32,30.5,1756.16,,,,,
2906,4/24/2025 16:33,30.54,1546.88,,,,,
2907,4/24/2025 16:34,30.54,1969.28,,,,,
2908,4/24/2025 16:35,30.59,2266.88,,,,,
2909,4/24/2025 16:36,30.59,2273.92,,,,,
2910,4/24/2025 16:37,30.54,2158.72,,,,,
2911,4/24/2025 16:38,30.54,2255.36,,,,,
2912,4/24/2025 16:39,30.59,2186.88,,,,,
2913,4/24/2025 16:40,30.59,2543.36,,,,,
2914,4/24/2025 16:41,30.59,2498.56,,,,,
2915,4/24/2025 16:42,30.63,2588.16,,,,,
2916,4/24/2025 16:43,30.59,2017.28,,,,,
2917,4/24/2025 16:44,30.63,2421.76,,,,,
2918,4/24/2025 16:45,30.59,1656.32,,,,,
2919,4/24/2025 16:46,30.59,1585.92,,,,,
2920,4/24/2025 16:47,30.59,1539.2,,,,,
2921,4/24/2025 16:48,30.54,2183.68,,,,,
2922,4/24/2025 16:49,30.63,2300.16,,,,,
2923,4/24/2025 16:50,30.59,2531.84,,,,,
2924,4/24/2025 16:51,30.54,2536.96,,,,,
2925,4/24/2025 16:52,30.59,2536.96,,,,,
2926,4/24/2025 16:53,30.59,2859.52,,,,,
2927,4/24/2025 16:54,30.59,2800.64,,,,,
2928,4/24/2025 16:55,30.63,1868.8,,,,,
2929,4/24/2025 16:56,30.59,1822.72,,,,,
2930,4/24/2025 16:57,30.63,2002.56,,,,,
2931,4/24/2025 16:58,30.59,2198.4,,,,,
2932,4/24/2025 16:59,30.59,2014.08,,,,,
2933,4/24/2025 17:00,30.63,2028.8,,,,,
2934,4/24/2025 17:01,30.63,2947.84,,,,,
2935,4/24/2025 17:02,30.63,3238.4,,,,,
2936,4/24/2025 17:03,30.59,3130.88,,,,,
2937,4/24/2025 17:04,30.67,2849.28,,,,,
2938,4/24/2025 17:05,30.67,2488.32,,,,,
2939,4/24/2025 17:06,30.67,2092.16,,,,,
2940,4/24/2025 17:07,30.63,1925.76,,,,,
2941,4/24/2025 17:08,30.63,1701.12,,,,,
2942,4/24/2025 17:09,30.67,1795.84,,,,,
2943,4/24/2025 17:10,30.63,2070.4,,,,,
2944,4/24/2025 17:11,30.63,2407.04,,,,,
2945,4/24/2025 17:12,30.63,2413.44,,,,,
2946,4/24/2025 17:13,30.67,2455.04,,,,,
2947,4/24/2025 17:14,30.63,2622.72,,,,,
2948,4/24/2025 17:15,30.67,2574.72,,,,,
2949,4/24/2025 17:16,30.63,2430.08,,,,,
2950,4/24/2025 17:17,30.63,2671.36,,,,,
2951,4/24/2025 17:18,30.63,2085.76,,,,,
2952,4/24/2025 17:19,30.63,1950.72,,,,,
2953,4/24/2025 17:20,30.67,3014.4,,,,,
2954,4/24/2025 17:21,30.63,2022.4,,,,,
2955,4/24/2025 17:22,30.63,1697.92,,,,,
2956,4/24/2025 17:23,30.63,1464.32,,,,,
2957,4/24/2025 17:24,30.63,1038.72,,,,,
2958,4/24/2025 17:25,30.63,787.52,,,,,
2959,4/24/2025 17:26,30.54,754.24,,,,,
2960,4/24/2025 17:27,30.54,741.76,,,,,
2961,4/24/2025 17:28,30.59,696.64,,,,,
2962,4/24/2025 17:29,30.54,636.32,,,,,
2963,4/24/2025 17:30,30.54,544.32,,,,,
2964,4/24/2025 17:31,30.54,418.24,,,,,
2965,4/24/2025 17:32,30.54,337.92,,,,,
2966,4/24/2025 17:33,30.59,322.88,,,,,
2967,4/24/2025 17:34,30.54,442.24,,,,,
2968,4/24/2025 17:35,30.59,558.08,,,,,
2969,4/24/2025 17:36,30.54,617.92,,,,,
2970,4/24/2025 17:37,30.59,842.88,,,,,
2971,4/24/2025 17:38,30.54,970.24,,,,,
2972,4/24/2025 17:39,30.59,1114.24,,,,,
2973,4/24/2025 17:40,30.59,1472.64,,,,,
2974,4/24/2025 17:41,30.63,2135.68,,,,,
2975,4/24/2025 17:42,30.63,2731.52,,,,,
2976,4/24/2025 17:43,30.67,2781.44,,,,,
2977,4/24/2025 17:44,30.63,2643.2,,,,,
2978,4/24/2025 17:45,30.67,2936.32,,,,,
2979,4/24/2025 17:46,30.63,3037.44,,,,,
2980,4/24/2025 17:47,30.67,3299.84,,,,,
2981,4/24/2025 17:48,30.67,3324.16,,,,,
2982,4/24/2025 17:49,30.67,3404.8,,,,,
2983,4/24/2025 17:50,30.71,3681.28,,,,,
2984,4/24/2025 17:51,30.71,3828.48,,,,,
2985,4/24/2025 17:52,30.71,3924.48,,,,,
2986,4/24/2025 17:53,30.71,4014.08,,,,,
2987,4/24/2025 17:54,30.71,4410.88,,,,,
2988,4/24/2025 17:55,30.76,5022.72,,,,,
2989,4/24/2025 17:56,30.76,5192.96,,,,,
2990,4/24/2025 17:57,30.76,5665.28,,,,,
2991,4/24/2025 17:58,30.8,5468.16,,,,,
2992,4/24/2025 17:59,30.8,5506.56,,,,,
2993,4/24/2025 18:00,30.8,5486.08,,,,,
2994,4/24/2025 18:01,30.84,5281.28,,,,,
2995,4/24/2025 18:02,30.8,5409.28,,,,,
2996,4/24/2025 18:03,30.8,5862.4,,,,,
2997,4/24/2025 18:04,30.76,5509.12,,,,,
2998,4/24/2025 18:05,30.8,5116.16,,,,,
2999,4/24/2025 18:06,30.84,4897.28,,,,,
3000,4/24/2025 18:07,30.84,4856.32,,,,,
3001,4/24/2025 18:08,30.84,4616.96,,,,,
3002,4/24/2025 18:09,30.8,4590.08,,,,,
3003,4/24/2025 18:10,30.8,4433.92,,,,,
3004,4/24/2025 18:11,30.84,5342.72,,,,,
3005,4/24/2025 18:12,30.8,5047.04,,,,,
3006,4/24/2025 18:13,30.84,3831.04,,,,,
3007,4/24/2025 18:14,30.84,4147.2,,,,,
3008,4/24/2025 18:15,30.8,4084.48,,,,,
3009,4/24/2025 18:16,30.8,3175.68,,,,,
3010,4/24/2025 18:17,30.8,2222.08,,,,,
3011,4/24/2025 18:18,30.8,2486.4,,,,,
3012,4/24/2025 18:19,30.8,2000.64,,,,,
3013,4/24/2025 18:20,30.71,1817.6,,,,,
3014,4/24/2025 18:21,30.71,2128.64,,,,,
3015,4/24/2025 18:22,30.8,2144,,,,,
3016,4/24/2025 18:23,30.71,2023.68,,,,,
3017,4/24/2025 18:24,30.76,2243.84,,,,,
3018,4/24/2025 18:25,30.8,3016.96,,,,,
3019,4/24/2025 18:26,30.8,4300.8,,,,,
3020,4/24/2025 18:27,30.8,4427.52,,,,,
3021,4/24/2025 18:28,30.84,4581.12,,,,,
3022,4/24/2025 18:29,30.84,4560.64,,,,,
3023,4/24/2025 18:30,30.84,4756.48,,,,,
3024,4/24/2025 18:31,30.89,4689.92,,,,,
3025,4/24/2025 18:32,30.89,4067.84,,,,,
3026,4/24/2025 18:33,30.84,4024.32,,,,,
3027,4/24/2025 18:34,30.93,4404.48,,,,,
3028,4/24/2025 18:35,30.84,4317.44,,,,,
3029,4/24/2025 18:36,30.93,4257.28,,,,,
3030,4/24/2025 18:37,30.84,3961.6,,,,,
3031,4/24/2025 18:38,30.89,4254.72,,,,,
3032,4/24/2025 18:39,30.84,3934.72,,,,,
3033,4/24/2025 18:40,30.89,3808,,,,,
3034,4/24/2025 18:41,30.93,4005.12,,,,,
3035,4/24/2025 18:42,30.84,3872,,,,,
3036,4/24/2025 18:43,30.84,3791.36,,,,,
3037,4/24/2025 18:44,30.93,3498.24,,,,,
3038,4/24/2025 18:45,30.89,3685.12,,,,,
3039,4/24/2025 18:46,30.89,2727.68,,,,,
3040,4/24/2025 18:47,30.84,1923.84,,,,,
3041,4/24/2025 18:48,30.89,2044.16,,,,,
3042,4/24/2025 18:49,30.89,3857.92,,,,,
3043,4/24/2025 18:50,30.93,3855.36,,,,,
3044,4/24/2025 18:51,30.89,3924.48,,,,,
3045,4/24/2025 18:52,30.93,3907.84,,,,,
3046,4/24/2025 18:53,30.93,3957.76,,,,,
3047,4/24/2025 18:54,30.93,3994.88,,,,,
3048,4/24/2025 18:55,30.89,4084.48,,,,,
3049,4/24/2025 18:56,30.93,4200.96,,,,,
3050,4/24/2025 18:57,30.93,4321.28,,,,,
3051,4/24/2025 18:58,30.93,4430.08,,,,,
3052,4/24/2025 18:59,30.97,4533.76,,,,,
3053,4/24/2025 19:00,30.97,4640,,,,,
3054,4/24/2025 19:01,30.97,4727.04,,,,,
3055,4/24/2025 19:02,31.01,4800,,,,,
3056,4/24/2025 19:03,30.97,4847.36,,,,,
3057,4/24/2025 19:04,31.01,4067.84,,,,,
3058,4/24/2025 19:05,31.01,5146.88,,,,,
3059,4/24/2025 19:06,31.01,5099.52,,,,,
3060,4/24/2025 19:07,31.06,5153.28,,,,,
3061,4/24/2025 19:08,31.06,5223.68,,,,,
3062,4/24/2025 19:09,31.06,5291.52,,,,,
3063,4/24/2025 19:10,31.06,5186.56,,,,,
3064,4/24/2025 19:11,31.06,5680.64,,,,,
3065,4/24/2025 19:12,31.01,5882.88,,,,,
3066,4/24/2025 19:13,31.06,6287.36,,,,,
3067,4/24/2025 19:14,31.01,6627.84,,,,,
3068,4/24/2025 19:15,31.06,4623.36,,,,,
3069,4/24/2025 19:16,31.1,7124.48,,,,,
3070,4/24/2025 19:17,31.06,7436.8,,,,,
3071,4/24/2025 19:18,31.1,6830.08,,,,,
3072,4/24/2025 19:19,31.14,7677.44,,,,,
3073,4/24/2025 19:20,31.19,7936,,,,,
3074,4/24/2025 19:21,31.19,6284.8,,,,,
3075,4/24/2025 19:22,31.19,7723.52,,,,,
3076,4/24/2025 19:23,31.19,8476.16,,,,,
3077,4/24/2025 19:24,31.23,8555.52,,,,,
3078,4/24/2025 19:25,31.23,8688.64,,,,,
3079,4/24/2025 19:26,31.27,8834.56,,,,,
3080,4/24/2025 19:27,31.31,8901.12,,,,,
3081,4/24/2025 19:28,31.27,8855.04,,,,,
3082,4/24/2025 19:29,31.27,8954.88,,,,,
3083,4/24/2025 19:30,31.27,9008.64,,,,,
3084,4/24/2025 19:31,31.31,9221.12,,,,,
3085,4/24/2025 19:32,31.31,9500.16,,,,,
3086,4/24/2025 19:33,31.36,9679.36,,,,,
3087,4/24/2025 19:34,31.31,9994.24,,,,,
3088,4/24/2025 19:35,31.4,10365.44,,,,,
3089,4/24/2025 19:36,31.36,10644.48,,,,,
3090,4/24/2025 19:37,31.36,10972.16,,,,,
3091,4/24/2025 19:38,31.4,11084.8,,,,,
3092,4/24/2025 19:39,31.36,11929.6,,,,,
3093,4/24/2025 19:40,31.44,12421.12,,,,,
3094,4/24/2025 19:41,31.44,12999.68,,,,,
3095,4/24/2025 19:42,31.44,10931.2,,,,,
3096,4/24/2025 19:43,31.44,12354.56,,,,,
3097,4/24/2025 19:44,31.49,14673.92,,,,,
3098,4/24/2025 19:45,31.53,15303.68,,,,,
3099,4/24/2025 19:46,31.57,15912.96,,,,,
3100,4/24/2025 19:47,31.61,15093.76,,,,,
3101,4/24/2025 19:48,31.57,17438.72,,,,,
3102,4/24/2025 19:49,31.66,18196.48,,,,,
3103,4/24/2025 19:50,31.7,18959.36,,,,,
3104,4/24/2025 19:51,31.74,17730.56,,,,,
3105,4/24/2025 19:52,31.74,20259.84,,,,,
3106,4/24/2025 19:53,31.83,21073.92,,,,,
3107,4/24/2025 19:54,31.79,21452.8,,,,,
3108,4/24/2025 19:55,31.83,16798.72,,,,,
3109,4/24/2025 19:56,31.74,11438.08,,,,,
3110,4/24/2025 19:57,31.61,8675.84,,,,,
3111,4/24/2025 19:58,31.53,3091.2,,,,,
3112,4/24/2025 19:59,31.49,2558.08,,,,,
3113,4/24/2025 20:00,31.31,1591.68,,,,,
3114,4/24/2025 20:01,31.27,1502.08,,,,,
3115,4/24/2025 20:02,31.36,1875.84,,,,,
3116,4/24/2025 20:03,31.27,1977.6,,,,,
3117,4/24/2025 20:04,31.31,1992.32,,,,,
3118,4/24/2025 20:05,31.27,1893.76,,,,,
3119,4/24/2025 20:06,31.23,1978.88,,,,,
3120,4/24/2025 20:07,31.31,2106.88,,,,,
3121,4/24/2025 20:08,31.27,2282.24,,,,,
3122,4/24/2025 20:09,31.31,2531.84,,,,,
3123,4/24/2025 20:10,31.31,2781.44,,,,,
3124,4/24/2025 20:11,31.27,2991.36,,,,,
3125,4/24/2025 20:12,31.27,3161.6,,,,,
3126,4/24/2025 20:13,31.27,3502.08,,,,,
3127,4/24/2025 20:14,31.31,3481.6,,,,,
3128,4/24/2025 20:15,31.31,3528.96,,,,,
3129,4/24/2025 20:16,31.31,3795.2,,,,,
3130,4/24/2025 20:17,31.31,4423.68,,,,,
3131,4/24/2025 20:18,31.36,4510.72,,,,,
3132,4/24/2025 20:19,31.57,27463.68,,,,,
3133,4/24/2025 20:20,31.83,33710.08,,,,,
3134,4/24/2025 20:21,32,33525.76,,,,,
3135,4/24/2025 20:22,32.04,29480.96,,,,,
3136,4/24/2025 20:23,32,32071.68,,,,,
3137,4/24/2025 20:24,32.09,29532.16,,,,,
3138,4/24/2025 20:25,32.17,29255.68,,,,,
3139,4/24/2025 20:26,32.13,15703.04,,,,,
3140,4/24/2025 20:27,32.17,29429.76,,,,,
3141,4/24/2025 20:28,32.17,28876.8,,,,,
3142,4/24/2025 20:29,32.13,27965.44,,,,,
3143,4/24/2025 20:30,32.17,26798.08,,,,,
3144,4/24/2025 20:31,32.17,26982.4,,,,,
3145,4/24/2025 20:32,32.22,25845.76,,,,,
3146,4/24/2025 20:33,32.17,25436.16,,,,,
3147,4/24/2025 20:34,32,21432.32,,,,,
3148,4/24/2025 20:35,32.04,23408.64,,,,,
3149,4/24/2025 20:36,32.09,23449.6,,,,,
3150,4/24/2025 20:37,32.13,23572.48,,,,,
3151,4/24/2025 20:38,32.09,23603.2,,,,,
3152,4/24/2025 20:39,32.04,6604.8,,,,,
3153,4/24/2025 20:40,31.96,5800.96,,,,,
3154,4/24/2025 20:41,31.74,5166.08,,,,,
3155,4/24/2025 20:42,31.7,3115.52,,,,,
3156,4/24/2025 20:43,31.74,24074.24,,,,,
3157,4/24/2025 20:44,31.92,23961.6,,,,,
3158,4/24/2025 20:45,32,23480.32,,,,,
3159,4/24/2025 20:46,31.87,5109.76,,,,,
3160,4/24/2025 20:47,31.96,22374.4,,,,,
3161,4/24/2025 20:48,32,21698.56,,,,,
3162,4/24/2025 20:49,32,21032.96,,,,,
3163,4/24/2025 20:50,32.09,21370.88,,,,,
3164,4/24/2025 20:51,31.92,8867.84,,,,,
3165,4/24/2025 20:52,32,19548.16,,,,,
3166,4/24/2025 20:53,32.04,19927.04,,,,,
3167,4/24/2025 20:54,32.04,20208.64,,,,,
3168,4/24/2025 20:55,32.09,20259.84,,,,,
3169,4/24/2025 20:56,32.04,20408.32,,,,,
3170,4/24/2025 20:57,32.04,21985.28,,,,,
3171,4/24/2025 20:58,31.92,3385.6,,,,,
3172,4/24/2025 20:59,31.92,21688.32,,,,,
3173,4/24/2025 21:00,32.04,21985.28,,,,,
3174,4/24/2025 21:01,31.92,22159.36,,,,,
3175,4/24/2025 21:02,31.96,6464,,,,,
3176,4/24/2025 21:03,31.92,21780.48,,,,,
3177,4/24/2025 21:04,32.09,22589.44,,,,,
3178,4/24/2025 21:05,32.09,23162.88,,,,,
3179,4/24/2025 21:06,32.13,23941.12,,,,,
3180,4/24/2025 21:07,32.13,24350.72,,,,,
3181,4/24/2025 21:08,32.17,24442.88,,,,,
3182,4/24/2025 21:09,32.22,24586.24,,,,,
3183,4/24/2025 21:10,32.22,25108.48,,,,,
3184,4/24/2025 21:11,32.17,23480.32,,,,,
3185,4/24/2025 21:12,32.17,22108.16,,,,,
3186,4/24/2025 21:13,32.13,21811.2,,,,,
3187,4/24/2025 21:14,32.13,18974.72,,,,,
3188,4/24/2025 21:15,32.09,18539.52,,,,,
3189,4/24/2025 21:16,32.09,14868.48,,,,,
3190,4/24/2025 21:17,32.09,18682.88,,,,,
3191,4/24/2025 21:18,32,5049.6,,,,,
3192,4/24/2025 21:19,32.04,17264.64,,,,,
3193,4/24/2025 21:20,32,19082.24,,,,,
3194,4/24/2025 21:21,31.96,5386.24,,,,,
3195,4/24/2025 21:22,31.96,17505.28,,,,,
3196,4/24/2025 21:23,32,16384,,,,,
3197,4/24/2025 21:24,32,11171.84,,,,,
3198,4/24/2025 21:25,31.92,14704.64,,,,,
3199,4/24/2025 21:26,31.96,14428.16,,,,,
3200,4/24/2025 21:27,31.92,14950.4,,,,,
3201,4/24/2025 21:28,31.87,12262.4,,,,,
3202,4/24/2025 21:29,31.87,13086.72,,,,,
3203,4/24/2025 21:30,31.87,12221.44,,,,,
3204,4/24/2025 21:31,31.87,8555.52,,,,,
3205,4/24/2025 21:32,31.87,10252.8,,,,,
3206,4/24/2025 21:33,31.79,6272,,,,,
3207,4/24/2025 21:34,31.83,5506.56,,,,,
3208,4/24/2025 21:35,31.74,4190.72,,,,,
3209,4/24/2025 21:36,31.66,4090.88,,,,,
3210,4/24/2025 21:37,31.66,4583.68,,,,,
3211,4/24/2025 21:38,31.66,4966.4,,,,,
3212,4/24/2025 21:39,31.66,4933.12,,,,,
3213,4/24/2025 21:40,31.7,5076.48,,,,,
3214,4/24/2025 21:41,31.7,5724.16,,,,,
3215,4/24/2025 21:42,31.7,4296.96,,,,,
3216,4/24/2025 21:43,31.66,7644.16,,,,,
3217,4/24/2025 21:44,31.66,4217.6,,,,,
3218,4/24/2025 21:45,31.66,7170.56,,,,,
3219,4/24/2025 21:46,31.7,5352.96,,,,,
3220,4/24/2025 21:47,31.66,3614.72,,,,,
3221,4/24/2025 21:48,31.61,3111.68,,,,,
3222,4/24/2025 21:49,31.61,2941.44,,,,,
3223,4/24/2025 21:50,31.57,2927.36,,,,,
3224,4/24/2025 21:51,31.61,3020.8,,,,,
3225,4/24/2025 21:52,31.61,3176.96,,,,,
3226,4/24/2025 21:53,31.61,3425.28,,,,,
3227,4/24/2025 21:54,31.61,3678.72,,,,,
3228,4/24/2025 21:55,31.61,3745.28,,,,,
3229,4/24/2025 21:56,31.57,3624.96,,,,,
3230,4/24/2025 21:57,31.66,6400,,,,,
3231,4/24/2025 21:58,31.74,7357.44,,,,,
3232,4/24/2025 21:59,31.79,7416.32,,,,,
3233,4/24/2025 22:00,31.7,3708.16,,,,,
3234,4/24/2025 22:01,31.66,5857.28,,,,,
3235,4/24/2025 22:02,31.74,6297.6,,,,,
3236,4/24/2025 22:03,31.74,5808.64,,,,,
3237,4/24/2025 22:04,31.74,6494.72,,,,,
3238,4/24/2025 22:05,31.74,6784,,,,,
3239,4/24/2025 22:06,31.74,6451.2,,,,,
3240,4/24/2025 22:07,31.7,6044.16,,,,,
3241,4/24/2025 22:08,31.7,5685.76,,,,,
3242,4/24/2025 22:09,31.74,5440,,,,,
3243,4/24/2025 22:10,31.74,5223.68,,,,,
3244,4/24/2025 22:11,31.66,5109.76,,,,,
3245,4/24/2025 22:12,31.74,5013.76,,,,,
3246,4/24/2025 22:13,31.7,4910.08,,,,,
3247,4/24/2025 22:14,31.7,4936.96,,,,,
3248,4/24/2025 22:15,31.7,4666.88,,,,,
3249,4/24/2025 22:16,31.74,5093.12,,,,,
3250,4/24/2025 22:17,31.74,5113.6,,,,,
3251,4/24/2025 22:18,31.74,5163.52,,,,,
3252,4/24/2025 22:19,31.66,5223.68,,,,,
3253,4/24/2025 22:20,31.7,5319.68,,,,,
3254,4/24/2025 22:21,31.7,5419.52,,,,,
3255,4/24/2025 22:22,31.66,5580.8,,,,,
3256,4/24/2025 22:23,31.7,5785.6,,,,,
3257,4/24/2025 22:24,31.7,5967.36,,,,,
3258,4/24/2025 22:25,31.74,6051.84,,,,,
3259,4/24/2025 22:26,31.74,5281.28,,,,,
3260,4/24/2025 22:27,31.74,5190.4,,,,,
3261,4/24/2025 22:28,31.7,4464.64,,,,,
3262,4/24/2025 22:29,31.74,3884.8,,,,,
3263,4/24/2025 22:30,31.7,4396.8,,,,,
3264,4/24/2025 22:31,31.74,4124.16,,,,,
3265,4/24/2025 22:32,31.7,3961.6,,,,,
3266,4/24/2025 22:33,31.7,3838.72,,,,,
3267,4/24/2025 22:34,31.61,3831.04,,,,,
3268,4/24/2025 22:35,31.7,3997.44,,,,,
3269,4/24/2025 22:36,31.66,4423.68,,,,,
3270,4/24/2025 22:37,31.66,4953.6,,,,,
3271,4/24/2025 22:38,31.66,5103.36,,,,,
3272,4/24/2025 22:39,31.74,5020.16,,,,,
3273,4/24/2025 22:40,31.7,4234.24,,,,,
3274,4/24/2025 22:41,31.7,4604.16,,,,,
3275,4/24/2025 22:42,31.7,2748.16,,,,,
3276,4/24/2025 22:43,31.61,3851.52,,,,,
3277,4/24/2025 22:44,31.66,3441.92,,,,,
3278,4/24/2025 22:45,31.66,3595.52,,,,,
3279,4/24/2025 22:46,31.7,3512.32,,,,,
3280,4/24/2025 22:47,31.66,3464.96,,,,,
3281,4/24/2025 22:48,31.66,3315.2,,,,,
3282,4/24/2025 22:49,31.66,3255.04,,,,,
3283,4/24/2025 22:50,31.7,3102.72,,,,,
3284,4/24/2025 22:51,31.66,1957.12,,,,,
3285,4/24/2025 22:52,31.66,1857.28,,,,,
3286,4/24/2025 22:53,31.57,2286.72,,,,,
3287,4/24/2025 22:54,31.53,2799.36,,,,,
3288,4/24/2025 22:55,31.57,2759.68,,,,,
3289,4/24/2025 22:56,31.61,2732.8,,,,,
3290,4/24/2025 22:57,31.61,2705.92,,,,,
3291,4/24/2025 22:58,31.7,2684.16,,,,,
3292,4/24/2025 22:59,31.61,2643.2,,,,,
3293,4/24/2025 23:00,31.61,2621.44,,,,,
3294,4/24/2025 23:01,31.61,2613.12,,,,,
3295,4/24/2025 23:02,31.57,2603.52,,,,,
3296,4/24/2025 23:03,31.66,2563.2,,,,,
3297,4/24/2025 23:04,31.61,2536.96,,,,,
3298,4/24/2025 23:05,31.57,2515.2,,,,,
3299,4/24/2025 23:06,31.66,2478.08,,,,,
3300,4/24/2025 23:07,31.61,2451.84,,,,,
3301,4/24/2025 23:08,31.53,2433.28,,,,,
3302,4/24/2025 23:09,31.61,2415.36,,,,,
3303,4/24/2025 23:10,31.66,2432,,,,,
3304,4/24/2025 23:11,31.57,2448.64,,,,,
3305,4/24/2025 23:12,31.61,2390.4,,,,,
3306,4/24/2025 23:13,31.61,2373.76,,,,,
3307,4/24/2025 23:14,31.57,2210.56,,,,,
3308,4/24/2025 23:15,31.61,2325.12,,,,,
3309,4/24/2025 23:16,31.57,2286.72,,,,,
3310,4/24/2025 23:17,31.57,2283.52,,,,,
3311,4/24/2025 23:18,31.57,2285.44,,,,,
3312,4/24/2025 23:19,31.53,2167.04,,,,,
3313,4/24/2025 23:20,31.53,2282.24,,,,,
3314,4/24/2025 23:21,31.53,2311.68,,,,,
3315,4/24/2025 23:22,31.57,2252.16,,,,,
3316,4/24/2025 23:23,31.61,2200.32,,,,,
3317,4/24/2025 23:24,31.57,2523.52,,,,,
3318,4/24/2025 23:25,31.53,2529.92,,,,,
3319,4/24/2025 23:26,31.57,2270.08,,,,,
3320,4/24/2025 23:27,31.53,2131.84,,,,,
3321,4/24/2025 23:28,31.57,2098.56,,,,,
3322,4/24/2025 23:29,31.53,2183.68,,,,,
3323,4/24/2025 23:30,31.53,2097.28,,,,,
3324,4/24/2025 23:31,31.53,2058.88,,,,,
3325,4/24/2025 23:32,31.53,2064,,,,,
3326,4/24/2025 23:33,31.53,2008.96,,,,,
3327,4/24/2025 23:34,31.53,1969.28,,,,,
3328,4/24/2025 23:35,31.57,1955.84,,,,,
3329,4/24/2025 23:36,31.49,1942.4,,,,,
3330,4/24/2025 23:37,31.53,2153.6,,,,,
3331,4/24/2025 23:38,31.49,2078.72,,,,,
3332,4/24/2025 23:39,31.49,2257.28,,,,,
3333,4/24/2025 23:40,31.53,2368.64,,,,,
3334,4/24/2025 23:41,31.53,2147.2,,,,,
3335,4/24/2025 23:42,31.49,1122.56,,,,,
3336,4/24/2025 23:43,31.44,984.64,,,,,
3337,4/24/2025 23:44,31.4,959.68,,,,,
3338,4/24/2025 23:45,31.44,882.88,,,,,
3339,4/24/2025 23:46,31.44,1887.36,,,,,
3340,4/24/2025 23:47,31.44,1839.36,,,,,
3341,4/24/2025 23:48,31.49,1682.56,,,,,
3342,4/24/2025 23:49,31.44,1930.88,,,,,
3343,4/24/2025 23:50,31.44,1418.88,,,,,
3344,4/24/2025 23:51,31.4,1157.76,,,,,
3345,4/24/2025 23:52,31.4,1388.16,,,,,
3346,4/24/2025 23:53,31.44,1739.52,,,,,
3347,4/24/2025 23:54,31.44,1645.44,,,,,
3348,4/24/2025 23:55,31.4,1530.24,,,,,
3349,4/24/2025 23:56,31.4,1522.56,,,,,
3350,4/24/2025 23:57,31.36,1515.52,,,,,
3351,4/24/2025 23:58,31.36,1485.44,,,,,
3352,4/24/2025 23:59,31.4,1473.92,,,,,
3353,4/25/2025 0:00,31.4,1495.68,,,,,
3354,4/25/2025 0:01,31.4,1480.96,,,,,
3355,4/25/2025 0:02,31.36,1563.52,,,,,
3356,4/25/2025 0:03,31.4,1564.16,,,,,
3357,4/25/2025 0:04,31.36,1550.08,,,,,
3358,4/25/2025 0:05,31.36,1486.08,,,,,
3359,4/25/2025 0:06,31.36,1624.96,,,,,
3360,4/25/2025 0:07,31.36,2346.88,,,,,
3361,4/25/2025 0:08,31.36,1990.4,,,,,
3362,4/25/2025 0:09,31.36,2108.8,,,,,
3363,4/25/2025 0:10,31.31,1546.24,,,,,
3364,4/25/2025 0:11,31.4,1812.48,,,,,
3365,4/25/2025 0:12,31.36,1220.8,,,,,
3366,4/25/2025 0:13,31.27,1170.24,,,,,
3367,4/25/2025 0:14,31.27,1518.08,,,,,
3368,4/25/2025 0:15,31.31,1734.4,,,,,
3369,4/25/2025 0:16,31.31,1208.32,,,,,
3370,4/25/2025 0:17,31.31,1352.96,,,,,
3371,4/25/2025 0:18,31.31,1280,,,,,
3372,4/25/2025 0:19,31.27,1516.16,,,,,
3373,4/25/2025 0:20,31.23,1401.6,,,,,
3374,4/25/2025 0:21,31.27,1425.28,,,,,
3375,4/25/2025 0:22,31.27,1532.16,,,,,
3376,4/25/2025 0:23,31.23,1548.8,,,,,
3377,4/25/2025 0:24,31.27,1390.72,,,,,
3378,4/25/2025 0:25,31.27,1452.8,,,,,
3379,4/25/2025 0:26,31.23,1055.36,,,,,
3380,4/25/2025 0:27,31.23,1014.4,,,,,
3381,4/25/2025 0:28,31.23,1391.36,,,,,
3382,4/25/2025 0:29,31.27,1252.48,,,,,
3383,4/25/2025 0:30,31.23,1078.4,,,,,
3384,4/25/2025 0:31,31.23,1121.92,,,,,
3385,4/25/2025 0:32,31.23,1255.68,,,,,
3386,4/25/2025 0:33,31.14,1125.12,,,,,
3387,4/25/2025 0:34,31.23,1016.96,,,,,
3388,4/25/2025 0:35,31.14,931.2,,,,,
3389,4/25/2025 0:36,31.14,856.32,,,,,
3390,4/25/2025 0:37,31.19,901.12,,,,,
3391,4/25/2025 0:38,31.19,912,,,,,
3392,4/25/2025 0:39,31.19,958.72,,,,,
3393,4/25/2025 0:40,31.14,937.92,,,,,
3394,4/25/2025 0:41,31.14,864.64,,,,,
3395,4/25/2025 0:42,31.14,849.6,,,,,
3396,4/25/2025 0:43,31.14,824,,,,,
3397,4/25/2025 0:44,31.19,848.96,,,,,
3398,4/25/2025 0:45,31.1,781.76,,,,,
3399,4/25/2025 0:46,31.14,739.52,,,,,
3400,4/25/2025 0:47,31.1,714.88,,,,,
3401,4/25/2025 0:48,31.1,727.68,,,,,
3402,4/25/2025 0:49,31.1,704.96,,,,,
3403,4/25/2025 0:50,31.14,718.08,,,,,
3404,4/25/2025 0:51,31.1,866.24,,,,,
3405,4/25/2025 0:52,31.14,957.12,,,,,
3406,4/25/2025 0:53,31.06,1093.44,,,,,
3407,4/25/2025 0:54,31.1,1314.56,,,,,
3408,4/25/2025 0:55,31.19,1030.4,,,,,
3409,4/25/2025 0:56,31.14,907.2,,,,,
3410,4/25/2025 0:57,31.06,1401.6,,,,,
3411,4/25/2025 0:58,31.1,1339.52,,,,,
3412,4/25/2025 0:59,31.14,1287.36,,,,,
3413,4/25/2025 1:00,31.1,1255.68,,,,,
3414,4/25/2025 1:01,31.06,1464.32,,,,,
3415,4/25/2025 1:02,31.1,1759.36,,,,,
3416,4/25/2025 1:03,31.1,1795.84,,,,,
3417,4/25/2025 1:04,31.1,1535.36,,,,,
3418,4/25/2025 1:05,31.06,1301.76,,,,,
3419,4/25/2025 1:06,31.1,1136,,,,,
3420,4/25/2025 1:07,31.1,1238.4,,,,,
3421,4/25/2025 1:08,31.06,1173.44,,,,,
3422,4/25/2025 1:09,31.06,1155.2,,,,,
3423,4/25/2025 1:10,31.01,1011.84,,,,,
3424,4/25/2025 1:11,31.01,824.64,,,,,
3425,4/25/2025 1:12,31.06,1025.28,,,,,
3426,4/25/2025 1:13,31.06,1174.4,,,,,
3427,4/25/2025 1:14,31.06,1112,,,,,
3428,4/25/2025 1:15,31.1,839.68,,,,,
3429,4/25/2025 1:16,31.01,720.32,,,,,
3430,4/25/2025 1:17,31.01,659.84,,,,,
3431,4/25/2025 1:18,31.06,649.92,,,,,
3432,4/25/2025 1:19,31.01,795.52,,,,,
3433,4/25/2025 1:20,31.01,837.12,,,,,
3434,4/25/2025 1:21,30.97,789.76,,,,,
3435,4/25/2025 1:22,31.01,695.68,,,,,
3436,4/25/2025 1:23,30.97,661.44,,,,,
3437,4/25/2025 1:24,31.01,721.92,,,,,
3438,4/25/2025 1:25,30.97,835.52,,,,,
3439,4/25/2025 1:26,31.01,861.76,,,,,
3440,4/25/2025 1:27,31.01,872.64,,,,,
3441,4/25/2025 1:28,30.97,832.96,,,,,
3442,4/25/2025 1:29,31.01,824,,,,,
3443,4/25/2025 1:30,30.93,871.68,,,,,
3444,4/25/2025 1:31,30.97,909.44,,,,,
3445,4/25/2025 1:32,30.97,884.48,,,,,
3446,4/25/2025 1:33,30.97,880.32,,,,,
3447,4/25/2025 1:34,31.01,757.12,,,,,
3448,4/25/2025 1:35,30.97,740.48,,,,,
3449,4/25/2025 1:36,30.93,712,,,,,
3450,4/25/2025 1:37,30.97,657.92,,,,,
3451,4/25/2025 1:38,30.93,635.04,,,,,
3452,4/25/2025 1:39,30.93,600,,,,,
3453,4/25/2025 1:40,30.93,505.12,,,,,
3454,4/25/2025 1:41,30.93,488.48,,,,,
3455,4/25/2025 1:42,30.93,471.84,,,,,
3456,4/25/2025 1:43,30.93,408.16,,,,,
3457,4/25/2025 1:44,30.93,361.44,,,,,
3458,4/25/2025 1:45,30.89,327.84,,,,,
3459,4/25/2025 1:46,30.89,303.76,,,,,
3460,4/25/2025 1:47,30.93,264.4,,,,,
3461,4/25/2025 1:48,30.93,221.6,,,,,
3462,4/25/2025 1:49,30.93,202.4,,,,,
3463,4/25/2025 1:50,30.93,197.44,,,,,
3464,4/25/2025 1:51,30.89,196.56,,,,,
3465,4/25/2025 1:52,30.89,183.28,,,,,
3466,4/25/2025 1:53,30.93,179.76,,,,,
3467,4/25/2025 1:54,30.84,168.08,,,,,
3468,4/25/2025 1:55,30.93,153.84,,,,,
3469,4/25/2025 1:56,30.84,140.44,,,,,
3470,4/25/2025 1:57,30.93,127.12,,,,,
3471,4/25/2025 1:58,30.89,135.44,,,,,
3472,4/25/2025 1:59,30.89,134.6,,,,,
3473,4/25/2025 2:00,30.93,122.84,,,,,
3474,4/25/2025 2:01,30.89,118.68,,,,,
3475,4/25/2025 2:02,30.89,109.52,,,,,
3476,4/25/2025 2:03,30.89,100.28,,,,,
3477,4/25/2025 2:04,30.84,88.64,,,,,
3478,4/25/2025 2:05,30.89,82.68,,,,,
3479,4/25/2025 2:06,30.8,76.4,,,,,
3480,4/25/2025 2:07,30.84,66.78,,,,,
3481,4/25/2025 2:08,30.84,60.5,,,,,
3482,4/25/2025 2:09,30.89,53.84,,,,,
3483,4/25/2025 2:10,30.89,47.54,,,,,
3484,4/25/2025 2:11,30.84,41.66,,,,,
3485,4/25/2025 2:12,30.84,35.42,,,,,
3486,4/25/2025 2:13,30.84,28.81,,,,,
3487,4/25/2025 2:14,30.84,23.79,,,,,
3488,4/25/2025 2:15,30.8,20.02,,,,,
3489,4/25/2025 2:16,30.84,17.29,,,,,
3490,4/25/2025 2:17,30.84,13.34,,,,,
3491,4/25/2025 2:18,30.84,11.02,,,,,
3492,4/25/2025 2:19,30.8,8.94,,,,,
3493,4/25/2025 2:20,30.84,6.86,,,,,
3494,4/25/2025 2:21,30.76,4.99,,,,,
3495,4/25/2025 2:22,30.84,3.74,,,,,
3496,4/25/2025 2:23,30.8,2.7,,,,,
3497,4/25/2025 2:24,30.8,1.87,,,,,
3498,4/25/2025 2:25,30.84,1.45,,,,,
3499,4/25/2025 2:26,30.84,1.04,,,,,
3500,4/25/2025 2:27,30.8,0.62,,,,,
3501,4/25/2025 2:28,30.8,0.41,,,,,
3502,4/25/2025 2:29,30.8,0.2,,,,,
3503,4/25/2025 2:30,30.76,0.2,,,,,
3504,4/25/2025 2:31,30.8,0,,,,,
3505,4/25/2025 2:32,30.8,0,,,,,
3506,4/25/2025 2:33,30.8,0,,,,,
3507,4/25/2025 2:34,30.8,0,,,,,
3508,4/25/2025 2:35,30.8,0,,,,,
3509,4/25/2025 2:36,30.76,0,,,,,
3510,4/25/2025 2:37,30.76,0,,,,,
3511,4/25/2025 2:38,30.71,0,,,,,
3512,4/25/2025 2:39,30.76,0,,,,,
3513,4/25/2025 2:40,30.76,0,,,,,
3514,4/25/2025 2:41,30.76,0,,,,,
3515,4/25/2025 2:42,30.76,0,,,,,
3516,4/25/2025 2:43,30.76,0,,,,,
3517,4/25/2025 2:44,30.8,0,,,,,
3518,4/25/2025 2:45,30.76,0,,,,,
3519,4/25/2025 2:46,30.71,0,,,,,
3520,4/25/2025 2:47,30.71,0,,,,,
3521,4/25/2025 2:48,30.71,0,,,,,
3522,4/25/2025 2:49,30.71,0,,,,,
3523,4/25/2025 2:50,30.76,0,,,,,
3524,4/25/2025 2:51,30.76,0,,,,,
3525,4/25/2025 2:52,30.76,0,,,,,
3526,4/25/2025 2:53,30.76,0,,,,,
3527,4/25/2025 2:54,30.71,0,,,,,
3528,4/25/2025 2:55,30.71,0,,,,,
3529,4/25/2025 2:56,30.71,0,,,,,
3530,4/25/2025 2:57,30.71,0,,,,,
3531,4/25/2025 2:58,30.76,0,,,,,
3532,4/25/2025 2:59,30.71,0,,,,,
3533,4/25/2025 3:00,30.71,0,,,,,
3534,4/25/2025 3:01,30.71,0,,,,,
3535,4/25/2025 3:02,30.76,0,,,,,
3536,4/25/2025 3:03,30.71,0,,,,,
3537,4/25/2025 3:04,30.71,0,,,,,
3538,4/25/2025 3:05,30.71,0,,,,,
3539,4/25/2025 3:06,30.71,0,,,,,
3540,4/25/2025 3:07,30.71,0,,,,,
3541,4/25/2025 3:08,30.67,0,,,,,
3542,4/25/2025 3:09,30.71,0,,,,,
3543,4/25/2025 3:10,30.71,0,,,,,
3544,4/25/2025 3:11,30.67,0,,,,,
3545,4/25/2025 3:12,30.71,0,,,,,
3546,4/25/2025 3:13,30.71,0,,,,,
3547,4/25/2025 3:14,30.71,0,,,,,
3548,4/25/2025 3:15,30.71,0,,,,,
3549,4/25/2025 3:16,30.67,0,,,,,
3550,4/25/2025 3:17,30.71,0,,,,,
3551,4/25/2025 3:18,30.71,0,,,,,
3552,4/25/2025 3:19,30.67,0,,,,,
3553,4/25/2025 3:20,30.71,0,,,,,
3554,4/25/2025 3:21,30.71,0,,,,,
3555,4/25/2025 3:22,30.67,0,,,,,
3556,4/25/2025 3:23,30.67,0,,,,,
3557,4/25/2025 3:24,30.71,0,,,,,
3558,4/25/2025 3:25,30.71,0,,,,,
3559,4/25/2025 3:26,30.67,0,,,,,
3560,4/25/2025 3:27,30.67,0,,,,,
3561,4/25/2025 3:28,30.71,0,,,,,
3562,4/25/2025 3:29,30.71,0,,,,,
3563,4/25/2025 3:30,30.67,0,,,,,
3564,4/25/2025 3:31,30.71,0,,,,,
3565,4/25/2025 3:32,30.71,0,,,,,
3566,4/25/2025 3:33,30.71,0,,,,,
3567,4/25/2025 3:34,30.71,0,,,,,
3568,4/25/2025 3:35,30.67,0,,,,,
3569,4/25/2025 3:36,30.67,0,,,,,
3570,4/25/2025 3:37,30.67,0,,,,,
3571,4/25/2025 3:38,30.71,0,,,,,
3572,4/25/2025 3:39,30.67,0,,,,,
3573,4/25/2025 3:40,30.67,0,,,,,
3574,4/25/2025 3:41,30.71,0,,,,,
3575,4/25/2025 3:42,30.67,0,,,,,
3576,4/25/2025 3:43,30.63,0,,,,,
3577,4/25/2025 3:44,30.67,0,,,,,
3578,4/25/2025 3:45,30.67,0,,,,,
3579,4/25/2025 3:46,30.67,0,,,,,
3580,4/25/2025 3:47,30.67,0,,,,,
3581,4/25/2025 3:48,30.67,0,,,,,
3582,4/25/2025 3:49,30.67,0,,,,,
3583,4/25/2025 3:50,30.63,0,,,,,
3584,4/25/2025 3:51,30.67,0,,,,,
3585,4/25/2025 3:52,30.67,0,,,,,
3586,4/25/2025 3:53,30.63,0,,,,,
3587,4/25/2025 3:54,30.67,0,,,,,
3588,4/25/2025 3:55,30.67,0,,,,,
3589,4/25/2025 3:56,30.67,0,,,,,
3590,4/25/2025 3:57,30.63,0,,,,,
3591,4/25/2025 3:58,30.67,0,,,,,
3592,4/25/2025 3:59,30.63,0,,,,,
3593,4/25/2025 4:00,30.63,0,,,,,
3594,4/25/2025 4:01,30.63,0,,,,,
3595,4/25/2025 4:02,30.67,0,,,,,
3596,4/25/2025 4:03,30.63,0,,,,,
3597,4/25/2025 4:04,30.63,0,,,,,
3598,4/25/2025 4:05,30.63,0,,,,,
3599,4/25/2025 4:06,30.63,0,,,,,
3600,4/25/2025 4:07,30.67,0,,,,,
3601,4/25/2025 4:08,30.67,0,,,,,
3602,4/25/2025 4:09,30.63,0,,,,,
3603,4/25/2025 4:10,30.59,0,,,,,
3604,4/25/2025 4:11,30.63,0,,,,,
3605,4/25/2025 4:12,30.63,0,,,,,
3606,4/25/2025 4:13,30.63,0,,,,,
3607,4/25/2025 4:14,30.59,0,,,,,
3608,4/25/2025 4:15,30.67,0,,,,,
3609,4/25/2025 4:16,30.67,0,,,,,
3610,4/25/2025 4:17,30.63,0,,,,,
3611,4/25/2025 4:18,30.59,0,,,,,
3612,4/25/2025 4:19,30.59,0,,,,,
3613,4/25/2025 4:20,30.59,0,,,,,
3614,4/25/2025 4:21,30.63,0,,,,,
3615,4/25/2025 4:22,30.63,0,,,,,
3616,4/25/2025 4:23,30.63,0,,,,,
3617,4/25/2025 4:24,30.63,0,,,,,
3618,4/25/2025 4:25,30.63,0,,,,,
3619,4/25/2025 4:26,30.63,0,,,,,
3620,4/25/2025 4:27,30.63,0,,,,,
3621,4/25/2025 4:28,30.54,0,,,,,
3622,4/25/2025 4:29,30.63,0,,,,,
3623,4/25/2025 4:30,30.63,0,,,,,
3624,4/25/2025 4:31,30.59,0,,,,,
3625,4/25/2025 4:32,30.63,0,,,,,
3626,4/25/2025 4:33,30.63,0,,,,,
3627,4/25/2025 4:34,30.63,0,,,,,
3628,4/25/2025 4:35,30.63,0,,,,,
3629,4/25/2025 4:36,30.59,0,,,,,
3630,4/25/2025 4:37,30.54,0,,,,,
3631,4/25/2025 4:38,30.59,0,,,,,
3632,4/25/2025 4:39,30.63,0,,,,,
3633,4/25/2025 4:40,30.63,0,,,,,
3634,4/25/2025 4:41,30.63,0,,,,,
3635,4/25/2025 4:42,30.71,0,,,,,
3636,4/25/2025 4:43,30.63,0,,,,,
3637,4/25/2025 4:44,30.63,0,,,,,
3638,4/25/2025 4:45,30.59,0,,,,,
3639,4/25/2025 4:46,30.63,0,,,,,
3640,4/25/2025 4:47,30.59,0,,,,,
3641,4/25/2025 4:48,30.63,0,,,,,
3642,4/25/2025 4:49,30.59,0,,,,,
3643,4/25/2025 4:50,30.67,0,,,,,
3644,4/25/2025 4:51,30.59,0,,,,,
3645,4/25/2025 4:52,30.67,0,,,,,
3646,4/25/2025 4:53,30.67,0,,,,,
3647,4/25/2025 4:54,30.63,0,,,,,
3648,4/25/2025 4:55,30.67,0,,,,,
3649,4/25/2025 4:56,30.63,0,,,,,
3650,4/25/2025 4:57,30.59,0,,,,,
3651,4/25/2025 4:58,30.59,0,,,,,
3652,4/25/2025 4:59,30.63,0,,,,,
3653,4/25/2025 5:00,30.59,0,,,,,
3654,4/25/2025 5:01,30.67,0,,,,,
3655,4/25/2025 5:02,30.63,0,,,,,
3656,4/25/2025 5:03,30.59,0,,,,,
3657,4/25/2025 5:04,30.63,0,,,,,
3658,4/25/2025 5:05,30.63,0,,,,,
3659,4/25/2025 5:06,30.59,0,,,,,
3660,4/25/2025 5:07,30.59,0,,,,,
3661,4/25/2025 5:08,30.63,0,,,,,
3662,4/25/2025 5:09,30.67,0,,,,,
3663,4/25/2025 5:10,30.63,0,,,,,
3664,4/25/2025 5:11,30.63,0,,,,,
3665,4/25/2025 5:12,30.63,0,,,,,
3666,4/25/2025 5:13,30.67,0,,,,,
3667,4/25/2025 5:14,30.63,0,,,,,
3668,4/25/2025 5:15,30.63,0,,,,,
3669,4/25/2025 5:16,30.63,0,,,,,
3670,4/25/2025 5:17,30.67,0,,,,,
3671,4/25/2025 5:18,30.63,0,,,,,
3672,4/25/2025 5:19,30.63,0,,,,,
3673,4/25/2025 5:20,30.63,0,,,,,
3674,4/25/2025 5:21,30.67,0,,,,,
3675,4/25/2025 5:22,30.67,0,,,,,
3676,4/25/2025 5:23,30.71,0,,,,,
3677,4/25/2025 5:24,30.71,0,,,,,
3678,4/25/2025 5:25,30.67,0,,,,,
3679,4/25/2025 5:26,30.67,0,,,,,
3680,4/25/2025 5:27,30.67,0,,,,,
3681,4/25/2025 5:28,30.67,0,,,,,
3682,4/25/2025 5:29,30.63,0,,,,,
3683,4/25/2025 5:30,30.67,0,,,,,
3684,4/25/2025 5:31,30.67,0,,,,,
3685,4/25/2025 5:32,30.71,0,,,,,
3686,4/25/2025 5:33,30.67,0,,,,,
3687,4/25/2025 5:34,30.67,0,,,,,
3688,4/25/2025 5:35,30.67,0,,,,,
3689,4/25/2025 5:36,30.67,0,,,,,
3690,4/25/2025 5:37,30.67,0,,,,,
3691,4/25/2025 5:38,30.67,0,,,,,
3692,4/25/2025 5:39,30.67,0,,,,,
3693,4/25/2025 5:40,30.67,0,,,,,
3694,4/25/2025 5:41,30.67,0,,,,,
3695,4/25/2025 5:42,30.67,0,,,,,
3696,4/25/2025 5:43,30.67,0,,,,,
3697,4/25/2025 5:44,30.67,0,,,,,
3698,4/25/2025 5:45,30.71,0,,,,,
3699,4/25/2025 5:46,30.71,0,,,,,
3700,4/25/2025 5:47,30.67,0,,,,,
3701,4/25/2025 5:48,30.71,0,,,,,
3702,4/25/2025 5:49,30.67,0,,,,,
3703,4/25/2025 5:50,30.71,0,,,,,
3704,4/25/2025 5:51,30.67,0,,,,,
3705,4/25/2025 5:52,30.67,0,,,,,
3706,4/25/2025 5:53,30.71,0,,,,,
3707,4/25/2025 5:54,30.67,0,,,,,
3708,4/25/2025 5:55,30.71,0,,,,,
3709,4/25/2025 5:56,30.71,0,,,,,
3710,4/25/2025 5:57,30.67,0,,,,,
3711,4/25/2025 5:58,30.71,0,,,,,
3712,4/25/2025 5:59,30.71,0,,,,,
3713,4/25/2025 6:00,30.71,0,,,,,
3714,4/25/2025 6:01,30.67,0,,,,,
3715,4/25/2025 6:02,30.71,0,,,,,
3716,4/25/2025 6:03,30.67,0,,,,,
3717,4/25/2025 6:04,30.67,0,,,,,
3718,4/25/2025 6:05,30.71,0,,,,,
3719,4/25/2025 6:06,30.67,0,,,,,
3720,4/25/2025 6:07,30.67,0,,,,,
3721,4/25/2025 6:08,30.67,0,,,,,
3722,4/25/2025 6:09,30.71,0,,,,,
3723,4/25/2025 6:10,30.71,0,,,,,
3724,4/25/2025 6:11,30.71,0,,,,,
3725,4/25/2025 6:12,30.71,0,,,,,
3726,4/25/2025 6:13,30.67,0,,,,,
3727,4/25/2025 6:14,30.71,0,,,,,
3728,4/25/2025 6:15,30.71,0,,,,,
3729,4/25/2025 6:16,30.71,0,,,,,
3730,4/25/2025 6:17,30.71,0,,,,,
3731,4/25/2025 6:18,30.71,0,,,,,
3732,4/25/2025 6:19,30.71,0.2,,,,,
3733,4/25/2025 6:20,30.71,0,,,,,
3734,4/25/2025 6:21,30.71,0,,,,,
3735,4/25/2025 6:22,30.71,0,,,,,
3736,4/25/2025 6:23,30.71,0,,,,,
3737,4/25/2025 6:24,30.67,0,,,,,
3738,4/25/2025 6:25,30.71,0,,,,,
3739,4/25/2025 6:26,30.76,0,,,,,
3740,4/25/2025 6:27,30.71,0,,,,,
3741,4/25/2025 6:28,30.67,0,,,,,
3742,4/25/2025 6:29,30.67,0,,,,,
3743,4/25/2025 6:30,30.71,0,,,,,
3744,4/25/2025 6:31,30.71,0,,,,,
3745,4/25/2025 6:32,30.76,0,,,,,
3746,4/25/2025 6:33,30.71,0,,,,,
3747,4/25/2025 6:34,30.71,0,,,,,
3748,4/25/2025 6:35,30.76,0,,,,,
3749,4/25/2025 6:36,30.71,0,,,,,
3750,4/25/2025 6:37,30.76,0,,,,,
3751,4/25/2025 6:38,30.71,0,,,,,
3752,4/25/2025 6:39,30.71,0,,,,,
3753,4/25/2025 6:40,30.71,0,,,,,
3754,4/25/2025 6:41,30.71,0,,,,,
3755,4/25/2025 6:42,30.76,0,,,,,
3756,4/25/2025 6:43,30.76,0,,,,,
3757,4/25/2025 6:44,30.76,0,,,,,
3758,4/25/2025 6:45,30.76,0,,,,,
3759,4/25/2025 6:46,30.71,0,,,,,
3760,4/25/2025 6:47,30.71,0,,,,,
3761,4/25/2025 6:48,30.76,0,,,,,
3762,4/25/2025 6:49,30.71,0,,,,,
3763,4/25/2025 6:50,30.71,0,,,,,
3764,4/25/2025 6:51,30.71,0,,,,,
3765,4/25/2025 6:52,30.76,0,,,,,
3766,4/25/2025 6:53,30.71,0,,,,,
3767,4/25/2025 6:54,30.71,0,,,,,
3768,4/25/2025 6:55,30.71,0,,,,,
3769,4/25/2025 6:56,30.71,0,,,,,
3770,4/25/2025 6:57,30.71,0,,,,,
3771,4/25/2025 6:58,30.76,0,,,,,
3772,4/25/2025 6:59,30.71,0,,,,,
3773,4/25/2025 7:00,30.71,0,,,,,
3774,4/25/2025 7:01,30.8,0,,,,,
3775,4/25/2025 7:02,30.71,0,,,,,
3776,4/25/2025 7:03,30.76,0,,,,,
3777,4/25/2025 7:04,30.76,0,,,,,
3778,4/25/2025 7:05,30.76,0,,,,,
3779,4/25/2025 7:06,30.76,0,,,,,
3780,4/25/2025 7:07,30.76,0,,,,,
3781,4/25/2025 7:08,30.76,0,,,,,
3782,4/25/2025 7:09,30.76,0,,,,,
3783,4/25/2025 7:10,30.76,0,,,,,
3784,4/25/2025 7:11,30.76,0,,,,,
3785,4/25/2025 7:12,30.76,0.2,,,,,
3786,4/25/2025 7:13,30.76,0,,,,,
3787,4/25/2025 7:14,30.76,0,,,,,
3788,4/25/2025 7:15,30.71,0,,,,,
3789,4/25/2025 7:16,30.76,0,,,,,
3790,4/25/2025 7:17,30.71,0,,,,,
3791,4/25/2025 7:18,30.71,0,,,,,
3792,4/25/2025 7:19,30.71,0,,,,,
3793,4/25/2025 7:20,30.76,0,,,,,
3794,4/25/2025 7:21,30.76,0,,,,,
3795,4/25/2025 7:22,30.76,0,,,,,
3796,4/25/2025 7:23,30.71,0,,,,,
3797,4/25/2025 7:24,30.71,0,,,,,
3798,4/25/2025 7:25,30.8,0,,,,,
3799,4/25/2025 7:26,30.76,0,,,,,
3800,4/25/2025 7:27,30.76,0,,,,,
3801,4/25/2025 7:28,30.76,0,,,,,
3802,4/25/2025 7:29,30.71,0,,,,,
3803,4/25/2025 7:30,30.76,0,,,,,
3804,4/25/2025 7:31,30.76,0,,,,,
3805,4/25/2025 7:32,30.71,0,,,,,
3806,4/25/2025 7:33,30.76,0,,,,,
3807,4/25/2025 7:34,30.76,0,,,,,
3808,4/25/2025 7:35,30.76,0,,,,,
3809,4/25/2025 7:36,30.76,0,,,,,
3810,4/25/2025 7:37,30.76,0,,,,,
3811,4/25/2025 7:38,30.71,0,,,,,
3812,4/25/2025 7:39,30.76,0,,,,,
3813,4/25/2025 7:40,30.76,0,,,,,
3814,4/25/2025 7:41,30.71,0,,,,,
3815,4/25/2025 7:42,30.71,0,,,,,
3816,4/25/2025 7:43,30.76,0,,,,,
3817,4/25/2025 7:44,30.76,0,,,,,
3818,4/25/2025 7:45,30.76,0,,,,,
3819,4/25/2025 7:46,30.71,0,,,,,
3820,4/25/2025 7:47,30.8,0,,,,,
3821,4/25/2025 7:48,30.76,0,,,,,
3822,4/25/2025 7:49,30.76,0,,,,,
3823,4/25/2025 7:50,30.76,0.2,,,,,
3824,4/25/2025 7:51,30.76,0,,,,,
3825,4/25/2025 7:52,30.8,0,,,,,
3826,4/25/2025 7:53,30.71,0,,,,,
3827,4/25/2025 7:54,30.76,0,,,,,
3828,4/25/2025 7:55,30.76,0,,,,,
3829,4/25/2025 7:56,30.71,0,,,,,
3830,4/25/2025 7:57,30.71,0,,,,,
3831,4/25/2025 7:58,30.76,0,,,,,
3832,4/25/2025 7:59,30.76,0,,,,,
3833,4/25/2025 8:00,30.71,0,,,,,
3834,4/25/2025 8:01,30.8,0,,,,,
3835,4/25/2025 8:02,30.71,0,,,,,
3836,4/25/2025 8:03,30.76,0,,,,,
3837,4/25/2025 8:04,30.76,0,,,,,
3838,4/25/2025 8:05,30.71,0,,,,,
3839,4/25/2025 8:06,30.71,0,,,,,
3840,4/25/2025 8:07,30.71,0,,,,,
3841,4/25/2025 8:08,30.71,0,,,,,
3842,4/25/2025 8:09,30.76,0,,,,,
3843,4/25/2025 8:10,30.8,0,,,,,
3844,4/25/2025 8:11,30.76,0,,,,,
3845,4/25/2025 8:12,30.76,0,,,,,
3846,4/25/2025 8:13,30.76,0,,,,,
3847,4/25/2025 8:14,30.76,0,,,,,
3848,4/25/2025 8:15,30.8,0,,,,,
3849,4/25/2025 8:16,30.71,0,,,,,
3850,4/25/2025 8:17,30.76,0,,,,,
3851,4/25/2025 8:18,30.71,0,,,,,
3852,4/25/2025 8:19,30.8,0,,,,,
3853,4/25/2025 8:20,30.71,0,,,,,
3854,4/25/2025 8:21,30.76,0,,,,,
3855,4/25/2025 8:22,30.8,0,,,,,
3856,4/25/2025 8:23,30.76,0,,,,,
3857,4/25/2025 8:24,30.71,0,,,,,
3858,4/25/2025 8:25,30.76,0,,,,,
3859,4/25/2025 8:26,30.76,0,,,,,
3860,4/25/2025 8:27,30.76,0,,,,,
3861,4/25/2025 8:28,30.76,0,,,,,
3862,4/25/2025 8:29,30.76,0,,,,,
3863,4/25/2025 8:30,30.71,0,,,,,
3864,4/25/2025 8:31,30.8,0,,,,,
3865,4/25/2025 8:32,30.76,0,,,,,
3866,4/25/2025 8:33,30.76,0,,,,,
3867,4/25/2025 8:34,30.71,0,,,,,
3868,4/25/2025 8:35,30.71,0,,,,,
3869,4/25/2025 8:36,30.71,0,,,,,
3870,4/25/2025 8:37,30.76,0,,,,,
3871,4/25/2025 8:38,30.71,0,,,,,
3872,4/25/2025 8:39,30.76,0,,,,,
3873,4/25/2025 8:40,30.76,0,,,,,
3874,4/25/2025 8:41,30.71,0,,,,,
3875,4/25/2025 8:42,30.71,0,,,,,
3876,4/25/2025 8:43,30.71,0.2,,,,,
3877,4/25/2025 8:44,30.76,0,,,,,
3878,4/25/2025 8:45,30.71,0,,,,,
3879,4/25/2025 8:46,30.71,0,,,,,
3880,4/25/2025 8:47,30.71,0,,,,,
3881,4/25/2025 8:48,30.71,0,,,,,
3882,4/25/2025 8:49,30.76,0,,,,,
3883,4/25/2025 8:50,30.71,0,,,,,
3884,4/25/2025 8:51,30.76,0,,,,,
3885,4/25/2025 8:52,30.71,0,,,,,
3886,4/25/2025 8:53,30.71,0,,,,,
3887,4/25/2025 8:54,30.76,0,,,,,
3888,4/25/2025 8:55,30.71,0,,,,,
3889,4/25/2025 8:56,30.71,0,,,,,
3890,4/25/2025 8:57,30.67,0,,,,,
3891,4/25/2025 8:58,30.71,0,,,,,
3892,4/25/2025 8:59,30.71,0,,,,,
3893,4/25/2025 9:00,30.76,0,,,,,
3894,4/25/2025 9:01,30.71,0,,,,,
3895,4/25/2025 9:02,30.71,0,,,,,
3896,4/25/2025 9:03,30.71,0,,,,,
3897,4/25/2025 9:04,30.71,0,,,,,
3898,4/25/2025 9:05,30.71,0,,,,,
3899,4/25/2025 9:06,30.76,0,,,,,
3900,4/25/2025 9:07,30.67,0,,,,,
3901,4/25/2025 9:08,30.71,0,,,,,
3902,4/25/2025 9:09,30.71,0,,,,,
3903,4/25/2025 9:10,30.67,0,,,,,
3904,4/25/2025 9:11,30.76,0,,,,,
3905,4/25/2025 9:12,30.71,0,,,,,
3906,4/25/2025 9:13,30.67,0,,,,,
3907,4/25/2025 9:14,30.71,0,,,,,
3908,4/25/2025 9:15,30.76,0,,,,,
3909,4/25/2025 9:16,30.71,0,,,,,
3910,4/25/2025 9:17,30.71,0,,,,,
3911,4/25/2025 9:18,30.71,0,,,,,
3912,4/25/2025 9:19,30.71,0,,,,,
3913,4/25/2025 9:20,30.71,0,,,,,
3914,4/25/2025 9:21,30.76,0.2,,,,,
3915,4/25/2025 9:22,30.71,0,,,,,
3916,4/25/2025 9:23,30.71,0,,,,,
3917,4/25/2025 9:24,30.71,0,,,,,
3918,4/25/2025 9:25,30.76,0,,,,,
3919,4/25/2025 9:26,30.71,0,,,,,
3920,4/25/2025 9:27,30.71,0,,,,,
3921,4/25/2025 9:28,30.71,0,,,,,
3922,4/25/2025 9:29,30.71,0,,,,,
3923,4/25/2025 9:30,30.71,0,,,,,
3924,4/25/2025 9:31,30.71,0,,,,,
3925,4/25/2025 9:32,30.71,0,,,,,
3926,4/25/2025 9:33,30.71,0,,,,,
3927,4/25/2025 9:34,30.71,0,,,,,
3928,4/25/2025 9:35,30.71,0,,,,,
3929,4/25/2025 9:36,30.71,0,,,,,
3930,4/25/2025 9:37,30.71,0,,,,,
3931,4/25/2025 9:38,30.71,0,,,,,
3932,4/25/2025 9:39,30.71,0,,,,,
3933,4/25/2025 9:40,30.71,0,,,,,
3934,4/25/2025 9:41,30.71,0,,,,,
3935,4/25/2025 9:42,30.71,0,,,,,
3936,4/25/2025 9:43,30.67,0,,,,,
3937,4/25/2025 9:44,30.67,0,,,,,
3938,4/25/2025 9:45,30.76,0,,,,,
3939,4/25/2025 9:46,30.76,0,,,,,
3940,4/25/2025 9:47,30.67,0,,,,,
3941,4/25/2025 9:48,30.71,0,,,,,
3942,4/25/2025 9:49,30.71,0,,,,,
3943,4/25/2025 9:50,30.71,0,,,,,
3944,4/25/2025 9:51,30.71,0,,,,,
3945,4/25/2025 9:52,30.71,0,,,,,
3946,4/25/2025 9:53,30.67,0,,,,,
3947,4/25/2025 9:54,30.67,0,,,,,
3948,4/25/2025 9:55,30.71,0,,,,,
3949,4/25/2025 9:56,30.71,0,,,,,
3950,4/25/2025 9:57,30.67,0,,,,,
3951,4/25/2025 9:58,30.71,0,,,,,
3952,4/25/2025 9:59,30.63,0,,,,,
3953,4/25/2025 10:00,30.71,0,,,,,
3954,4/25/2025 10:01,30.63,0,,,,,
3955,4/25/2025 10:02,30.67,0,,,,,
3956,4/25/2025 10:03,30.71,0,,,,,
3957,4/25/2025 10:04,30.71,0,,,,,
3958,4/25/2025 10:05,30.67,0,,,,,
3959,4/25/2025 10:06,30.67,0,,,,,
3960,4/25/2025 10:07,30.63,0,,,,,
3961,4/25/2025 10:08,30.63,0,,,,,
3962,4/25/2025 10:09,30.63,0,,,,,
3963,4/25/2025 10:10,30.63,0,,,,,
3964,4/25/2025 10:11,30.63,0,,,,,
3965,4/25/2025 10:12,30.59,0,,,,,
3966,4/25/2025 10:13,30.63,0,,,,,
3967,4/25/2025 10:14,30.59,0,,,,,
3968,4/25/2025 10:15,30.54,0,,,,,
3969,4/25/2025 10:16,30.59,0,,,,,
3970,4/25/2025 10:17,30.63,0,,,,,
3971,4/25/2025 10:18,30.59,0,,,,,
3972,4/25/2025 10:19,30.59,0,,,,,
3973,4/25/2025 10:20,30.59,0,,,,,
3974,4/25/2025 10:21,30.59,0,,,,,
3975,4/25/2025 10:22,30.59,0,,,,,
3976,4/25/2025 10:23,30.59,0,,,,,
3977,4/25/2025 10:24,30.54,0,,,,,
3978,4/25/2025 10:25,30.63,0,,,,,
3979,4/25/2025 10:26,30.63,0,,,,,
3980,4/25/2025 10:27,30.59,0,,,,,
3981,4/25/2025 10:28,30.59,0,,,,,
3982,4/25/2025 10:29,30.54,0,,,,,
3983,4/25/2025 10:30,30.59,0,,,,,
3984,4/25/2025 10:31,30.54,0,,,,,
3985,4/25/2025 10:32,30.59,0,,,,,
3986,4/25/2025 10:33,30.54,0,,,,,
3987,4/25/2025 10:34,30.59,0,,,,,
3988,4/25/2025 10:35,30.59,0,,,,,
3989,4/25/2025 10:36,30.54,0,,,,,
3990,4/25/2025 10:37,30.54,0,,,,,
3991,4/25/2025 10:38,30.59,0,,,,,
3992,4/25/2025 10:39,30.59,0,,,,,
3993,4/25/2025 10:40,30.59,0,,,,,
3994,4/25/2025 10:41,30.54,0,,,,,
3995,4/25/2025 10:42,30.59,0,,,,,
3996,4/25/2025 10:43,30.54,0,,,,,
3997,4/25/2025 10:44,30.59,0,,,,,
3998,4/25/2025 10:45,30.54,0,,,,,
3999,4/25/2025 10:46,30.59,0,,,,,
4000,4/25/2025 10:47,30.59,0,,,,,
4001,4/25/2025 10:48,30.54,0,,,,,
4002,4/25/2025 10:49,30.54,0,,,,,
4003,4/25/2025 10:50,30.59,0,,,,,
4004,4/25/2025 10:51,30.54,0,,,,,
4005,4/25/2025 10:52,30.59,0.2,,,,,
4006,4/25/2025 10:53,30.59,0,,,,,
4007,4/25/2025 10:54,30.54,0,,,,,
4008,4/25/2025 10:55,30.59,0,,,,,
4009,4/25/2025 10:56,30.63,0,,,,,
4010,4/25/2025 10:57,30.54,0,,,,,
4011,4/25/2025 10:58,30.54,0,,,,,
4012,4/25/2025 10:59,30.59,0,,,,,
4013,4/25/2025 11:00,30.54,0,,,,,
4014,4/25/2025 11:01,30.54,0,,,,,
4015,4/25/2025 11:02,30.54,0,,,,,
4016,4/25/2025 11:03,30.54,0,,,,,
4017,4/25/2025 11:04,30.54,0,,,,,
4018,4/25/2025 11:05,30.54,0,,,,,
4019,4/25/2025 11:06,30.54,0,,,,,
4020,4/25/2025 11:07,30.59,0,,,,,
4021,4/25/2025 11:08,30.54,0,,,,,
4022,4/25/2025 11:09,30.54,0,,,,,
4023,4/25/2025 11:10,30.5,0,,,,,
4024,4/25/2025 11:11,30.5,0,,,,,
4025,4/25/2025 11:12,30.54,0,,,,,
4026,4/25/2025 11:13,30.54,0,,,,,
4027,4/25/2025 11:14,30.5,0,,,,,
4028,4/25/2025 11:15,30.54,0,,,,,
4029,4/25/2025 11:16,30.54,0,,,,,
4030,4/25/2025 11:17,30.54,0,,,,,
4031,4/25/2025 11:18,30.5,0,,,,,
4032,4/25/2025 11:19,30.54,0,,,,,
4033,4/25/2025 11:20,30.54,0,,,,,
4034,4/25/2025 11:21,30.5,0,,,,,
4035,4/25/2025 11:22,30.5,0,,,,,
4036,4/25/2025 11:23,30.5,0,,,,,
4037,4/25/2025 11:24,30.46,0,,,,,
4038,4/25/2025 11:25,30.5,0,,,,,
4039,4/25/2025 11:26,30.54,0,,,,,
4040,4/25/2025 11:27,30.5,0,,,,,
4041,4/25/2025 11:28,30.5,0,,,,,
4042,4/25/2025 11:29,30.5,0,,,,,
4043,4/25/2025 11:30,30.5,0,,,,,
4044,4/25/2025 11:31,30.5,0,,,,,
4045,4/25/2025 11:32,30.54,0,,,,,
4046,4/25/2025 11:33,30.54,0,,,,,
4047,4/25/2025 11:34,30.5,0,,,,,
4048,4/25/2025 11:35,30.5,0,,,,,
4049,4/25/2025 11:36,30.54,0,,,,,
4050,4/25/2025 11:37,30.5,0,,,,,
4051,4/25/2025 11:38,30.54,0,,,,,
4052,4/25/2025 11:39,30.5,0,,,,,
4053,4/25/2025 11:40,30.5,0,,,,,
4054,4/25/2025 11:41,30.46,0,,,,,
4055,4/25/2025 11:42,30.46,0,,,,,
4056,4/25/2025 11:43,30.5,0,,,,,
4057,4/25/2025 11:44,30.54,0,,,,,
4058,4/25/2025 11:45,30.41,0.2,,,,,
4059,4/25/2025 11:46,30.5,0,,,,,
4060,4/25/2025 11:47,30.5,0,,,,,
4061,4/25/2025 11:48,30.5,0,,,,,
4062,4/25/2025 11:49,30.46,0,,,,,
4063,4/25/2025 11:50,30.5,0,,,,,
4064,4/25/2025 11:51,30.5,0,,,,,
4065,4/25/2025 11:52,30.5,0,,,,,
4066,4/25/2025 11:53,30.5,0,,,,,
4067,4/25/2025 11:54,30.5,0,,,,,
4068,4/25/2025 11:55,30.5,0,,,,,
4069,4/25/2025 11:56,30.46,0,,,,,
4070,4/25/2025 11:57,30.41,0,,,,,
4071,4/25/2025 11:58,30.46,0,,,,,
4072,4/25/2025 11:59,30.46,0,,,,,
4073,4/25/2025 12:00,30.5,0,,,,,
4074,4/25/2025 12:01,30.5,0,,,,,
4075,4/25/2025 12:02,30.46,0,,,,,
4076,4/25/2025 12:03,30.46,0,,,,,
4077,4/25/2025 12:04,30.46,0,,,,,
4078,4/25/2025 12:05,30.5,0,,,,,
4079,4/25/2025 12:06,30.46,0,,,,,
4080,4/25/2025 12:07,30.46,0,,,,,
4081,4/25/2025 12:08,30.5,0,,,,,
4082,4/25/2025 12:09,30.46,0,,,,,
4083,4/25/2025 12:10,30.46,0,,,,,
4084,4/25/2025 12:11,30.46,0,,,,,
4085,4/25/2025 12:12,30.46,0,,,,,
4086,4/25/2025 12:13,30.46,0,,,,,
4087,4/25/2025 12:14,30.41,0,,,,,
4088,4/25/2025 12:15,30.41,0,,,,,
4089,4/25/2025 12:16,30.46,0,,,,,
4090,4/25/2025 12:17,30.46,0,,,,,
4091,4/25/2025 12:18,30.5,0,,,,,
4092,4/25/2025 12:19,30.46,0,,,,,
4093,4/25/2025 12:20,30.46,0,,,,,
4094,4/25/2025 12:21,30.46,0,,,,,
4095,4/25/2025 12:22,30.46,0,,,,,
4096,4/25/2025 12:23,30.5,0.2,,,,,
4097,4/25/2025 12:24,30.46,0,,,,,
4098,4/25/2025 12:25,30.46,0,,,,,
4099,4/25/2025 12:26,30.5,0,,,,,
4100,4/25/2025 12:27,30.41,0,,,,,
4101,4/25/2025 12:28,30.46,0,,,,,
4102,4/25/2025 12:29,30.41,0,,,,,
4103,4/25/2025 12:30,30.41,0,,,,,
4104,4/25/2025 12:31,30.46,0,,,,,
4105,4/25/2025 12:32,30.41,0,,,,,
4106,4/25/2025 12:33,30.46,0,,,,,
4107,4/25/2025 12:34,30.46,0,,,,,
4108,4/25/2025 12:35,30.41,0,,,,,
4109,4/25/2025 12:36,30.41,0,,,,,
4110,4/25/2025 12:37,30.5,0,,,,,
4111,4/25/2025 12:38,30.46,0,,,,,
4112,4/25/2025 12:39,30.41,0,,,,,
4113,4/25/2025 12:40,30.46,0,,,,,
4114,4/25/2025 12:41,30.46,0,,,,,
4115,4/25/2025 12:42,30.46,0,,,,,
4116,4/25/2025 12:43,30.46,0,,,,,
4117,4/25/2025 12:44,30.41,0,,,,,
4118,4/25/2025 12:45,30.46,0,,,,,
4119,4/25/2025 12:46,30.41,0,,,,,
4120,4/25/2025 12:47,30.46,0,,,,,
4121,4/25/2025 12:48,30.41,0,,,,,
4122,4/25/2025 12:49,30.46,0,,,,,
4123,4/25/2025 12:50,30.41,0,,,,,
4124,4/25/2025 12:51,30.41,0,,,,,
4125,4/25/2025 12:52,30.41,0,,,,,
4126,4/25/2025 12:53,30.41,0,,,,,
4127,4/25/2025 12:54,30.46,0,,,,,
4128,4/25/2025 12:55,30.41,0,,,,,
4129,4/25/2025 12:56,30.46,0,,,,,
4130,4/25/2025 12:57,30.41,0,,,,,
4131,4/25/2025 12:58,30.37,0,,,,,
4132,4/25/2025 12:59,30.41,0,,,,,
4133,4/25/2025 13:00,30.41,0,,,,,
4134,4/25/2025 13:01,30.41,0.2,,,,,
4135,4/25/2025 13:02,30.46,0,,,,,
4136,4/25/2025 13:03,30.46,0,,,,,
4137,4/25/2025 13:04,30.41,0,,,,,
4138,4/25/2025 13:05,30.37,0,,,,,
4139,4/25/2025 13:06,30.41,0,,,,,
4140,4/25/2025 13:07,30.37,0,,,,,
4141,4/25/2025 13:08,30.41,0,,,,,
4142,4/25/2025 13:09,30.41,0,,,,,
4143,4/25/2025 13:10,30.41,0,,,,,
4144,4/25/2025 13:11,30.37,0,,,,,
4145,4/25/2025 13:12,30.41,0,,,,,
4146,4/25/2025 13:13,30.37,0,,,,,
4147,4/25/2025 13:14,30.41,0,,,,,
4148,4/25/2025 13:15,30.37,0,,,,,
4149,4/25/2025 13:16,30.41,0,,,,,
4150,4/25/2025 13:17,30.37,0,,,,,
4151,4/25/2025 13:18,30.41,0,,,,,
4152,4/25/2025 13:19,30.37,0,,,,,
4153,4/25/2025 13:20,30.33,0,,,,,
4154,4/25/2025 13:21,30.41,0,,,,,
4155,4/25/2025 13:22,30.37,0,,,,,
4156,4/25/2025 13:23,30.41,0,,,,,
4157,4/25/2025 13:24,30.41,0,,,,,
4158,4/25/2025 13:25,30.33,0,,,,,
4159,4/25/2025 13:26,30.37,0,,,,,
4160,4/25/2025 13:27,30.41,0,,,,,
4161,4/25/2025 13:28,30.37,0,,,,,
4162,4/25/2025 13:29,30.37,0,,,,,
4163,4/25/2025 13:30,30.37,0.2,,,,,
4164,4/25/2025 13:31,30.37,0.41,,,,,
4165,4/25/2025 13:32,30.37,0.62,,,,,
4166,4/25/2025 13:33,30.33,0.83,,,,,
4167,4/25/2025 13:34,30.37,1.24,,,,,
4168,4/25/2025 13:35,30.37,1.66,,,,,
4169,4/25/2025 13:36,30.37,2.28,,,,,
4170,4/25/2025 13:37,30.37,2.91,,,,,
4171,4/25/2025 13:38,30.37,4.16,,,,,
4172,4/25/2025 13:39,30.37,5.82,,,,,
4173,4/25/2025 13:40,30.37,7.69,,,,,
4174,4/25/2025 13:41,30.37,9.15,,,,,
4175,4/25/2025 13:42,30.37,10.82,,,,,
4176,4/25/2025 13:43,30.28,12.48,,,,,
4177,4/25/2025 13:44,30.37,14.38,,,,,
4178,4/25/2025 13:45,30.33,17.11,,,,,
4179,4/25/2025 13:46,30.37,20.67,,,,,
4180,4/25/2025 13:47,30.37,24,,,,,
4181,4/25/2025 13:48,30.37,28.4,,,,,
4182,4/25/2025 13:49,30.37,35.42,,,,,
4183,4/25/2025 13:50,30.37,40.88,,,,,
4184,4/25/2025 13:51,30.41,48.84,,,,,
4185,4/25/2025 13:52,30.37,60.54,,,,,
4186,4/25/2025 13:53,30.33,71,,,,,
4187,4/25/2025 13:54,30.33,76.04,,,,,
4188,4/25/2025 13:55,30.41,84.48,,,,,
4189,4/25/2025 13:56,30.37,96.12,,,,,
4190,4/25/2025 13:57,30.37,109.52,,,,,
4191,4/25/2025 13:58,30.37,122.12,,,,,
4192,4/25/2025 13:59,30.33,133.76,,,,,
4193,4/25/2025 14:00,30.33,143.88,,,,,
4194,4/25/2025 14:01,30.33,161.44,,,,,
4195,4/25/2025 14:02,30.37,171.44,,,,,
4196,4/25/2025 14:03,30.37,184.96,,,,,
4197,4/25/2025 14:04,30.37,198.24,,,,,
4198,4/25/2025 14:05,30.33,216.56,,,,,
4199,4/25/2025 14:06,30.37,227.6,,,,,
4200,4/25/2025 14:07,30.33,240.08,,,,,
4201,4/25/2025 14:08,30.37,255.04,,,,,
4202,4/25/2025 14:09,30.37,266.96,,,,,
4203,4/25/2025 14:10,30.37,279.44,,,,,
4204,4/25/2025 14:11,30.33,295.2,,,,,
4205,4/25/2025 14:12,30.33,311.28,,,,,
4206,4/25/2025 14:13,30.37,327.84,,,,,
4207,4/25/2025 14:14,30.33,343.84,,,,,
4208,4/25/2025 14:15,30.33,355.52,,,,,
4209,4/25/2025 14:16,30.33,368.8,,,,,
4210,4/25/2025 14:17,30.33,383.2,,,,,
4211,4/25/2025 14:18,30.37,396.48,,,,,
4212,4/25/2025 14:19,30.37,406.56,,,,,
4213,4/25/2025 14:20,30.37,419.84,,,,,
4214,4/25/2025 14:21,30.33,434.24,,,,,
4215,4/25/2025 14:22,30.37,449.12,,,,,
4216,4/25/2025 14:23,30.37,466.08,,,,,
4217,4/25/2025 14:24,30.37,480.96,,,,,
4218,4/25/2025 14:25,30.37,499.36,,,,,
4219,4/25/2025 14:26,30.33,515.2,,,,,
4220,4/25/2025 14:27,30.37,532.64,,,,,
4221,4/25/2025 14:28,30.33,546.4,,,,,
4222,4/25/2025 14:29,30.33,563.04,,,,,
4223,4/25/2025 14:30,30.33,579.68,,,,,
4224,4/25/2025 14:31,30.37,597.12,,,,,
4225,4/25/2025 14:32,30.33,617.44,,,,,
4226,4/25/2025 14:33,30.33,639.2,,,,,
4227,4/25/2025 14:34,30.37,658.24,,,,,
4228,4/25/2025 14:35,30.37,684.16,,,,,
4229,4/25/2025 14:36,30.33,701.12,,,,,
4230,4/25/2025 14:37,30.33,716.16,,,,,
4231,4/25/2025 14:38,30.33,724.48,,,,,
4232,4/25/2025 14:39,30.33,738.56,,,,,
4233,4/25/2025 14:40,30.33,754.88,,,,,
4234,4/25/2025 14:41,30.37,763.2,,,,,
4235,4/25/2025 14:42,30.33,768,,,,,
4236,4/25/2025 14:43,30.37,774.72,,,,,
4237,4/25/2025 14:44,30.33,778.88,,,,,
4238,4/25/2025 14:45,30.33,793.92,,,,,
4239,4/25/2025 14:46,30.37,803.84,,,,,
4240,4/25/2025 14:47,30.33,815.68,,,,,
4241,4/25/2025 14:48,30.33,835.52,,,,,
4242,4/25/2025 14:49,30.33,850.88,,,,,
4243,4/25/2025 14:50,30.41,843.52,,,,,
4244,4/25/2025 14:51,30.37,843.84,,,,,
4245,4/25/2025 14:52,30.37,859.2,,,,,
4246,4/25/2025 14:53,30.33,875.84,,,,,
4247,4/25/2025 14:54,30.37,888.64,,,,,
4248,4/25/2025 14:55,30.37,901.12,,,,,
4249,4/25/2025 14:56,30.37,912.96,,,,,
4250,4/25/2025 14:57,30.41,924.48,,,,,
4251,4/25/2025 14:58,30.37,934.4,,,,,
4252,4/25/2025 14:59,30.33,945.28,,,,,
4253,4/25/2025 15:00,30.33,953.6,,,,,
4254,4/25/2025 15:01,30.33,954.56,,,,,
4255,4/25/2025 15:02,30.33,967.04,,,,,
4256,4/25/2025 15:03,30.33,989.44,,,,,
4257,4/25/2025 15:04,30.37,1000.32,,,,,
4258,4/25/2025 15:05,30.37,1015.36,,,,,
4259,4/25/2025 15:06,30.37,1011.84,,,,,
4260,4/25/2025 15:07,30.37,1011.84,,,,,
4261,4/25/2025 15:08,30.33,1007.04,,,,,
4262,4/25/2025 15:09,30.33,997.12,,,,,
4263,4/25/2025 15:10,30.33,995.2,,,,,
4264,4/25/2025 15:11,30.37,997.12,,,,,
4265,4/25/2025 15:12,30.41,1006.08,,,,,
4266,4/25/2025 15:13,30.41,1002.88,,,,,
4267,4/25/2025 15:14,30.33,1012.8,,,,,
4268,4/25/2025 15:15,30.37,1038.72,,,,,
4269,4/25/2025 15:16,30.41,1068.48,,,,,
4270,4/25/2025 15:17,30.37,1084.48,,,,,
4271,4/25/2025 15:18,30.37,1091.84,,,,,
4272,4/25/2025 15:19,30.33,1103.36,,,,,
4273,4/25/2025 15:20,30.33,1111.04,,,,,
4274,4/25/2025 15:21,30.33,1118.4,,,,,
4275,4/25/2025 15:22,30.37,1123.52,,,,,
4276,4/25/2025 15:23,30.37,1130.88,,,,,
4277,4/25/2025 15:24,30.37,1141.76,,,,,
4278,4/25/2025 15:25,30.37,1155.84,,,,,
4279,4/25/2025 15:26,30.37,1181.76,,,,,
4280,4/25/2025 15:27,30.37,1185.92,,,,,
4281,4/25/2025 15:28,30.37,1205.12,,,,,
4282,4/25/2025 15:29,30.37,1240.96,,,,,
4283,4/25/2025 15:30,30.37,1265.92,,,,,
4284,4/25/2025 15:31,30.37,1319.68,,,,,
4285,4/25/2025 15:32,30.37,1347.84,,,,,
4286,4/25/2025 15:33,30.33,1285.12,,,,,
4287,4/25/2025 15:34,30.41,1286.72,,,,,
4288,4/25/2025 15:35,30.37,1332.48,,,,,
4289,4/25/2025 15:36,30.33,1105.28,,,,,
4290,4/25/2025 15:37,30.37,1211.84,,,,,
4291,4/25/2025 15:38,30.37,1372.16,,,,,
4292,4/25/2025 15:39,30.37,1383.68,,,,,
4293,4/25/2025 15:40,30.41,1350.4,,,,,
4294,4/25/2025 15:41,30.41,1180.16,,,,,
4295,4/25/2025 15:42,30.37,1480.32,,,,,
4296,4/25/2025 15:43,30.37,1735.68,,,,,
4297,4/25/2025 15:44,30.41,1980.8,,,,,
4298,4/25/2025 15:45,30.37,1789.44,,,,,
4299,4/25/2025 15:46,30.46,1601.28,,,,,
4300,4/25/2025 15:47,30.37,1621.76,,,,,
4301,4/25/2025 15:48,30.41,1710.72,,,,,
4302,4/25/2025 15:49,30.46,1602.56,,,,,
4303,4/25/2025 15:50,30.41,1631.36,,,,,
4304,4/25/2025 15:51,30.41,1802.24,,,,,
4305,4/25/2025 15:52,30.46,2083.84,,,,,
4306,4/25/2025 15:53,30.41,1989.12,,,,,
4307,4/25/2025 15:54,30.41,1360.64,,,,,
4308,4/25/2025 15:55,30.41,1457.28,,,,,
4309,4/25/2025 15:56,30.37,1654.4,,,,,
4310,4/25/2025 15:57,30.41,1610.24,,,,,
4311,4/25/2025 15:58,30.41,1872.64,,,,,
4312,4/25/2025 15:59,30.41,1697.92,,,,,
4313,4/25/2025 16:00,30.46,1762.56,,,,,
4314,4/25/2025 16:01,30.41,1505.92,,,,,
4315,4/25/2025 16:02,30.41,1345.28,,,,,
4316,4/25/2025 16:03,30.41,1321.6,,,,,
4317,4/25/2025 16:04,30.37,1381.12,,,,,
4318,4/25/2025 16:05,30.41,1318.4,,,,,
4319,4/25/2025 16:06,30.41,1306.56,,,,,
4320,4/25/2025 16:07,30.41,1172.48,,,,,
4321,4/25/2025 16:08,30.41,1122.56,,,,,
4322,4/25/2025 16:09,30.41,1062.72,,,,,
4323,4/25/2025 16:10,30.41,1324.8,,,,,
4324,4/25/2025 16:11,30.41,1346.56,,,,,
4325,4/25/2025 16:12,30.41,1336.96,,,,,
4326,4/25/2025 16:13,30.46,1343.36,,,,,
4327,4/25/2025 16:14,30.46,1386.24,,,,,
4328,4/25/2025 16:15,30.41,1532.8,,,,,
4329,4/25/2025 16:16,30.46,1436.16,,,,,
4330,4/25/2025 16:17,30.41,1269.12,,,,,
4331,4/25/2025 16:18,30.41,1472.64,,,,,
4332,4/25/2025 16:19,30.41,1513.6,,,,,
4333,4/25/2025 16:20,30.46,1518.72,,,,,
4334,4/25/2025 16:21,30.41,1343.36,,,,,
4335,4/25/2025 16:22,30.41,1512.96,,,,,
4336,4/25/2025 16:23,30.46,1546.88,,,,,
4337,4/25/2025 16:24,30.41,1565.44,,,,,
4338,4/25/2025 16:25,30.46,1534.72,,,,,
4339,4/25/2025 16:26,30.46,1566.08,,,,,
4340,4/25/2025 16:27,30.46,1580.16,,,,,
4341,4/25/2025 16:28,30.46,1815.68,,,,,
4342,4/25/2025 16:29,30.5,2019.2,,,,,
4343,4/25/2025 16:30,30.5,1752.32,,,,,
4344,4/25/2025 16:31,30.46,1518.08,,,,,
4345,4/25/2025 16:32,30.46,1706.24,,,,,
4346,4/25/2025 16:33,30.46,1402.24,,,,,
4347,4/25/2025 16:34,30.46,1842.56,,,,,
4348,4/25/2025 16:35,30.5,2028.8,,,,,
4349,4/25/2025 16:36,30.46,1706.24,,,,,
4350,4/25/2025 16:37,30.46,1660.8,,,,,
4351,4/25/2025 16:38,30.46,2380.16,,,,,
4352,4/25/2025 16:39,30.5,2227.2,,,,,
4353,4/25/2025 16:40,30.46,2080.64,,,,,
4354,4/25/2025 16:41,30.46,2338.56,,,,,
4355,4/25/2025 16:42,30.46,2424.96,,,,,
4356,4/25/2025 16:43,30.46,1671.68,,,,,
4357,4/25/2025 16:44,30.46,1704.32,,,,,
4358,4/25/2025 16:45,30.46,2053.76,,,,,
4359,4/25/2025 16:46,30.5,2316.8,,,,,
4360,4/25/2025 16:47,30.5,2438.4,,,,,
4361,4/25/2025 16:48,30.5,2015.36,,,,,
4362,4/25/2025 16:49,30.46,2352,,,,,
4363,4/25/2025 16:50,30.5,2368.64,,,,,
4364,4/25/2025 16:51,30.5,2639.36,,,,,
4365,4/25/2025 16:52,30.5,2515.2,,,,,
4366,4/25/2025 16:53,30.5,1637.76,,,,,
4367,4/25/2025 16:54,30.54,1591.04,,,,,
4368,4/25/2025 16:55,30.5,1902.72,,,,,
4369,4/25/2025 16:56,30.54,2386.56,,,,,
4370,4/25/2025 16:57,30.54,2704.64,,,,,
4371,4/25/2025 16:58,30.46,2909.44,,,,,
4372,4/25/2025 16:59,30.54,3352.32,,,,,
4373,4/25/2025 17:00,30.54,3024.64,,,,,
4374,4/25/2025 17:01,30.54,1795.84,,,,,
4375,4/25/2025 17:02,30.5,1477.12,,,,,
4376,4/25/2025 17:03,30.5,1706.24,,,,,
4377,4/25/2025 17:04,30.5,2022.4,,,,,
4378,4/25/2025 17:05,30.54,1980.8,,,,,
4379,4/25/2025 17:06,30.5,2010.88,,,,,
4380,4/25/2025 17:07,30.54,1965.44,,,,,
4381,4/25/2025 17:08,30.5,2305.28,,,,,
4382,4/25/2025 17:09,30.54,2722.56,,,,,
4383,4/25/2025 17:10,30.54,3115.52,,,,,
4384,4/25/2025 17:11,30.54,2391.68,,,,,
4385,4/25/2025 17:12,30.54,1379.84,,,,,
4386,4/25/2025 17:13,30.5,1558.4,,,,,
4387,4/25/2025 17:14,30.5,1430.4,,,,,
4388,4/25/2025 17:15,30.54,1448.96,,,,,
4389,4/25/2025 17:16,30.54,1615.36,,,,,
4390,4/25/2025 17:17,30.5,2263.68,,,,,
4391,4/25/2025 17:18,30.5,2140.16,,,,,
4392,4/25/2025 17:19,30.54,1667.84,,,,,
4393,4/25/2025 17:20,30.54,1458.56,,,,,
4394,4/25/2025 17:21,30.5,1357.44,,,,,
4395,4/25/2025 17:22,30.5,1856,,,,,
4396,4/25/2025 17:23,30.54,3225.6,,,,,
4397,4/25/2025 17:24,30.54,2707.2,,,,,
4398,4/25/2025 17:25,30.59,3015.68,,,,,
4399,4/25/2025 17:26,30.59,3247.36,,,,,
4400,4/25/2025 17:27,30.59,2513.28,,,,,
4401,4/25/2025 17:28,30.59,1731.2,,,,,
4402,4/25/2025 17:29,30.5,1429.76,,,,,
4403,4/25/2025 17:30,30.5,1606.4,,,,,
4404,4/25/2025 17:31,30.54,1413.12,,,,,
4405,4/25/2025 17:32,30.54,1965.44,,,,,
4406,4/25/2025 17:33,30.54,2127.36,,,,,
4407,4/25/2025 17:34,30.59,1116.16,,,,,
4408,4/25/2025 17:35,30.54,2168.96,,,,,
4409,4/25/2025 17:36,30.54,1588.48,,,,,
4410,4/25/2025 17:37,30.59,2117.12,,,,,
4411,4/25/2025 17:38,30.54,2436.48,,,,,
4412,4/25/2025 17:39,30.59,2047.36,,,,,
4413,4/25/2025 17:40,30.59,2677.76,,,,,
4414,4/25/2025 17:41,30.54,2213.76,,,,,
4415,4/25/2025 17:42,30.54,1990.4,,,,,
4416,4/25/2025 17:43,30.59,2000.64,,,,,
4417,4/25/2025 17:44,30.54,1987.2,,,,,
4418,4/25/2025 17:45,30.59,2035.84,,,,,
4419,4/25/2025 17:46,30.63,2052.48,,,,,
4420,4/25/2025 17:47,30.59,2288.64,,,,,
4421,4/25/2025 17:48,30.59,2486.4,,,,,
4422,4/25/2025 17:49,30.59,2408.32,,,,,
4423,4/25/2025 17:50,30.59,2088.96,,,,,
4424,4/25/2025 17:51,30.54,1166.72,,,,,
4425,4/25/2025 17:52,30.63,2288.64,,,,,
4426,4/25/2025 17:53,30.59,2112,,,,,
4427,4/25/2025 17:54,30.59,2119.04,,,,,
4428,4/25/2025 17:55,30.59,2167.04,,,,,
4429,4/25/2025 17:56,30.59,2679.04,,,,,
4430,4/25/2025 17:57,30.63,2430.08,,,,,
4431,4/25/2025 17:58,30.59,2210.56,,,,,
4432,4/25/2025 17:59,30.63,2238.72,,,,,
4433,4/25/2025 18:00,30.63,2167.04,,,,,
4434,4/25/2025 18:01,30.63,2390.4,,,,,
4435,4/25/2025 18:02,30.63,2340.48,,,,,
4436,4/25/2025 18:03,30.67,2394.88,,,,,
4437,4/25/2025 18:04,30.63,2411.52,,,,,
4438,4/25/2025 18:05,30.63,3662.08,,,,,
4439,4/25/2025 18:06,30.67,3398.4,,,,,
4440,4/25/2025 18:07,30.71,2810.88,,,,,
4441,4/25/2025 18:08,30.63,2449.92,,,,,
4442,4/25/2025 18:09,30.63,2220.16,,,,,
4443,4/25/2025 18:10,30.63,2436.48,,,,,
4444,4/25/2025 18:11,30.67,2268.8,,,,,
4445,4/25/2025 18:12,30.63,2278.4,,,,,
4446,4/25/2025 18:13,30.63,2290.56,,,,,
4447,4/25/2025 18:14,30.63,2295.04,,,,,
4448,4/25/2025 18:15,30.67,2257.28,,,,,
4449,4/25/2025 18:16,30.67,2453.12,,,,,
4450,4/25/2025 18:17,30.67,2737.92,,,,,
4451,4/25/2025 18:18,30.67,2897.92,,,,,
4452,4/25/2025 18:19,30.67,3124.48,,,,,
4453,4/25/2025 18:20,30.71,3016.96,,,,,
4454,4/25/2025 18:21,30.71,2938.88,,,,,
4455,4/25/2025 18:22,30.71,2670.08,,,,,
4456,4/25/2025 18:23,30.67,1568,,,,,
4457,4/25/2025 18:24,30.71,3604.48,,,,,
4458,4/25/2025 18:25,30.71,2842.88,,,,,
4459,4/25/2025 18:26,30.71,3182.08,,,,,
4460,4/25/2025 18:27,30.67,3152.64,,,,,
4461,4/25/2025 18:28,30.71,3246.08,,,,,
4462,4/25/2025 18:29,30.71,3575.04,,,,,
4463,4/25/2025 18:30,30.71,3415.04,,,,,
4464,4/25/2025 18:31,30.76,4097.28,,,,,
4465,4/25/2025 18:32,30.71,3290.88,,,,,
4466,4/25/2025 18:33,30.76,2950.4,,,,,
4467,4/25/2025 18:34,30.67,2987.52,,,,,
4468,4/25/2025 18:35,30.71,2213.76,,,,,
4469,4/25/2025 18:36,30.71,2308.48,,,,,
4470,4/25/2025 18:37,30.76,3080.96,,,,,
4471,4/25/2025 18:38,30.71,3238.4,,,,,
4472,4/25/2025 18:39,30.76,3237.12,,,,,
4473,4/25/2025 18:40,30.76,3587.84,,,,,
4474,4/25/2025 18:41,30.71,3874.56,,,,,
4475,4/25/2025 18:42,30.76,3418.88,,,,,
4476,4/25/2025 18:43,30.8,2727.68,,,,,
4477,4/25/2025 18:44,30.76,3558.4,,,,,
4478,4/25/2025 18:45,30.76,3395.84,,,,,
4479,4/25/2025 18:46,30.76,3326.72,,,,,
4480,4/25/2025 18:47,30.8,3564.8,,,,,
4481,4/25/2025 18:48,30.76,4007.68,,,,,
4482,4/25/2025 18:49,30.84,3841.28,,,,,
4483,4/25/2025 18:50,30.84,4217.6,,,,,
4484,4/25/2025 18:51,30.84,4906.24,,,,,
4485,4/25/2025 18:52,30.84,4104.96,,,,,
4486,4/25/2025 18:53,30.8,3901.44,,,,,
4487,4/25/2025 18:54,30.84,4024.32,,,,,
4488,4/25/2025 18:55,30.84,4254.72,,,,,
4489,4/25/2025 18:56,30.84,4400.64,,,,,
4490,4/25/2025 18:57,30.89,5811.2,,,,,
4491,4/25/2025 18:58,30.89,5552.64,,,,,
4492,4/25/2025 18:59,30.89,4983.04,,,,,
4493,4/25/2025 19:00,30.89,4887.04,,,,,
4494,4/25/2025 19:01,30.93,5388.8,,,,,
4495,4/25/2025 19:02,30.93,4970.24,,,,,
4496,4/25/2025 19:03,30.93,4544,,,,,
4497,4/25/2025 19:04,30.89,5639.68,,,,,
4498,4/25/2025 19:05,30.97,5588.48,,,,,
4499,4/25/2025 19:06,30.97,6154.24,,,,,
4500,4/25/2025 19:07,30.97,5657.6,,,,,
4501,4/25/2025 19:08,30.93,4876.8,,,,,
4502,4/25/2025 19:09,30.93,5480.96,,,,,
4503,4/25/2025 19:10,30.93,4980.48,,,,,
4504,4/25/2025 19:11,30.97,5180.16,,,,,
4505,4/25/2025 19:12,30.93,5601.28,,,,,
4506,4/25/2025 19:13,30.97,5918.72,,,,,
4507,4/25/2025 19:14,31.01,5621.76,,,,,
4508,4/25/2025 19:15,31.01,5652.48,,,,,
4509,4/25/2025 19:16,31.01,4404.48,,,,,
4510,4/25/2025 19:17,30.97,7142.4,,,,,
4511,4/25/2025 19:18,31.01,6161.92,,,,,
4512,4/25/2025 19:19,31.06,6364.16,,,,,
4513,4/25/2025 19:20,31.01,6440.96,,,,,
4514,4/25/2025 19:21,31.01,6858.24,,,,,
4515,4/25/2025 19:22,31.06,7349.76,,,,,
4516,4/25/2025 19:23,31.06,7549.44,,,,,
4517,4/25/2025 19:24,31.06,6993.92,,,,,
4518,4/25/2025 19:25,31.14,7004.16,,,,,
4519,4/25/2025 19:26,31.1,7736.32,,,,,
4520,4/25/2025 19:27,31.19,7590.4,,,,,
4521,4/25/2025 19:28,31.1,7662.08,,,,,
4522,4/25/2025 19:29,31.14,8194.56,,,,,
4523,4/25/2025 19:30,31.19,8747.52,,,,,
4524,4/25/2025 19:31,31.19,9495.04,,,,,
4525,4/25/2025 19:32,31.23,9300.48,,,,,
4526,4/25/2025 19:33,31.23,9233.92,,,,,
4527,4/25/2025 19:34,31.23,9653.76,,,,,
4528,4/25/2025 19:35,31.23,10078.72,,,,,
4529,4/25/2025 19:36,31.27,11136,,,,,
4530,4/25/2025 19:37,31.27,11996.16,,,,,
4531,4/25/2025 19:38,31.23,12364.8,,,,,
4532,4/25/2025 19:39,31.27,11525.12,,,,,
4533,4/25/2025 19:40,31.31,11468.8,,,,,
4534,4/25/2025 19:41,31.31,12078.08,,,,,
4535,4/25/2025 19:42,31.36,13368.32,,,,,
4536,4/25/2025 19:43,31.44,13189.12,,,,,
4537,4/25/2025 19:44,31.36,13460.48,,,,,
4538,4/25/2025 19:45,31.44,15139.84,,,,,
4539,4/25/2025 19:46,31.49,15872,,,,,
4540,4/25/2025 19:47,31.49,16542.72,,,,,
4541,4/25/2025 19:48,31.53,17372.16,,,,,
4542,4/25/2025 19:49,31.57,17587.2,,,,,
4543,4/25/2025 19:50,31.57,17085.44,,,,,
4544,4/25/2025 19:51,31.61,18150.4,,,,,
4545,4/25/2025 19:52,31.66,18759.68,,,,,
4546,4/25/2025 19:53,31.61,19374.08,,,,,
4547,4/25/2025 19:54,31.66,21278.72,,,,,
4548,4/25/2025 19:55,31.7,21852.16,,,,,
4549,4/25/2025 19:56,31.66,9861.12,,,,,
4550,4/25/2025 19:57,31.4,3720.96,,,,,
4551,4/25/2025 19:58,31.4,15083.52,,,,,
4552,4/25/2025 19:59,31.57,21913.6,,,,,
4553,4/25/2025 20:00,31.57,7336.96,,,,,
4554,4/25/2025 20:01,31.61,19880.96,,,,,
4555,4/25/2025 20:02,31.66,20142.08,,,,,
4556,4/25/2025 20:03,31.61,18713.6,,,,,
4557,4/25/2025 20:04,31.7,19507.2,,,,,
4558,4/25/2025 20:05,31.7,19747.84,,,,,
4559,4/25/2025 20:06,31.7,19322.88,,,,,
4560,4/25/2025 20:07,31.74,20833.28,,,,,
4561,4/25/2025 20:08,31.79,22630.4,,,,,
4562,4/25/2025 20:09,31.66,14336,,,,,
4563,4/25/2025 20:10,31.7,25282.56,,,,,
4564,4/25/2025 20:11,31.66,11729.92,,,,,
4565,4/25/2025 20:12,31.74,25763.84,,,,,
4566,4/25/2025 20:13,31.61,24217.6,,,,,
4567,4/25/2025 20:14,31.74,24596.48,,,,,
4568,4/25/2025 20:15,31.83,25763.84,,,,,
4569,4/25/2025 20:16,31.7,3824.64,,,,,
4570,4/25/2025 20:17,31.74,24176.64,,,,,
4571,4/25/2025 20:18,31.83,24545.28,,,,,
4572,4/25/2025 20:19,31.83,23275.52,,,,,
4573,4/25/2025 20:20,31.74,3054.08,,,,,
4574,4/25/2025 20:21,31.66,13880.32,,,,,
4575,4/25/2025 20:22,31.61,6515.2,,,,,
4576,4/25/2025 20:23,31.74,23029.76,,,,,
4577,4/25/2025 20:24,31.79,23019.52,,,,,
4578,4/25/2025 20:25,31.83,22056.96,,,,,
4579,4/25/2025 20:26,31.83,21944.32,,,,,
4580,4/25/2025 20:27,31.83,21811.2,,,,,
4581,4/25/2025 20:28,31.92,21749.76,,,,,
4582,4/25/2025 20:29,31.87,21381.12,,,,,
4583,4/25/2025 20:30,31.87,21340.16,,,,,
4584,4/25/2025 20:31,31.87,21012.48,,,,,
4585,4/25/2025 20:32,31.87,20295.68,,,,,
4586,4/25/2025 20:33,31.92,19624.96,,,,,
4587,4/25/2025 20:34,31.87,19256.32,,,,,
4588,4/25/2025 20:35,31.92,18488.32,,,,,
4589,4/25/2025 20:36,31.87,18124.8,,,,,
4590,4/25/2025 20:37,31.83,17495.04,,,,,
4591,4/25/2025 20:38,31.87,17751.04,,,,,
4592,4/25/2025 20:39,31.87,18263.04,,,,,
4593,4/25/2025 20:40,31.87,19681.28,,,,,
4594,4/25/2025 20:41,31.87,18462.72,,,,,
4595,4/25/2025 20:42,31.74,8476.16,,,,,
4596,4/25/2025 20:43,31.87,20633.6,,,,,
4597,4/25/2025 20:44,31.83,7836.16,,,,,
4598,4/25/2025 20:45,31.79,3781.12,,,,,
4599,4/25/2025 20:46,31.7,6666.24,,,,,
4600,4/25/2025 20:47,31.74,19768.32,,,,,
4601,4/25/2025 20:48,31.79,19210.24,,,,,
4602,4/25/2025 20:49,31.74,16087.04,,,,,
4603,4/25/2025 20:50,31.83,12620.8,,,,,
4604,4/25/2025 20:51,31.79,18437.12,,,,,
4605,4/25/2025 20:52,31.74,13516.8,,,,,
4606,4/25/2025 20:53,31.74,15969.28,,,,,
4607,4/25/2025 20:54,31.79,16092.16,,,,,
4608,4/25/2025 20:55,31.83,16737.28,,,,,
4609,4/25/2025 20:56,31.79,16578.56,,,,,
4610,4/25/2025 20:57,31.83,16424.96,,,,,
4611,4/25/2025 20:58,31.83,16573.44,,,,,
4612,4/25/2025 20:59,31.87,16757.76,,,,,
4613,4/25/2025 21:00,31.87,17121.28,,,,,
4614,4/25/2025 21:01,31.83,17116.16,,,,,
4615,4/25/2025 21:02,31.92,17008.64,,,,,
4616,4/25/2025 21:03,31.87,17295.36,,,,,
4617,4/25/2025 21:04,31.87,17889.28,,,,,
4618,4/25/2025 21:05,31.92,18846.72,,,,,
4619,4/25/2025 21:06,31.96,18969.6,,,,,
4620,4/25/2025 21:07,31.96,19092.48,,,,,
4621,4/25/2025 21:08,31.92,19036.16,,,,,
4622,4/25/2025 21:09,31.96,19860.48,,,,,
4623,4/25/2025 21:10,31.96,19891.2,,,,,
4624,4/25/2025 21:11,31.92,18954.24,,,,,
4625,4/25/2025 21:12,31.96,18022.4,,,,,
4626,4/25/2025 21:13,31.92,17152,,,,,
4627,4/25/2025 21:14,31.92,16199.68,,,,,
4628,4/25/2025 21:15,31.83,14704.64,,,,,
4629,4/25/2025 21:16,31.87,13665.28,,,,,
4630,4/25/2025 21:17,31.92,12953.6,,,,,
4631,4/25/2025 21:18,31.83,12216.32,,,,,
4632,4/25/2025 21:19,31.83,10849.28,,,,,
4633,4/25/2025 21:20,31.83,10613.76,,,,,
4634,4/25/2025 21:21,31.79,10432,,,,,
4635,4/25/2025 21:22,31.79,10373.12,,,,,
4636,4/25/2025 21:23,31.83,10511.36,,,,,
4637,4/25/2025 21:24,31.79,9579.52,,,,,
4638,4/25/2025 21:25,31.79,9047.04,,,,,
4639,4/25/2025 21:26,31.83,9013.76,,,,,
4640,4/25/2025 21:27,31.79,8581.12,,,,,
4641,4/25/2025 21:28,31.74,8243.2,,,,,
4642,4/25/2025 21:29,31.74,8089.6,,,,,
4643,4/25/2025 21:30,31.74,8094.72,,,,,
4644,4/25/2025 21:31,31.79,8043.52,,,,,
4645,4/25/2025 21:32,31.79,7861.76,,,,,
4646,4/25/2025 21:33,31.74,7324.16,,,,,
4647,4/25/2025 21:34,31.83,6983.68,,,,,
4648,4/25/2025 21:35,31.74,6699.52,,,,,
4649,4/25/2025 21:36,31.74,6694.4,,,,,
4650,4/25/2025 21:37,31.79,6899.2,,,,,
4651,4/25/2025 21:38,31.7,2000.64,,,,,
4652,4/25/2025 21:39,31.66,3357.44,,,,,
4653,4/25/2025 21:40,31.7,4514.56,,,,,
4654,4/25/2025 21:41,31.7,6164.48,,,,,
4655,4/25/2025 21:42,31.61,1970.56,,,,,
4656,4/25/2025 21:43,31.61,3787.52,,,,,
4657,4/25/2025 21:44,31.61,5711.36,,,,,
4658,4/25/2025 21:45,31.66,6540.8,,,,,
4659,4/25/2025 21:46,31.66,3276.8,,,,,
4660,4/25/2025 21:47,31.7,3718.4,,,,,
4661,4/25/2025 21:48,31.66,2904.32,,,,,
4662,4/25/2025 21:49,31.66,5752.32,,,,,
4663,4/25/2025 21:50,31.61,1710.72,,,,,
4664,4/25/2025 21:51,31.66,1598.08,,,,,
4665,4/25/2025 21:52,31.66,5116.16,,,,,
4666,4/25/2025 21:53,31.66,5314.56,,,,,
4667,4/25/2025 21:54,31.66,5977.6,,,,,
4668,4/25/2025 21:55,31.66,4327.68,,,,,
4669,4/25/2025 21:56,31.74,2498.56,,,,,
4670,4/25/2025 21:57,31.66,4151.04,,,,,
4671,4/25/2025 21:58,31.66,1837.44,,,,,
4672,4/25/2025 21:59,31.66,4520.96,,,,,
4673,4/25/2025 22:00,31.66,4390.4,,,,,
4674,4/25/2025 22:01,31.61,4014.08,,,,,
4675,4/25/2025 22:02,31.74,4261.12,,,,,
4676,4/25/2025 22:03,31.7,4038.4,,,,,
4677,4/25/2025 22:04,31.7,3918.08,,,,,
4678,4/25/2025 22:05,31.7,3880.96,,,,,
4679,4/25/2025 22:06,31.66,3814.4,,,,,
4680,4/25/2025 22:07,31.7,3761.92,,,,,
4681,4/25/2025 22:08,31.7,3621.12,,,,,
4682,4/25/2025 22:09,31.74,3737.6,,,,,
4683,4/25/2025 22:10,31.74,4007.68,,,,,
4684,4/25/2025 22:11,31.7,4188.16,,,,,
4685,4/25/2025 22:12,31.74,3911.68,,,,,
4686,4/25/2025 22:13,31.66,3604.48,,,,,
4687,4/25/2025 22:14,31.7,3784.96,,,,,
4688,4/25/2025 22:15,31.7,2764.8,,,,,
4689,4/25/2025 22:16,31.74,3221.76,,,,,
4690,4/25/2025 22:17,31.7,3281.92,,,,,
4691,4/25/2025 22:18,31.66,3275.52,,,,,
4692,4/25/2025 22:19,31.7,3192.32,,,,,
4693,4/25/2025 22:20,31.7,3157.76,,,,,
4694,4/25/2025 22:21,31.7,3398.4,,,,,
4695,4/25/2025 22:22,31.66,3338.24,,,,,
4696,4/25/2025 22:23,31.66,3425.28,,,,,
4697,4/25/2025 22:24,31.7,3628.8,,,,,
4698,4/25/2025 22:25,31.66,2280.32,,,,,
4699,4/25/2025 22:26,31.66,2222.08,,,,,
4700,4/25/2025 22:27,31.66,3558.4,,,,,
4701,4/25/2025 22:28,31.66,1915.52,,,,,
4702,4/25/2025 22:29,31.66,3481.6,,,,,
4703,4/25/2025 22:30,31.66,1797.76,,,,,
4704,4/25/2025 22:31,31.66,1598.08,,,,,
4705,4/25/2025 22:32,31.66,2828.8,,,,,
4706,4/25/2025 22:33,31.66,2903.04,,,,,
4707,4/25/2025 22:34,31.7,2914.56,,,,,
4708,4/25/2025 22:35,31.7,3074.56,,,,,
4709,4/25/2025 22:36,31.66,3107.84,,,,,
4710,4/25/2025 22:37,31.7,3125.76,,,,,
4711,4/25/2025 22:38,31.66,3342.08,,,,,
4712,4/25/2025 22:39,31.66,2032,,,,,
4713,4/25/2025 22:40,31.66,1919.36,,,,,
4714,4/25/2025 22:41,31.66,3175.68,,,,,
4715,4/25/2025 22:42,31.66,2624,,,,,
4716,4/25/2025 22:43,31.66,2504.96,,,,,
4717,4/25/2025 22:44,31.7,3180.8,,,,,
4718,4/25/2025 22:45,31.7,3224.32,,,,,
4719,4/25/2025 22:46,31.7,1939.2,,,,,
4720,4/25/2025 22:47,31.7,2757.12,,,,,
4721,4/25/2025 22:48,31.7,2711.04,,,,,
4722,4/25/2025 22:49,31.7,2667.52,,,,,
4723,4/25/2025 22:50,31.7,2403.2,,,,,
4724,4/25/2025 22:51,31.66,2443.52,,,,,
4725,4/25/2025 22:52,31.7,2474.88,,,,,
4726,4/25/2025 22:53,31.66,2378.24,,,,,
4727,4/25/2025 22:54,31.66,2333.44,,,,,
4728,4/25/2025 22:55,31.7,2290.56,,,,,
4729,4/25/2025 22:56,31.66,2230.4,,,,,
4730,4/25/2025 22:57,31.7,2307.2,,,,,
4731,4/25/2025 22:58,31.7,2341.76,,,,,
4732,4/25/2025 22:59,31.7,2380.16,,,,,
4733,4/25/2025 23:00,31.66,1749.12,,,,,
4734,4/25/2025 23:01,31.66,2170.24,,,,,
4735,4/25/2025 23:02,31.7,2080.64,,,,,
4736,4/25/2025 23:03,31.7,2044.16,,,,,
4737,4/25/2025 23:04,31.66,2040.32,,,,,
4738,4/25/2025 23:05,31.7,1664.64,,,,,
4739,4/25/2025 23:06,31.66,2033.92,,,,,
4740,4/25/2025 23:07,31.7,2058.88,,,,,
4741,4/25/2025 23:08,31.66,1970.56,,,,,
4742,4/25/2025 23:09,31.66,2022.4,,,,,
4743,4/25/2025 23:10,31.7,2062.08,,,,,
4744,4/25/2025 23:11,31.7,2092.16,,,,,
4745,4/25/2025 23:12,31.7,2168.96,,,,,
4746,4/25/2025 23:13,31.7,2140.16,,,,,
4747,4/25/2025 23:14,31.7,2211.84,,,,,
4748,4/25/2025 23:15,31.7,2241.92,,,,,
4749,4/25/2025 23:16,31.74,2288.64,,,,,
4750,4/25/2025 23:17,31.66,2245.12,,,,,
4751,4/25/2025 23:18,31.7,2253.44,,,,,
4752,4/25/2025 23:19,31.74,2248.96,,,,,
4753,4/25/2025 23:20,31.7,2272,,,,,
4754,4/25/2025 23:21,31.7,2355.2,,,,,
4755,4/25/2025 23:22,31.7,2476.8,,,,,
4756,4/25/2025 23:23,31.7,2448.64,,,,,
4757,4/25/2025 23:24,31.66,2313.6,,,,,
4758,4/25/2025 23:25,31.74,2355.2,,,,,
4759,4/25/2025 23:26,31.7,2308.48,,,,,
4760,4/25/2025 23:27,31.74,2257.28,,,,,
4761,4/25/2025 23:28,31.7,2119.04,,,,,
4762,4/25/2025 23:29,31.7,2037.12,,,,,
4763,4/25/2025 23:30,31.7,2081.92,,,,,
4764,4/25/2025 23:31,31.66,2065.28,,,,,
4765,4/25/2025 23:32,31.7,2039.04,,,,,
4766,4/25/2025 23:33,31.66,2002.56,,,,,
4767,4/25/2025 23:34,31.66,2020.48,,,,,
4768,4/25/2025 23:35,31.66,2010.88,,,,,
4769,4/25/2025 23:36,31.66,2022.4,,,,,
4770,4/25/2025 23:37,31.66,2058.88,,,,,
4771,4/25/2025 23:38,31.61,2055.68,,,,,
4772,4/25/2025 23:39,31.7,2053.76,,,,,
4773,4/25/2025 23:40,31.66,1970.56,,,,,
4774,4/25/2025 23:41,31.66,1922.56,,,,,
4775,4/25/2025 23:42,31.7,1939.2,,,,,
4776,4/25/2025 23:43,31.7,1902.72,,,,,
4777,4/25/2025 23:44,31.66,1842.56,,,,,
4778,4/25/2025 23:45,31.66,1948.8,,,,,
4779,4/25/2025 23:46,31.61,1897.6,,,,,
4780,4/25/2025 23:47,31.66,1850.88,,,,,
4781,4/25/2025 23:48,31.66,1930.88,,,,,
4782,4/25/2025 23:49,31.66,1955.84,,,,,
4783,4/25/2025 23:50,31.66,1922.56,,,,,
4784,4/25/2025 23:51,31.66,1978.88,,,,,
4785,4/25/2025 23:52,31.61,1917.44,,,,,
4786,4/25/2025 23:53,31.61,1990.4,,,,,
4787,4/25/2025 23:54,31.66,1969.28,,,,,
4788,4/25/2025 23:55,31.66,1856,,,,,
4789,4/25/2025 23:56,31.7,1907.2,,,,,
4790,4/25/2025 23:57,31.61,2050.56,,,,,
4791,4/25/2025 23:58,31.66,2113.92,,,,,
4792,4/25/2025 23:59,31.66,1942.4,,,,,
4793,4/26/2025 0:00,31.66,1797.76,,,,,
4794,4/26/2025 0:01,31.61,1349.76,,,,,
4795,4/26/2025 0:02,31.57,2010.88,,,,,
4796,4/26/2025 0:03,31.66,2023.68,,,,,
4797,4/26/2025 0:04,31.66,1957.12,,,,,
4798,4/26/2025 0:05,31.61,1889.28,,,,,
4799,4/26/2025 0:06,31.66,1696,,,,,
4800,4/26/2025 0:07,31.57,1727.36,,,,,
4801,4/26/2025 0:08,31.57,1643.52,,,,,
4802,4/26/2025 0:09,31.61,1605.12,,,,,
4803,4/26/2025 0:10,31.61,1601.92,,,,,
4804,4/26/2025 0:11,31.57,1319.68,,,,,
4805,4/26/2025 0:12,31.57,1324.16,,,,,
4806,4/26/2025 0:13,31.61,1344.64,,,,,
4807,4/26/2025 0:14,31.61,1332.48,,,,,
4808,4/26/2025 0:15,31.57,1651.84,,,,,
4809,4/26/2025 0:16,31.57,1724.16,,,,,
4810,4/26/2025 0:17,31.53,1734.4,,,,,
4811,4/26/2025 0:18,31.57,1832.32,,,,,
4812,4/26/2025 0:19,31.57,1832.32,,,,,
4813,4/26/2025 0:20,31.53,1789.44,,,,,
4814,4/26/2025 0:21,31.61,1722.88,,,,,
4815,4/26/2025 0:22,31.57,1715.84,,,,,
4816,4/26/2025 0:23,31.53,1438.08,,,,,
4817,4/26/2025 0:24,31.49,1374.08,,,,,
4818,4/26/2025 0:25,31.53,1582.08,,,,,
4819,4/26/2025 0:26,31.49,1724.16,,,,,
4820,4/26/2025 0:27,31.57,1731.2,,,,,
4821,4/26/2025 0:28,31.53,1571.84,,,,,
4822,4/26/2025 0:29,31.49,1254.08,,,,,
4823,4/26/2025 0:30,31.44,1341.44,,,,,
4824,4/26/2025 0:31,31.49,1719.04,,,,,
4825,4/26/2025 0:32,31.49,1804.16,,,,,
4826,4/26/2025 0:33,31.44,1641.6,,,,,
4827,4/26/2025 0:34,31.49,1578.88,,,,,
4828,4/26/2025 0:35,31.44,1482.24,,,,,
4829,4/26/2025 0:36,31.44,1247.36,,,,,
4830,4/26/2025 0:37,31.4,1154.24,,,,,
4831,4/26/2025 0:38,31.44,1065.28,,,,,
4832,4/26/2025 0:39,31.4,1095.04,,,,,
4833,4/26/2025 0:40,31.4,1135.04,,,,,
4834,4/26/2025 0:41,31.4,1217.6,,,,,
4835,4/26/2025 0:42,31.44,1083.52,,,,,
4836,4/26/2025 0:43,31.4,1047.04,,,,,
4837,4/26/2025 0:44,31.44,1051.84,,,,,
4838,4/26/2025 0:45,31.4,1007.68,,,,,
4839,4/26/2025 0:46,31.36,814.72,,,,,
4840,4/26/2025 0:47,31.4,805.44,,,,,
4841,4/26/2025 0:48,31.4,755.2,,,,,
4842,4/26/2025 0:49,31.36,702.4,,,,,
4843,4/26/2025 0:50,31.31,752.64,,,,,
4844,4/26/2025 0:51,31.36,809.6,,,,,
4845,4/26/2025 0:52,31.36,795.52,,,,,
4846,4/26/2025 0:53,31.36,713.6,,,,,
4847,4/26/2025 0:54,31.31,652.48,,,,,
4848,4/26/2025 0:55,31.36,620.8,,,,,
4849,4/26/2025 0:56,31.36,638.4,,,,,
4850,4/26/2025 0:57,31.4,642.56,,,,,
4851,4/26/2025 0:58,31.36,976.96,,,,,
4852,4/26/2025 0:59,31.4,872.64,,,,,
4853,4/26/2025 1:00,31.31,711.04,,,,,
4854,4/26/2025 1:01,31.4,692.48,,,,,
4855,4/26/2025 1:02,31.4,662.4,,,,,
4856,4/26/2025 1:03,31.36,558.08,,,,,
4857,4/26/2025 1:04,31.36,777.28,,,,,
4858,4/26/2025 1:05,31.4,913.6,,,,,
4859,4/26/2025 1:06,31.36,886.4,,,,,
4860,4/26/2025 1:07,31.4,799.04,,,,,
4861,4/26/2025 1:08,31.4,537.6,,,,,
4862,4/26/2025 1:09,31.36,489.28,,,,,
4863,4/26/2025 1:10,31.36,520.16,,,,,
4864,4/26/2025 1:11,31.27,784,,,,,
4865,4/26/2025 1:12,31.36,765.44,,,,,
4866,4/26/2025 1:13,31.36,739.52,,,,,
4867,4/26/2025 1:14,31.31,727.04,,,,,
4868,4/26/2025 1:15,31.36,707.84,,,,,
4869,4/26/2025 1:16,31.31,671.68,,,,,
4870,4/26/2025 1:17,31.31,674.56,,,,,
4871,4/26/2025 1:18,31.31,665.28,,,,,
4872,4/26/2025 1:19,31.31,598.72,,,,,
4873,4/26/2025 1:20,31.31,639.2,,,,,
4874,4/26/2025 1:21,31.31,622.56,,,,,
4875,4/26/2025 1:22,31.31,608.32,,,,,
4876,4/26/2025 1:23,31.31,590.4,,,,,
4877,4/26/2025 1:24,31.31,572.96,,,,,
4878,4/26/2025 1:25,31.31,554.72,,,,,
4879,4/26/2025 1:26,31.31,538.08,,,,,
4880,4/26/2025 1:27,31.27,415.68,,,,,
4881,4/26/2025 1:28,31.31,430.72,,,,,
4882,4/26/2025 1:29,31.27,387.84,,,,,
4883,4/26/2025 1:30,31.23,363.04,,,,,
4884,4/26/2025 1:31,31.27,413.12,,,,,
4885,4/26/2025 1:32,31.23,389.92,,,,,
4886,4/26/2025 1:33,31.23,397.44,,,,,
4887,4/26/2025 1:34,31.27,368,,,,,
4888,4/26/2025 1:35,31.23,288.56,,,,,
4889,4/26/2025 1:36,31.19,262.56,,,,,
4890,4/26/2025 1:37,31.23,255.04,,,,,
4891,4/26/2025 1:38,31.23,245.12,,,,,
4892,4/26/2025 1:39,31.19,236.56,,,,,
4893,4/26/2025 1:40,31.23,234.08,,,,,
4894,4/26/2025 1:41,31.19,235.68,,,,,
4895,4/26/2025 1:42,31.14,240.96,,,,,
4896,4/26/2025 1:43,31.23,265.04,,,,,
4897,4/26/2025 1:44,31.14,239.28,,,,,
4898,4/26/2025 1:45,31.19,250.88,,,,,
4899,4/26/2025 1:46,31.14,223.2,,,,,
4900,4/26/2025 1:47,31.14,224.88,,,,,
4901,4/26/2025 1:48,31.19,223.2,,,,,
4902,4/26/2025 1:49,31.14,219.28,,,,,
4903,4/26/2025 1:50,31.14,207.44,,,,,
4904,4/26/2025 1:51,31.14,183.92,,,,,
4905,4/26/2025 1:52,31.14,162.2,,,,,
4906,4/26/2025 1:53,31.14,152.2,,,,,
4907,4/26/2025 1:54,31.14,145.44,,,,,
4908,4/26/2025 1:55,31.14,136.28,,,,,
4909,4/26/2025 1:56,31.14,127.84,,,,,
4910,4/26/2025 1:57,31.14,118.68,,,,,
4911,4/26/2025 1:58,31.14,110.36,,,,,
4912,4/26/2025 1:59,31.1,103.6,,,,,
4913,4/26/2025 2:00,31.1,96.12,,,,,
4914,4/26/2025 2:01,31.1,90.2,,,,,
4915,4/26/2025 2:02,31.14,82.68,,,,,
4916,4/26/2025 2:03,31.06,76.4,,,,,
4917,4/26/2025 2:04,31.14,70.12,,,,,
4918,4/26/2025 2:05,31.1,63.82,,,,,
4919,4/26/2025 2:06,31.06,56.74,,,,,
4920,4/26/2025 2:07,31.1,50.86,,,,,
4921,4/26/2025 2:08,31.06,44.2,,,,,
4922,4/26/2025 2:09,31.1,38.75,,,,,
4923,4/26/2025 2:10,31.06,32.14,,,,,
4924,4/26/2025 2:11,31.06,27.33,,,,,
4925,4/26/2025 2:12,31.14,22.94,,,,,
4926,4/26/2025 2:13,31.06,19.16,,,,,
4927,4/26/2025 2:14,31.01,15.84,,,,,
4928,4/26/2025 2:15,31.1,13.31,,,,,
4929,4/26/2025 2:16,31.06,10.82,,,,,
4930,4/26/2025 2:17,31.06,8.94,,,,,
4931,4/26/2025 2:18,31.01,7.07,,,,,
4932,4/26/2025 2:19,31.06,5.61,,,,,
4933,4/26/2025 2:20,31.06,4.16,,,,,
4934,4/26/2025 2:21,30.97,3.32,,,,,
4935,4/26/2025 2:22,31.06,2.7,,,,,
4936,4/26/2025 2:23,31.01,2.08,,,,,
4937,4/26/2025 2:24,31.01,1.45,,,,,
4938,4/26/2025 2:25,31.01,1.24,,,,,
4939,4/26/2025 2:26,31.01,0.83,,,,,
4940,4/26/2025 2:27,31.01,0.62,,,,,
4941,4/26/2025 2:28,30.97,0.62,,,,,
4942,4/26/2025 2:29,30.97,0.41,,,,,
4943,4/26/2025 2:30,31.01,0.41,,,,,
4944,4/26/2025 2:31,31.01,0.41,,,,,
4945,4/26/2025 2:32,30.97,0.2,,,,,
4946,4/26/2025 2:33,30.97,0.2,,,,,
4947,4/26/2025 2:34,30.97,0.2,,,,,
4948,4/26/2025 2:35,30.97,0.2,,,,,
4949,4/26/2025 2:36,30.97,0.2,,,,,
4950,4/26/2025 2:37,30.93,0.2,,,,,
4951,4/26/2025 2:38,30.97,0.2,,,,,
4952,4/26/2025 2:39,30.97,0.2,,,,,
4953,4/26/2025 2:40,30.93,0.41,,,,,
4954,4/26/2025 2:41,30.93,0.2,,,,,
4955,4/26/2025 2:42,30.93,0.2,,,,,
4956,4/26/2025 2:43,30.93,0.2,,,,,
4957,4/26/2025 2:44,30.97,0.2,,,,,
4958,4/26/2025 2:45,30.89,0.2,,,,,
4959,4/26/2025 2:46,30.93,0.2,,,,,
4960,4/26/2025 2:47,30.93,0.2,,,,,
4961,4/26/2025 2:48,30.93,0.2,,,,,
4962,4/26/2025 2:49,30.89,0.2,,,,,
4963,4/26/2025 2:50,30.93,0.2,,,,,
4964,4/26/2025 2:51,30.93,0,,,,,
4965,4/26/2025 2:52,30.84,0,,,,,
4966,4/26/2025 2:53,30.93,0,,,,,
4967,4/26/2025 2:54,30.89,0,,,,,
4968,4/26/2025 2:55,30.89,0,,,,,
4969,4/26/2025 2:56,30.84,0,,,,,
4970,4/26/2025 2:57,30.84,0,,,,,
4971,4/26/2025 2:58,30.84,0,,,,,
4972,4/26/2025 2:59,30.89,0,,,,,
4973,4/26/2025 3:00,30.84,0,,,,,
4974,4/26/2025 3:01,30.84,0,,,,,
4975,4/26/2025 3:02,30.84,0,,,,,
4976,4/26/2025 3:03,30.89,0,,,,,
4977,4/26/2025 3:04,30.89,0,,,,,
4978,4/26/2025 3:05,30.84,0,,,,,
4979,4/26/2025 3:06,30.84,0,,,,,
4980,4/26/2025 3:07,30.84,0,,,,,
4981,4/26/2025 3:08,30.84,0,,,,,
4982,4/26/2025 3:09,30.84,0,,,,,
4983,4/26/2025 3:10,30.84,0,,,,,
4984,4/26/2025 3:11,30.84,0,,,,,
4985,4/26/2025 3:12,30.89,0,,,,,
4986,4/26/2025 3:13,30.84,0,,,,,
4987,4/26/2025 3:14,30.84,0,,,,,
4988,4/26/2025 3:15,30.84,0,,,,,
4989,4/26/2025 3:16,30.8,0,,,,,
4990,4/26/2025 3:17,30.8,0,,,,,
4991,4/26/2025 3:18,30.8,0.2,,,,,
4992,4/26/2025 3:19,30.8,0,,,,,
4993,4/26/2025 3:20,30.8,0,,,,,
4994,4/26/2025 3:21,30.84,0,,,,,
4995,4/26/2025 3:22,30.8,0,,,,,
4996,4/26/2025 3:23,30.8,0,,,,,
4997,4/26/2025 3:24,30.76,0,,,,,
4998,4/26/2025 3:25,30.8,0,,,,,
4999,4/26/2025 3:26,30.8,0,,,,,
5000,4/26/2025 3:27,30.76,0,,,,,
5001,4/26/2025 3:28,30.8,0,,,,,
5002,4/26/2025 3:29,30.8,0,,,,,
5003,4/26/2025 3:30,30.76,0,,,,,
5004,4/26/2025 3:31,30.76,0,,,,,
5005,4/26/2025 3:32,30.8,0,,,,,
5006,4/26/2025 3:33,30.76,0,,,,,
5007,4/26/2025 3:34,30.71,0,,,,,
5008,4/26/2025 3:35,30.76,0,,,,,
5009,4/26/2025 3:36,30.76,0,,,,,
5010,4/26/2025 3:37,30.71,0,,,,,
5011,4/26/2025 3:38,30.76,0,,,,,
5012,4/26/2025 3:39,30.76,0,,,,,
5013,4/26/2025 3:40,30.71,0,,,,,
5014,4/26/2025 3:41,30.71,0,,,,,
5015,4/26/2025 3:42,30.71,0,,,,,
5016,4/26/2025 3:43,30.76,0,,,,,
5017,4/26/2025 3:44,30.76,0,,,,,
5018,4/26/2025 3:45,30.71,0,,,,,
5019,4/26/2025 3:46,30.71,0,,,,,
5020,4/26/2025 3:47,30.76,0,,,,,
5021,4/26/2025 3:48,30.71,0,,,,,
5022,4/26/2025 3:49,30.71,0,,,,,
5023,4/26/2025 3:50,30.76,0,,,,,
5024,4/26/2025 3:51,30.76,0,,,,,
5025,4/26/2025 3:52,30.71,0,,,,,
5026,4/26/2025 3:53,30.76,0,,,,,
5027,4/26/2025 3:54,30.71,0,,,,,
5028,4/26/2025 3:55,30.71,0,,,,,
5029,4/26/2025 3:56,30.76,0,,,,,
5030,4/26/2025 3:57,30.71,0,,,,,
5031,4/26/2025 3:58,30.71,0,,,,,
5032,4/26/2025 3:59,30.76,0,,,,,
5033,4/26/2025 4:00,30.71,0,,,,,
5034,4/26/2025 4:01,30.71,0,,,,,
5035,4/26/2025 4:02,30.71,0,,,,,
5036,4/26/2025 4:03,30.71,0,,,,,
5037,4/26/2025 4:04,30.71,0,,,,,
5038,4/26/2025 4:05,30.71,0,,,,,
5039,4/26/2025 4:06,30.71,0,,,,,
5040,4/26/2025 4:07,30.71,0,,,,,
5041,4/26/2025 4:08,30.71,0,,,,,
5042,4/26/2025 4:09,30.71,0,,,,,
5043,4/26/2025 4:10,30.71,0,,,,,
5044,4/26/2025 4:11,30.71,0.2,,,,,
5045,4/26/2025 4:12,30.71,0,,,,,
5046,4/26/2025 4:13,30.71,0,,,,,
5047,4/26/2025 4:14,30.71,0,,,,,
5048,4/26/2025 4:15,30.71,0,,,,,
5049,4/26/2025 4:16,30.67,0,,,,,
5050,4/26/2025 4:17,30.71,0,,,,,
5051,4/26/2025 4:18,30.71,0,,,,,
5052,4/26/2025 4:19,30.71,0,,,,,
5053,4/26/2025 4:20,30.67,0,,,,,
5054,4/26/2025 4:21,30.67,0,,,,,
5055,4/26/2025 4:22,30.67,0,,,,,
5056,4/26/2025 4:23,30.71,0,,,,,
5057,4/26/2025 4:24,30.71,0,,,,,
5058,4/26/2025 4:25,30.67,0,,,,,
5059,4/26/2025 4:26,30.67,0,,,,,
5060,4/26/2025 4:27,30.67,0,,,,,
5061,4/26/2025 4:28,30.71,0,,,,,
5062,4/26/2025 4:29,30.67,0,,,,,
5063,4/26/2025 4:30,30.67,0,,,,,
5064,4/26/2025 4:31,30.71,0,,,,,
5065,4/26/2025 4:32,30.71,0,,,,,
5066,4/26/2025 4:33,30.67,0,,,,,
5067,4/26/2025 4:34,30.71,0,,,,,
5068,4/26/2025 4:35,30.71,0,,,,,
5069,4/26/2025 4:36,30.71,0,,,,,
5070,4/26/2025 4:37,30.71,0,,,,,
5071,4/26/2025 4:38,30.67,0,,,,,
5072,4/26/2025 4:39,30.67,0,,,,,
5073,4/26/2025 4:40,30.67,0,,,,,
5074,4/26/2025 4:41,30.71,0,,,,,
5075,4/26/2025 4:42,30.71,0,,,,,
5076,4/26/2025 4:43,30.63,0,,,,,
5077,4/26/2025 4:44,30.67,0,,,,,
5078,4/26/2025 4:45,30.67,0,,,,,
5079,4/26/2025 4:46,30.71,0,,,,,
5080,4/26/2025 4:47,30.67,0,,,,,
5081,4/26/2025 4:48,30.67,0,,,,,
5082,4/26/2025 4:49,30.67,0.2,,,,,
5083,4/26/2025 4:50,30.67,0,,,,,
5084,4/26/2025 4:51,30.67,0,,,,,
5085,4/26/2025 4:52,30.67,0,,,,,
5086,4/26/2025 4:53,30.67,0,,,,,
5087,4/26/2025 4:54,30.67,0,,,,,
5088,4/26/2025 4:55,30.67,0,,,,,
5089,4/26/2025 4:56,30.67,0,,,,,
5090,4/26/2025 4:57,30.63,0,,,,,
5091,4/26/2025 4:58,30.71,0,,,,,
5092,4/26/2025 4:59,30.67,0,,,,,
5093,4/26/2025 5:00,30.67,0,,,,,
5094,4/26/2025 5:01,30.67,0,,,,,
5095,4/26/2025 5:02,30.67,0,,,,,
5096,4/26/2025 5:03,30.67,0,,,,,
5097,4/26/2025 5:04,30.67,0,,,,,
5098,4/26/2025 5:05,30.67,0,,,,,
5099,4/26/2025 5:06,30.67,0,,,,,
5100,4/26/2025 5:07,30.63,0,,,,,
5101,4/26/2025 5:08,30.63,0,,,,,
5102,4/26/2025 5:09,30.63,0,,,,,
5103,4/26/2025 5:10,30.63,0,,,,,
5104,4/26/2025 5:11,30.63,0,,,,,
5105,4/26/2025 5:12,30.63,0,,,,,
5106,4/26/2025 5:13,30.63,0,,,,,
5107,4/26/2025 5:14,30.67,0,,,,,
5108,4/26/2025 5:15,30.63,0,,,,,
5109,4/26/2025 5:16,30.63,0,,,,,
5110,4/26/2025 5:17,30.67,0,,,,,
5111,4/26/2025 5:18,30.67,0,,,,,
5112,4/26/2025 5:19,30.67,0,,,,,
5113,4/26/2025 5:20,30.67,0,,,,,
5114,4/26/2025 5:21,30.71,0,,,,,
5115,4/26/2025 5:22,30.67,0,,,,,
5116,4/26/2025 5:23,30.63,0,,,,,
5117,4/26/2025 5:24,30.63,0,,,,,
5118,4/26/2025 5:25,30.63,0,,,,,
5119,4/26/2025 5:26,30.63,0,,,,,
5120,4/26/2025 5:27,30.63,0,,,,,
5121,4/26/2025 5:28,30.67,0,,,,,
5122,4/26/2025 5:29,30.67,0,,,,,
5123,4/26/2025 5:30,30.67,0,,,,,
5124,4/26/2025 5:31,30.63,0,,,,,
5125,4/26/2025 5:32,30.59,0,,,,,
5126,4/26/2025 5:33,30.67,0,,,,,
5127,4/26/2025 5:34,30.59,0,,,,,
5128,4/26/2025 5:35,30.59,0,,,,,
5129,4/26/2025 5:36,30.63,0,,,,,
5130,4/26/2025 5:37,30.63,0,,,,,
5131,4/26/2025 5:38,30.59,0,,,,,
5132,4/26/2025 5:39,30.59,0,,,,,
5133,4/26/2025 5:40,30.63,0,,,,,
5134,4/26/2025 5:41,30.63,0,,,,,
5135,4/26/2025 5:42,30.63,0.2,,,,,
5136,4/26/2025 5:43,30.67,0,,,,,
5137,4/26/2025 5:44,30.63,0,,,,,
5138,4/26/2025 5:45,30.63,0,,,,,
5139,4/26/2025 5:46,30.59,0,,,,,
5140,4/26/2025 5:47,30.63,0,,,,,
5141,4/26/2025 5:48,30.67,0,,,,,
5142,4/26/2025 5:49,30.59,0,,,,,
5143,4/26/2025 5:50,30.59,0,,,,,
5144,4/26/2025 5:51,30.59,0,,,,,
5145,4/26/2025 5:52,30.59,0,,,,,
5146,4/26/2025 5:53,30.59,0,,,,,
5147,4/26/2025 5:54,30.63,0,,,,,
5148,4/26/2025 5:55,30.59,0,,,,,
5149,4/26/2025 5:56,30.63,0,,,,,
5150,4/26/2025 5:57,30.67,0,,,,,
5151,4/26/2025 5:58,30.59,0,,,,,
5152,4/26/2025 5:59,30.59,0,,,,,
5153,4/26/2025 6:00,30.63,0,,,,,
5154,4/26/2025 6:01,30.63,0,,,,,
5155,4/26/2025 6:02,30.63,0,,,,,
5156,4/26/2025 6:03,30.59,0,,,,,
5157,4/26/2025 6:04,30.59,0,,,,,
5158,4/26/2025 6:05,30.63,0,,,,,
5159,4/26/2025 6:06,30.59,0,,,,,
5160,4/26/2025 6:07,30.63,0,,,,,
5161,4/26/2025 6:08,30.63,0,,,,,
5162,4/26/2025 6:09,30.63,0,,,,,
5163,4/26/2025 6:10,30.63,0,,,,,
5164,4/26/2025 6:11,30.59,0,,,,,
5165,4/26/2025 6:12,30.63,0,,,,,
5166,4/26/2025 6:13,30.63,0,,,,,
5167,4/26/2025 6:14,30.59,0,,,,,
5168,4/26/2025 6:15,30.63,0,,,,,
5169,4/26/2025 6:16,30.63,0,,,,,
5170,4/26/2025 6:17,30.63,0,,,,,
5171,4/26/2025 6:18,30.63,0,,,,,
5172,4/26/2025 6:19,30.63,0,,,,,
5173,4/26/2025 6:20,30.63,0.2,,,,,
5174,4/26/2025 6:21,30.63,0,,,,,
5175,4/26/2025 6:22,30.59,0,,,,,
5176,4/26/2025 6:23,30.63,0,,,,,
5177,4/26/2025 6:24,30.63,0,,,,,
5178,4/26/2025 6:25,30.63,0,,,,,
5179,4/26/2025 6:26,30.59,0,,,,,
5180,4/26/2025 6:27,30.63,0,,,,,
5181,4/26/2025 6:28,30.63,0,,,,,
5182,4/26/2025 6:29,30.63,0,,,,,
5183,4/26/2025 6:30,30.63,0,,,,,
5184,4/26/2025 6:31,30.63,0,,,,,
5185,4/26/2025 6:32,30.63,0,,,,,
5186,4/26/2025 6:33,30.67,0,,,,,
5187,4/26/2025 6:34,30.63,0,,,,,
5188,4/26/2025 6:35,30.63,0,,,,,
5189,4/26/2025 6:36,30.63,0,,,,,
5190,4/26/2025 6:37,30.59,0,,,,,
5191,4/26/2025 6:38,30.59,0,,,,,
5192,4/26/2025 6:39,30.59,0,,,,,
5193,4/26/2025 6:40,30.67,0,,,,,
5194,4/26/2025 6:41,30.63,0,,,,,
5195,4/26/2025 6:42,30.63,0,,,,,
5196,4/26/2025 6:43,30.63,0,,,,,
5197,4/26/2025 6:44,30.63,0,,,,,
5198,4/26/2025 6:45,30.59,0,,,,,
5199,4/26/2025 6:46,30.63,0,,,,,
5200,4/26/2025 6:47,30.59,0,,,,,
5201,4/26/2025 6:48,30.59,0,,,,,
5202,4/26/2025 6:49,30.59,0,,,,,
5203,4/26/2025 6:50,30.59,0,,,,,
5204,4/26/2025 6:51,30.63,0,,,,,
5205,4/26/2025 6:52,30.67,0,,,,,
5206,4/26/2025 6:53,30.63,0,,,,,
5207,4/26/2025 6:54,30.59,0,,,,,
5208,4/26/2025 6:55,30.59,0,,,,,
5209,4/26/2025 6:56,30.63,0,,,,,
5210,4/26/2025 6:57,30.63,0,,,,,
5211,4/26/2025 6:58,30.59,0,,,,,
5212,4/26/2025 6:59,30.63,0,,,,,
5213,4/26/2025 7:00,30.63,0,,,,,
5214,4/26/2025 7:01,30.63,0,,,,,
5215,4/26/2025 7:02,30.63,0,,,,,
5216,4/26/2025 7:03,30.63,0,,,,,
5217,4/26/2025 7:04,30.59,0,,,,,
5218,4/26/2025 7:05,30.63,0,,,,,
5219,4/26/2025 7:06,30.59,0,,,,,
5220,4/26/2025 7:07,30.63,0,,,,,
5221,4/26/2025 7:08,30.59,0,,,,,
5222,4/26/2025 7:09,30.63,0,,,,,
5223,4/26/2025 7:10,30.63,0,,,,,
5224,4/26/2025 7:11,30.63,0,,,,,
5225,4/26/2025 7:12,30.63,0,,,,,
5226,4/26/2025 7:13,30.59,0.2,,,,,
5227,4/26/2025 7:14,30.63,0,,,,,
5228,4/26/2025 7:15,30.63,0,,,,,
5229,4/26/2025 7:16,30.63,0,,,,,
5230,4/26/2025 7:17,30.67,0,,,,,
5231,4/26/2025 7:18,30.59,0,,,,,
5232,4/26/2025 7:19,30.63,0,,,,,
5233,4/26/2025 7:20,30.63,0,,,,,
5234,4/26/2025 7:21,30.63,0,,,,,
5235,4/26/2025 7:22,30.63,0,,,,,
5236,4/26/2025 7:23,30.59,0,,,,,
5237,4/26/2025 7:24,30.63,0,,,,,
5238,4/26/2025 7:25,30.63,0,,,,,
5239,4/26/2025 7:26,30.59,0,,,,,
5240,4/26/2025 7:27,30.63,0,,,,,
5241,4/26/2025 7:28,30.63,0,,,,,
5242,4/26/2025 7:29,30.63,0,,,,,
5243,4/26/2025 7:30,30.59,0,,,,,
5244,4/26/2025 7:31,30.63,0,,,,,
5245,4/26/2025 7:32,30.59,0,,,,,
5246,4/26/2025 7:33,30.63,0,,,,,
5247,4/26/2025 7:34,30.63,0,,,,,
5248,4/26/2025 7:35,30.63,0,,,,,
5249,4/26/2025 7:36,30.67,0,,,,,
5250,4/26/2025 7:37,30.63,0,,,,,
5251,4/26/2025 7:38,30.59,0,,,,,
5252,4/26/2025 7:39,30.63,0,,,,,
5253,4/26/2025 7:40,30.63,0,,,,,
5254,4/26/2025 7:41,30.63,0,,,,,
5255,4/26/2025 7:42,30.59,0,,,,,
5256,4/26/2025 7:43,30.63,0,,,,,
5257,4/26/2025 7:44,30.63,0,,,,,
5258,4/26/2025 7:45,30.54,0,,,,,
5259,4/26/2025 7:46,30.67,0,,,,,
5260,4/26/2025 7:47,30.63,0,,,,,
5261,4/26/2025 7:48,30.59,0,,,,,
5262,4/26/2025 7:49,30.63,0,,,,,
5263,4/26/2025 7:50,30.63,0,,,,,
5264,4/26/2025 7:51,30.63,0.2,,,,,
5265,4/26/2025 7:52,30.63,0,,,,,
5266,4/26/2025 7:53,30.59,0,,,,,
5267,4/26/2025 7:54,30.67,0,,,,,
5268,4/26/2025 7:55,30.63,0,,,,,
5269,4/26/2025 7:56,30.59,0,,,,,
5270,4/26/2025 7:57,30.63,0,,,,,
5271,4/26/2025 7:58,30.59,0,,,,,
5272,4/26/2025 7:59,30.63,0,,,,,
5273,4/26/2025 8:00,30.59,0,,,,,
5274,4/26/2025 8:01,30.63,0,,,,,
5275,4/26/2025 8:02,30.63,0,,,,,
5276,4/26/2025 8:03,30.67,0,,,,,
5277,4/26/2025 8:04,30.67,0,,,,,
5278,4/26/2025 8:05,30.63,0,,,,,
5279,4/26/2025 8:06,30.63,0,,,,,
5280,4/26/2025 8:07,30.63,0,,,,,
5281,4/26/2025 8:08,30.67,0,,,,,
5282,4/26/2025 8:09,30.67,0,,,,,
5283,4/26/2025 8:10,30.67,0,,,,,
5284,4/26/2025 8:11,30.63,0,,,,,
5285,4/26/2025 8:12,30.63,0,,,,,
5286,4/26/2025 8:13,30.63,0,,,,,
5287,4/26/2025 8:14,30.67,0,,,,,
5288,4/26/2025 8:15,30.63,0,,,,,
5289,4/26/2025 8:16,30.67,0,,,,,
5290,4/26/2025 8:17,30.67,0,,,,,
5291,4/26/2025 8:18,30.63,0,,,,,
5292,4/26/2025 8:19,30.63,0,,,,,
5293,4/26/2025 8:20,30.67,0,,,,,
5294,4/26/2025 8:21,30.67,0,,,,,
5295,4/26/2025 8:22,30.63,0,,,,,
5296,4/26/2025 8:23,30.67,0,,,,,
5297,4/26/2025 8:24,30.63,0,,,,,
5298,4/26/2025 8:25,30.63,0,,,,,
5299,4/26/2025 8:26,30.63,0,,,,,
5300,4/26/2025 8:27,30.63,0,,,,,
5301,4/26/2025 8:28,30.67,0,,,,,
5302,4/26/2025 8:29,30.67,0,,,,,
5303,4/26/2025 8:30,30.67,0,,,,,
5304,4/26/2025 8:31,30.67,0,,,,,
5305,4/26/2025 8:32,30.67,0,,,,,
5306,4/26/2025 8:33,30.63,0,,,,,
5307,4/26/2025 8:34,30.63,0,,,,,
5308,4/26/2025 8:35,30.67,0,,,,,
5309,4/26/2025 8:36,30.63,0,,,,,
5310,4/26/2025 8:37,30.67,0,,,,,
5311,4/26/2025 8:38,30.63,0,,,,,
5312,4/26/2025 8:39,30.63,0,,,,,
5313,4/26/2025 8:40,30.63,0,,,,,
5314,4/26/2025 8:41,30.67,0,,,,,
5315,4/26/2025 8:42,30.67,0,,,,,
5316,4/26/2025 8:43,30.63,0,,,,,
5317,4/26/2025 8:44,30.67,0.2,,,,,
5318,4/26/2025 8:45,30.67,0,,,,,
5319,4/26/2025 8:46,30.67,0,,,,,
5320,4/26/2025 8:47,30.63,0,,,,,
5321,4/26/2025 8:48,30.67,0,,,,,
5322,4/26/2025 8:49,30.63,0,,,,,
5323,4/26/2025 8:50,30.63,0,,,,,
5324,4/26/2025 8:51,30.67,0,,,,,
5325,4/26/2025 8:52,30.67,0,,,,,
5326,4/26/2025 8:53,30.67,0,,,,,
5327,4/26/2025 8:54,30.63,0,,,,,
5328,4/26/2025 8:55,30.67,0,,,,,
5329,4/26/2025 8:56,30.63,0,,,,,
5330,4/26/2025 8:57,30.63,0,,,,,
5331,4/26/2025 8:58,30.67,0,,,,,
5332,4/26/2025 8:59,30.67,0,,,,,
5333,4/26/2025 9:00,30.67,0,,,,,
5334,4/26/2025 9:01,30.63,0,,,,,
5335,4/26/2025 9:02,30.71,0,,,,,
5336,4/26/2025 9:03,30.67,0,,,,,
5337,4/26/2025 9:04,30.67,0,,,,,
5338,4/26/2025 9:05,30.67,0,,,,,
5339,4/26/2025 9:06,30.67,0,,,,,
5340,4/26/2025 9:07,30.67,0,,,,,
5341,4/26/2025 9:08,30.67,0,,,,,
5342,4/26/2025 9:09,30.67,0,,,,,
5343,4/26/2025 9:10,30.71,0,,,,,
5344,4/26/2025 9:11,30.71,0,,,,,
5345,4/26/2025 9:12,30.67,0,,,,,
5346,4/26/2025 9:13,30.63,0,,,,,
5347,4/26/2025 9:14,30.63,0,,,,,
5348,4/26/2025 9:15,30.67,0,,,,,
5349,4/26/2025 9:16,30.63,0,,,,,
5350,4/26/2025 9:17,30.63,0,,,,,
5351,4/26/2025 9:18,30.67,0,,,,,
5352,4/26/2025 9:19,30.63,0,,,,,
5353,4/26/2025 9:20,30.71,0,,,,,
5354,4/26/2025 9:21,30.63,0,,,,,
5355,4/26/2025 9:22,30.71,0.2,,,,,
5356,4/26/2025 9:23,30.67,0,,,,,
5357,4/26/2025 9:24,30.67,0,,,,,
5358,4/26/2025 9:25,30.67,0,,,,,
5359,4/26/2025 9:26,30.71,0,,,,,
5360,4/26/2025 9:27,30.67,0,,,,,
5361,4/26/2025 9:28,30.67,0,,,,,
5362,4/26/2025 9:29,30.67,0,,,,,
5363,4/26/2025 9:30,30.67,0,,,,,
5364,4/26/2025 9:31,30.67,0,,,,,
5365,4/26/2025 9:32,30.67,0,,,,,
5366,4/26/2025 9:33,30.67,0,,,,,
5367,4/26/2025 9:34,30.67,0,,,,,
5368,4/26/2025 9:35,30.63,0,,,,,
5369,4/26/2025 9:36,30.67,0,,,,,
5370,4/26/2025 9:37,30.67,0,,,,,
5371,4/26/2025 9:38,30.67,0,,,,,
5372,4/26/2025 9:39,30.67,0,,,,,
5373,4/26/2025 9:40,30.63,0,,,,,
5374,4/26/2025 9:41,30.67,0,,,,,
5375,4/26/2025 9:42,30.67,0,,,,,
5376,4/26/2025 9:43,30.67,0,,,,,
5377,4/26/2025 9:44,30.67,0,,,,,
5378,4/26/2025 9:45,30.67,0,,,,,
5379,4/26/2025 9:46,30.67,0,,,,,
5380,4/26/2025 9:47,30.67,0,,,,,
5381,4/26/2025 9:48,30.67,0,,,,,
5382,4/26/2025 9:49,30.71,0,,,,,
5383,4/26/2025 9:50,30.67,0,,,,,
5384,4/26/2025 9:51,30.67,0,,,,,
5385,4/26/2025 9:52,30.67,0,,,,,
5386,4/26/2025 9:53,30.67,0,,,,,
5387,4/26/2025 9:54,30.63,0,,,,,
5388,4/26/2025 9:55,30.67,0,,,,,
5389,4/26/2025 9:56,30.67,0,,,,,
5390,4/26/2025 9:57,30.71,0,,,,,
5391,4/26/2025 9:58,30.63,0,,,,,
5392,4/26/2025 9:59,30.67,0,,,,,
5393,4/26/2025 10:00,30.67,0,,,,,
5394,4/26/2025 10:01,30.71,0,,,,,
5395,4/26/2025 10:02,30.67,0,,,,,
5396,4/26/2025 10:03,30.63,0,,,,,
5397,4/26/2025 10:04,30.71,0,,,,,
5398,4/26/2025 10:05,30.67,0,,,,,
5399,4/26/2025 10:06,30.67,0,,,,,
5400,4/26/2025 10:07,30.67,0,,,,,
5401,4/26/2025 10:08,30.67,0,,,,,
5402,4/26/2025 10:09,30.67,0,,,,,
5403,4/26/2025 10:10,30.71,0,,,,,
5404,4/26/2025 10:11,30.67,0,,,,,
5405,4/26/2025 10:12,30.67,0,,,,,
5406,4/26/2025 10:13,30.67,0,,,,,
5407,4/26/2025 10:14,30.71,0,,,,,
5408,4/26/2025 10:15,30.67,0.2,,,,,
5409,4/26/2025 10:16,30.67,0,,,,,
5410,4/26/2025 10:17,30.67,0,,,,,
5411,4/26/2025 10:18,30.67,0,,,,,
5412,4/26/2025 10:19,30.67,0,,,,,
5413,4/26/2025 10:20,30.63,0,,,,,
5414,4/26/2025 10:21,30.71,0,,,,,
5415,4/26/2025 10:22,30.71,0,,,,,
5416,4/26/2025 10:23,30.67,0,,,,,
5417,4/26/2025 10:24,30.67,0,,,,,
5418,4/26/2025 10:25,30.67,0,,,,,
5419,4/26/2025 10:26,30.67,0,,,,,
5420,4/26/2025 10:27,30.67,0,,,,,
5421,4/26/2025 10:28,30.71,0,,,,,
5422,4/26/2025 10:29,30.71,0,,,,,
5423,4/26/2025 10:30,30.67,0,,,,,
5424,4/26/2025 10:31,30.67,0,,,,,
5425,4/26/2025 10:32,30.71,0,,,,,
5426,4/26/2025 10:33,30.67,0,,,,,
5427,4/26/2025 10:34,30.59,0,,,,,
5428,4/26/2025 10:35,30.67,0,,,,,
5429,4/26/2025 10:36,30.67,0,,,,,
5430,4/26/2025 10:37,30.67,0,,,,,
5431,4/26/2025 10:38,30.67,0,,,,,
5432,4/26/2025 10:39,30.67,0,,,,,
5433,4/26/2025 10:40,30.63,0,,,,,
5434,4/26/2025 10:41,30.63,0,,,,,
5435,4/26/2025 10:42,30.63,0,,,,,
5436,4/26/2025 10:43,30.63,0,,,,,
5437,4/26/2025 10:44,30.63,0,,,,,
5438,4/26/2025 10:45,30.59,0,,,,,
5439,4/26/2025 10:46,30.67,0,,,,,
5440,4/26/2025 10:47,30.59,0,,,,,
5441,4/26/2025 10:48,30.59,0,,,,,
5442,4/26/2025 10:49,30.63,0,,,,,
5443,4/26/2025 10:50,30.54,0,,,,,
5444,4/26/2025 10:51,30.59,0,,,,,
5445,4/26/2025 10:52,30.59,0,,,,,
5446,4/26/2025 10:53,30.63,0.2,,,,,
5447,4/26/2025 10:54,30.59,0,,,,,
5448,4/26/2025 10:55,30.59,0,,,,,
5449,4/26/2025 10:56,30.59,0,,,,,
5450,4/26/2025 10:57,30.54,0,,,,,
5451,4/26/2025 10:58,30.59,0,,,,,
5452,4/26/2025 10:59,30.59,0,,,,,
5453,4/26/2025 11:00,30.54,0,,,,,
5454,4/26/2025 11:01,30.54,0,,,,,
5455,4/26/2025 11:02,30.59,0,,,,,
5456,4/26/2025 11:03,30.54,0,,,,,
5457,4/26/2025 11:04,30.54,0,,,,,
5458,4/26/2025 11:05,30.54,0,,,,,
5459,4/26/2025 11:06,30.59,0,,,,,
5460,4/26/2025 11:07,30.59,0,,,,,
5461,4/26/2025 11:08,30.59,0,,,,,
5462,4/26/2025 11:09,30.59,0,,,,,
5463,4/26/2025 11:10,30.54,0,,,,,
5464,4/26/2025 11:11,30.54,0,,,,,
5465,4/26/2025 11:12,30.54,0,,,,,
5466,4/26/2025 11:13,30.54,0,,,,,
5467,4/26/2025 11:14,30.59,0,,,,,
5468,4/26/2025 11:15,30.5,0,,,,,
5469,4/26/2025 11:16,30.54,0,,,,,
5470,4/26/2025 11:17,30.54,0,,,,,
5471,4/26/2025 11:18,30.54,0,,,,,
5472,4/26/2025 11:19,30.46,0,,,,,
5473,4/26/2025 11:20,30.54,0,,,,,
5474,4/26/2025 11:21,30.54,0,,,,,
5475,4/26/2025 11:22,30.5,0,,,,,
5476,4/26/2025 11:23,30.54,0,,,,,
5477,4/26/2025 11:24,30.5,0,,,,,
5478,4/26/2025 11:25,30.5,0,,,,,
5479,4/26/2025 11:26,30.54,0,,,,,
5480,4/26/2025 11:27,30.5,0,,,,,
5481,4/26/2025 11:28,30.5,0,,,,,
5482,4/26/2025 11:29,30.5,0,,,,,
5483,4/26/2025 11:30,30.5,0,,,,,
5484,4/26/2025 11:31,30.54,0.2,,,,,
5485,4/26/2025 11:32,30.54,0,,,,,
5486,4/26/2025 11:33,30.54,0,,,,,
5487,4/26/2025 11:34,30.54,0,,,,,
5488,4/26/2025 11:35,30.5,0,,,,,
5489,4/26/2025 11:36,30.54,0,,,,,
5490,4/26/2025 11:37,30.5,0,,,,,
5491,4/26/2025 11:38,30.5,0,,,,,
5492,4/26/2025 11:39,30.5,0,,,,,
5493,4/26/2025 11:40,30.5,0,,,,,
5494,4/26/2025 11:41,30.5,0,,,,,
5495,4/26/2025 11:42,30.5,0,,,,,
5496,4/26/2025 11:43,30.5,0,,,,,
5497,4/26/2025 11:44,30.5,0,,,,,
5498,4/26/2025 11:45,30.5,0,,,,,
5499,4/26/2025 11:46,30.46,0,,,,,
5500,4/26/2025 11:47,30.5,0,,,,,
5501,4/26/2025 11:48,30.46,0,,,,,
5502,4/26/2025 11:49,30.5,0,,,,,
5503,4/26/2025 11:50,30.5,0,,,,,
5504,4/26/2025 11:51,30.46,0,,,,,
5505,4/26/2025 11:52,30.5,0,,,,,
5506,4/26/2025 11:53,30.46,0,,,,,
5507,4/26/2025 11:54,30.46,0,,,,,
5508,4/26/2025 11:55,30.46,0,,,,,
5509,4/26/2025 11:56,30.46,0,,,,,
5510,4/26/2025 11:57,30.46,0,,,,,
5511,4/26/2025 11:58,30.5,0,,,,,
5512,4/26/2025 11:59,30.46,0,,,,,
5513,4/26/2025 12:00,30.46,0,,,,,
5514,4/26/2025 12:01,30.5,0,,,,,
5515,4/26/2025 12:02,30.41,0,,,,,
5516,4/26/2025 12:03,30.5,0,,,,,
5517,4/26/2025 12:04,30.41,0,,,,,
5518,4/26/2025 12:05,30.41,0,,,,,
5519,4/26/2025 12:06,30.41,0,,,,,
5520,4/26/2025 12:07,30.46,0,,,,,
5521,4/26/2025 12:08,30.37,0,,,,,
5522,4/26/2025 12:09,30.41,0,,,,,
5523,4/26/2025 12:10,30.41,0,,,,,
5524,4/26/2025 12:11,30.5,0,,,,,
5525,4/26/2025 12:12,30.46,0,,,,,
5526,4/26/2025 12:13,30.41,0,,,,,
5527,4/26/2025 12:14,30.41,0,,,,,
5528,4/26/2025 12:15,30.41,0,,,,,
5529,4/26/2025 12:16,30.41,0,,,,,
5530,4/26/2025 12:17,30.41,0,,,,,
5531,4/26/2025 12:18,30.41,0,,,,,
5532,4/26/2025 12:19,30.46,0,,,,,
5533,4/26/2025 12:20,30.41,0,,,,,
5534,4/26/2025 12:21,30.46,0,,,,,
5535,4/26/2025 12:22,30.41,0,,,,,
5536,4/26/2025 12:23,30.46,0,,,,,
5537,4/26/2025 12:24,30.41,0.2,,,,,
5538,4/26/2025 12:25,30.46,0,,,,,
5539,4/26/2025 12:26,30.46,0,,,,,
5540,4/26/2025 12:27,30.41,0,,,,,
5541,4/26/2025 12:28,30.37,0,,,,,
5542,4/26/2025 12:29,30.46,0,,,,,
5543,4/26/2025 12:30,30.46,0,,,,,
5544,4/26/2025 12:31,30.46,0,,,,,
5545,4/26/2025 12:32,30.41,0,,,,,
5546,4/26/2025 12:33,30.41,0,,,,,
5547,4/26/2025 12:34,30.41,0,,,,,
5548,4/26/2025 12:35,30.46,0,,,,,
5549,4/26/2025 12:36,30.41,0,,,,,
5550,4/26/2025 12:37,30.41,0,,,,,
5551,4/26/2025 12:38,30.41,0,,,,,
5552,4/26/2025 12:39,30.41,0,,,,,
5553,4/26/2025 12:40,30.41,0,,,,,
5554,4/26/2025 12:41,30.37,0,,,,,
5555,4/26/2025 12:42,30.41,0,,,,,
5556,4/26/2025 12:43,30.41,0,,,,,
5557,4/26/2025 12:44,30.37,0,,,,,
5558,4/26/2025 12:45,30.46,0,,,,,
5559,4/26/2025 12:46,30.41,0,,,,,
5560,4/26/2025 12:47,30.41,0,,,,,
5561,4/26/2025 12:48,30.37,0,,,,,
5562,4/26/2025 12:49,30.41,0,,,,,
5563,4/26/2025 12:50,30.37,0,,,,,
5564,4/26/2025 12:51,30.41,0,,,,,
5565,4/26/2025 12:52,30.41,0,,,,,
5566,4/26/2025 12:53,30.37,0,,,,,
5567,4/26/2025 12:54,30.37,0,,,,,
5568,4/26/2025 12:55,30.37,0,,,,,
5569,4/26/2025 12:56,30.37,0,,,,,
5570,4/26/2025 12:57,30.41,0,,,,,
5571,4/26/2025 12:58,30.37,0,,,,,
5572,4/26/2025 12:59,30.33,0,,,,,
5573,4/26/2025 13:00,30.37,0,,,,,
5574,4/26/2025 13:01,30.37,0,,,,,
5575,4/26/2025 13:02,30.37,0.2,,,,,
5576,4/26/2025 13:03,30.41,0,,,,,
5577,4/26/2025 13:04,30.37,0,,,,,
5578,4/26/2025 13:05,30.37,0,,,,,
5579,4/26/2025 13:06,30.37,0,,,,,
5580,4/26/2025 13:07,30.37,0,,,,,
5581,4/26/2025 13:08,30.37,0,,,,,
5582,4/26/2025 13:09,30.37,0,,,,,
5583,4/26/2025 13:10,30.33,0,,,,,
5584,4/26/2025 13:11,30.37,0,,,,,
5585,4/26/2025 13:12,30.33,0,,,,,
5586,4/26/2025 13:13,30.33,0,,,,,
5587,4/26/2025 13:14,30.37,0,,,,,
5588,4/26/2025 13:15,30.33,0,,,,,
5589,4/26/2025 13:16,30.33,0,,,,,
5590,4/26/2025 13:17,30.33,0,,,,,
5591,4/26/2025 13:18,30.37,0,,,,,
5592,4/26/2025 13:19,30.33,0,,,,,
5593,4/26/2025 13:20,30.33,0,,,,,
5594,4/26/2025 13:21,30.33,0,,,,,
5595,4/26/2025 13:22,30.28,0,,,,,
5596,4/26/2025 13:23,30.33,0,,,,,
5597,4/26/2025 13:24,30.33,0,,,,,
5598,4/26/2025 13:25,30.33,0,,,,,
5599,4/26/2025 13:26,30.33,0,,,,,
5600,4/26/2025 13:27,30.28,0,,,,,
5601,4/26/2025 13:28,30.33,0,,,,,
5602,4/26/2025 13:29,30.33,0,,,,,
5603,4/26/2025 13:30,30.28,0,,,,,
5604,4/26/2025 13:31,30.33,0.2,,,,,
5605,4/26/2025 13:32,30.33,0.2,,,,,
5606,4/26/2025 13:33,30.33,0.41,,,,,
5607,4/26/2025 13:34,30.33,0.62,,,,,
5608,4/26/2025 13:35,30.33,0.83,,,,,
5609,4/26/2025 13:36,30.33,1.24,,,,,
5610,4/26/2025 13:37,30.33,1.87,,,,,
5611,4/26/2025 13:38,30.33,2.49,,,,,
5612,4/26/2025 13:39,30.28,3.53,,,,,
5613,4/26/2025 13:40,30.28,4.57,,,,,
5614,4/26/2025 13:41,30.33,5.82,,,,,
5615,4/26/2025 13:42,30.33,7.28,,,,,
5616,4/26/2025 13:43,30.37,9.15,,,,,
5617,4/26/2025 13:44,30.28,11.23,,,,,
5618,4/26/2025 13:45,30.28,13.73,,,,,
5619,4/26/2025 13:46,30.28,16.04,,,,,
5620,4/26/2025 13:47,30.33,18.36,,,,,
5621,4/26/2025 13:48,30.28,21.27,,,,,
5622,4/26/2025 13:49,30.33,24.42,,,,,
5623,4/26/2025 13:50,30.33,28.61,,,,,
5624,4/26/2025 13:51,30.33,35.01,,,,,
5625,4/26/2025 13:52,30.28,41.24,,,,,
5626,4/26/2025 13:53,30.33,46.28,,,,,
5627,4/26/2025 13:54,30.28,50.04,,,,,
5628,4/26/2025 13:55,30.28,53,,,,,
5629,4/26/2025 13:56,30.28,57.16,,,,,
5630,4/26/2025 13:57,30.24,63.04,,,,,
5631,4/26/2025 13:58,30.28,70.94,,,,,
5632,4/26/2025 13:59,30.33,78.9,,,,,
5633,4/26/2025 14:00,30.28,86.96,,,,,
5634,4/26/2025 14:01,30.24,94.44,,,,,
5635,4/26/2025 14:02,30.28,102.04,,,,,
5636,4/26/2025 14:03,30.33,112.04,,,,,
5637,4/26/2025 14:04,30.24,124.64,,,,,
5638,4/26/2025 14:05,30.28,151.36,,,,,
5639,4/26/2025 14:06,30.24,189.12,,,,,
5640,4/26/2025 14:07,30.28,224.24,,,,,
5641,4/26/2025 14:08,30.24,235.12,,,,,
5642,4/26/2025 14:09,30.28,224.24,,,,,
5643,4/26/2025 14:10,30.28,229.28,,,,,
5644,4/26/2025 14:11,30.24,257.76,,,,,
5645,4/26/2025 14:12,30.24,276.08,,,,,
5646,4/26/2025 14:13,30.24,274.4,,,,,
5647,4/26/2025 14:14,30.28,280.24,,,,,
5648,4/26/2025 14:15,30.28,281.92,,,,,
5649,4/26/2025 14:16,30.24,278.56,,,,,
5650,4/26/2025 14:17,30.24,271.12,,,,,
5651,4/26/2025 14:18,30.24,263.36,,,,,
5652,4/26/2025 14:19,30.24,257.6,,,,,
5653,4/26/2025 14:20,30.28,255.04,,,,,
5654,4/26/2025 14:21,30.24,255.92,,,,,
5655,4/26/2025 14:22,30.28,260.08,,,,,
5656,4/26/2025 14:23,30.24,272.72,,,,,
5657,4/26/2025 14:24,30.28,302.72,,,,,
5658,4/26/2025 14:25,30.28,317.12,,,,,
5659,4/26/2025 14:26,30.24,339.68,,,,,
5660,4/26/2025 14:27,30.24,384,,,,,
5661,4/26/2025 14:28,30.24,414.08,,,,,
5662,4/26/2025 14:29,30.24,447.52,,,,,
5663,4/26/2025 14:30,30.24,499.36,,,,,
5664,4/26/2025 14:31,30.28,541.28,,,,,
5665,4/26/2025 14:32,30.28,557.12,,,,,
5666,4/26/2025 14:33,30.24,501.76,,,,,
5667,4/26/2025 14:34,30.28,495.2,,,,,
5668,4/26/2025 14:35,30.33,513.92,,,,,
5669,4/26/2025 14:36,30.24,558.88,,,,,
5670,4/26/2025 14:37,30.28,591.36,,,,,
5671,4/26/2025 14:38,30.33,607.52,,,,,
5672,4/26/2025 14:39,30.28,640,,,,,
5673,4/26/2025 14:40,30.2,696.96,,,,,
5674,4/26/2025 14:41,30.24,753.6,,,,,
5675,4/26/2025 14:42,30.33,860.16,,,,,
5676,4/26/2025 14:43,30.24,955.52,,,,,
5677,4/26/2025 14:44,30.28,1094.4,,,,,
5678,4/26/2025 14:45,30.28,1282.56,,,,,
5679,4/26/2025 14:46,30.24,1403.52,,,,,
5680,4/26/2025 14:47,30.28,1343.36,,,,,
5681,4/26/2025 14:48,30.33,1296.64,,,,,
5682,4/26/2025 14:49,30.28,1290.88,,,,,
5683,4/26/2025 14:50,30.28,1316.48,,,,,
5684,4/26/2025 14:51,30.28,1274.88,,,,,
5685,4/26/2025 14:52,30.28,1240.96,,,,,
5686,4/26/2025 14:53,30.28,1212.48,,,,,
5687,4/26/2025 14:54,30.33,1209.92,,,,,
5688,4/26/2025 14:55,30.28,1209.28,,,,,
5689,4/26/2025 14:56,30.24,1240.96,,,,,
5690,4/26/2025 14:57,30.28,1280,,,,,
5691,4/26/2025 14:58,30.33,1313.28,,,,,
5692,4/26/2025 14:59,30.33,1310.72,,,,,
5693,4/26/2025 15:00,30.28,1260.8,,,,,
5694,4/26/2025 15:01,30.33,1205.12,,,,,
5695,4/26/2025 15:02,30.28,1135.04,,,,,
5696,4/26/2025 15:03,30.28,1063.68,,,,,
5697,4/26/2025 15:04,30.33,1011.84,,,,,
5698,4/26/2025 15:05,30.28,957.12,,,,,
5699,4/26/2025 15:06,30.28,892.16,,,,,
5700,4/26/2025 15:07,30.28,847.68,,,,,
5701,4/26/2025 15:08,30.33,821.44,,,,,
5702,4/26/2025 15:09,30.28,817.92,,,,,
5703,4/26/2025 15:10,30.28,780.48,,,,,
5704,4/26/2025 15:11,30.28,760.96,,,,,
5705,4/26/2025 15:12,30.28,741.12,,,,,
5706,4/26/2025 15:13,30.28,719.36,,,,,
5707,4/26/2025 15:14,30.28,710.08,,,,,
5708,4/26/2025 15:15,30.28,698.56,,,,,
5709,4/26/2025 15:16,30.28,727.68,,,,,
5710,4/26/2025 15:17,30.33,711.04,,,,,
5711,4/26/2025 15:18,30.24,717.76,,,,,
5712,4/26/2025 15:19,30.33,730.24,,,,,
5713,4/26/2025 15:20,30.28,745.28,,,,,
5714,4/26/2025 15:21,30.24,741.12,,,,,
5715,4/26/2025 15:22,30.33,739.52,,,,,
5716,4/26/2025 15:23,30.28,718.72,,,,,
5717,4/26/2025 15:24,30.24,727.04,,,,,
5718,4/26/2025 15:25,30.33,744.32,,,,,
5719,4/26/2025 15:26,30.33,664,,,,,
5720,4/26/2025 15:27,30.28,655.04,,,,,
5721,4/26/2025 15:28,30.28,656.64,,,,,
5722,4/26/2025 15:29,30.2,777.28,,,,,
5723,4/26/2025 15:30,30.33,813.76,,,,,
5724,4/26/2025 15:31,30.28,806.4,,,,,
5725,4/26/2025 15:32,30.33,813.76,,,,,
5726,4/26/2025 15:33,30.33,960.32,,,,,
5727,4/26/2025 15:34,30.28,925.44,,,,,
5728,4/26/2025 15:35,30.33,942.08,,,,,
5729,4/26/2025 15:36,30.28,917.12,,,,,
5730,4/26/2025 15:37,30.33,919.68,,,,,
5731,4/26/2025 15:38,30.33,891.2,,,,,
5732,4/26/2025 15:39,30.33,894.72,,,,,
5733,4/26/2025 15:40,30.33,834.56,,,,,
5734,4/26/2025 15:41,30.33,954.56,,,,,
5735,4/26/2025 15:42,30.33,878.4,,,,,
5736,4/26/2025 15:43,30.33,903.68,,,,,
5737,4/26/2025 15:44,30.37,938.56,,,,,
5738,4/26/2025 15:45,30.28,965.44,,,,,
5739,4/26/2025 15:46,30.28,982.08,,,,,
5740,4/26/2025 15:47,30.33,987.84,,,,,
5741,4/26/2025 15:48,30.33,1027.84,,,,,
5742,4/26/2025 15:49,30.33,1040.96,,,,,
5743,4/26/2025 15:50,30.37,1036.16,,,,,
5744,4/26/2025 15:51,30.28,1061.12,,,,,
5745,4/26/2025 15:52,30.33,1098.56,,,,,
5746,4/26/2025 15:53,30.33,1116.8,,,,,
5747,4/26/2025 15:54,30.33,1092.8,,,,,
5748,4/26/2025 15:55,30.37,1046.08,,,,,
5749,4/26/2025 15:56,30.33,1032.64,,,,,
5750,4/26/2025 15:57,30.33,1047.04,,,,,
5751,4/26/2025 15:58,30.33,1053.44,,,,,
5752,4/26/2025 15:59,30.33,1052.8,,,,,
5753,4/26/2025 16:00,30.33,1022.72,,,,,
5754,4/26/2025 16:01,30.37,989.44,,,,,
5755,4/26/2025 16:02,30.33,952.96,,,,,
5756,4/26/2025 16:03,30.33,942.08,,,,,
5757,4/26/2025 16:04,30.33,953.6,,,,,
5758,4/26/2025 16:05,30.33,946.24,,,,,
5759,4/26/2025 16:06,30.33,927.04,,,,,
5760,4/26/2025 16:07,30.37,896.96,,,,,
5761,4/26/2025 16:08,30.37,801.28,,,,,
5762,4/26/2025 16:09,30.33,726.08,,,,,
5763,4/26/2025 16:10,30.33,716.16,,,,,
5764,4/26/2025 16:11,30.37,710.08,,,,,
5765,4/26/2025 16:12,30.37,645.76,,,,,
5766,4/26/2025 16:13,30.37,660.8,,,,,
5767,4/26/2025 16:14,30.33,737.6,,,,,
5768,4/26/2025 16:15,30.33,857.92,,,,,
5769,4/26/2025 16:16,30.33,996.16,,,,,
5770,4/26/2025 16:17,30.37,1338.88,,,,,
5771,4/26/2025 16:18,30.33,1890.56,,,,,
5772,4/26/2025 16:19,30.41,2358.4,,,,,
5773,4/26/2025 16:20,30.33,2694.4,,,,,
5774,4/26/2025 16:21,30.37,2871.04,,,,,
5775,4/26/2025 16:22,30.37,2899.2,,,,,
5776,4/26/2025 16:23,30.41,2947.84,,,,,
5777,4/26/2025 16:24,30.41,2950.4,,,,,
5778,4/26/2025 16:25,30.41,2952.96,,,,,
5779,4/26/2025 16:26,30.41,2855.68,,,,,
5780,4/26/2025 16:27,30.41,2750.72,,,,,
5781,4/26/2025 16:28,30.41,2599.68,,,,,
5782,4/26/2025 16:29,30.41,2451.84,,,,,
5783,4/26/2025 16:30,30.41,2257.28,,,,,
5784,4/26/2025 16:31,30.41,2127.36,,,,,
5785,4/26/2025 16:32,30.37,2019.2,,,,,
5786,4/26/2025 16:33,30.46,1870.72,,,,,
5787,4/26/2025 16:34,30.46,1832.32,,,,,
5788,4/26/2025 16:35,30.41,1706.24,,,,,
5789,4/26/2025 16:36,30.41,1568.64,,,,,
5790,4/26/2025 16:37,30.37,1528.96,,,,,
5791,4/26/2025 16:38,30.37,1562.88,,,,,
5792,4/26/2025 16:39,30.37,1555.2,,,,,
5793,4/26/2025 16:40,30.41,1555.2,,,,,
5794,4/26/2025 16:41,30.41,1590.4,,,,,
5795,4/26/2025 16:42,30.41,1671.68,,,,,
5796,4/26/2025 16:43,30.37,1745.92,,,,,
5797,4/26/2025 16:44,30.41,1804.16,,,,,
5798,4/26/2025 16:45,30.41,1822.72,,,,,
5799,4/26/2025 16:46,30.37,1884.16,,,,,
5800,4/26/2025 16:47,30.41,1950.72,,,,,
5801,4/26/2025 16:48,30.41,2005.76,,,,,
5802,4/26/2025 16:49,30.41,2035.84,,,,,
5803,4/26/2025 16:50,30.41,1862.4,,,,,
5804,4/26/2025 16:51,30.41,1767.68,,,,,
5805,4/26/2025 16:52,30.41,1724.16,,,,,
5806,4/26/2025 16:53,30.41,1774.08,,,,,
5807,4/26/2025 16:54,30.41,1702.4,,,,,
5808,4/26/2025 16:55,30.46,1777.28,,,,,
5809,4/26/2025 16:56,30.46,1882.24,,,,,
5810,4/26/2025 16:57,30.37,1998.72,,,,,
5811,4/26/2025 16:58,30.41,2015.36,,,,,
5812,4/26/2025 16:59,30.46,2120.32,,,,,
5813,4/26/2025 17:00,30.46,1952.64,,,,,
5814,4/26/2025 17:01,30.46,1687.68,,,,,
5815,4/26/2025 17:02,30.46,1490.56,,,,,
5816,4/26/2025 17:03,30.41,1571.2,,,,,
5817,4/26/2025 17:04,30.41,1948.8,,,,,
5818,4/26/2025 17:05,30.41,2644.48,,,,,
5819,4/26/2025 17:06,30.46,2740.48,,,,,
5820,4/26/2025 17:07,30.5,2315.52,,,,,
5821,4/26/2025 17:08,30.5,2348.8,,,,,
5822,4/26/2025 17:09,30.5,2333.44,,,,,
5823,4/26/2025 17:10,30.54,2493.44,,,,,
5824,4/26/2025 17:11,30.5,2460.16,,,,,
5825,4/26/2025 17:12,30.46,2315.52,,,,,
5826,4/26/2025 17:13,30.5,2657.28,,,,,
5827,4/26/2025 17:14,30.46,2588.16,,,,,
5828,4/26/2025 17:15,30.5,2631.68,,,,,
5829,4/26/2025 17:16,30.46,2266.88,,,,,
5830,4/26/2025 17:17,30.41,2081.92,,,,,
5831,4/26/2025 17:18,30.46,1767.68,,,,,
5832,4/26/2025 17:19,30.5,2047.36,,,,,
5833,4/26/2025 17:20,30.5,2361.6,,,,,
5834,4/26/2025 17:21,30.54,2095.36,,,,,
5835,4/26/2025 17:22,30.5,1978.88,,,,,
5836,4/26/2025 17:23,30.41,1898.88,,,,,
5837,4/26/2025 17:24,30.54,1852.16,,,,,
5838,4/26/2025 17:25,30.46,1884.16,,,,,
5839,4/26/2025 17:26,30.46,1905.92,,,,,
5840,4/26/2025 17:27,30.41,1967.36,,,,,
5841,4/26/2025 17:28,30.37,2040.32,,,,,
5842,4/26/2025 17:29,30.46,2087.04,,,,,
5843,4/26/2025 17:30,30.41,2103.68,,,,,
5844,4/26/2025 17:31,30.46,2106.88,,,,,
5845,4/26/2025 17:32,30.46,2110.72,,,,,
5846,4/26/2025 17:33,30.46,2108.8,,,,,
5847,4/26/2025 17:34,30.46,2072.32,,,,,
5848,4/26/2025 17:35,30.46,2019.2,,,,,
5849,4/26/2025 17:36,30.46,1970.56,,,,,
5850,4/26/2025 17:37,30.41,1959.04,,,,,
5851,4/26/2025 17:38,30.41,1923.84,,,,,
5852,4/26/2025 17:39,30.41,1930.88,,,,,
5853,4/26/2025 17:40,30.41,1920.64,,,,,
5854,4/26/2025 17:41,30.46,1936,,,,,
5855,4/26/2025 17:42,30.46,1927.68,,,,,
5856,4/26/2025 17:43,30.46,1957.12,,,,,
5857,4/26/2025 17:44,30.46,1959.04,,,,,
5858,4/26/2025 17:45,30.46,1977.6,,,,,
5859,4/26/2025 17:46,30.5,1987.2,,,,,
5860,4/26/2025 17:47,30.46,1994.24,,,,,
5861,4/26/2025 17:48,30.46,1989.12,,,,,
5862,4/26/2025 17:49,30.41,2014.08,,,,,
5863,4/26/2025 17:50,30.46,1975.68,,,,,
5864,4/26/2025 17:51,30.46,1985.92,,,,,
5865,4/26/2025 17:52,30.46,1760.64,,,,,
5866,4/26/2025 17:53,30.41,1577.6,,,,,
5867,4/26/2025 17:54,30.5,1532.16,,,,,
5868,4/26/2025 17:55,30.5,1582.08,,,,,
5869,4/26/2025 17:56,30.46,2014.08,,,,,
5870,4/26/2025 17:57,30.46,2218.88,,,,,
5871,4/26/2025 17:58,30.41,2177.28,,,,,
5872,4/26/2025 17:59,30.46,2052.48,,,,,
5873,4/26/2025 18:00,30.5,1877.12,,,,,
5874,4/26/2025 18:01,30.46,1665.28,,,,,
5875,4/26/2025 18:02,30.41,1612.16,,,,,
5876,4/26/2025 18:03,30.46,1576.96,,,,,
5877,4/26/2025 18:04,30.41,1831.04,,,,,
5878,4/26/2025 18:05,30.41,1940.48,,,,,
5879,4/26/2025 18:06,30.5,1947.52,,,,,
5880,4/26/2025 18:07,30.46,1975.68,,,,,
5881,4/26/2025 18:08,30.46,2027.52,,,,,
5882,4/26/2025 18:09,30.46,2085.76,,,,,
5883,4/26/2025 18:10,30.46,2112,,,,,
5884,4/26/2025 18:11,30.5,2135.68,,,,,
5885,4/26/2025 18:12,30.46,2120.32,,,,,
5886,4/26/2025 18:13,30.5,2163.84,,,,,
5887,4/26/2025 18:14,30.5,1729.28,,,,,
5888,4/26/2025 18:15,30.5,2266.88,,,,,
5889,4/26/2025 18:16,30.46,2644.48,,,,,
5890,4/26/2025 18:17,30.46,2672.64,,,,,
5891,4/26/2025 18:18,30.5,2748.16,,,,,
5892,4/26/2025 18:19,30.5,2799.36,,,,,
5893,4/26/2025 18:20,30.54,2849.28,,,,,
5894,4/26/2025 18:21,30.5,2965.76,,,,,
5895,4/26/2025 18:22,30.5,3005.44,,,,,
5896,4/26/2025 18:23,30.54,3115.52,,,,,
5897,4/26/2025 18:24,30.54,3207.68,,,,,
5898,4/26/2025 18:25,30.54,3104,,,,,
5899,4/26/2025 18:26,30.5,3240.96,,,,,
5900,4/26/2025 18:27,30.5,3262.72,,,,,
5901,4/26/2025 18:28,30.54,3307.52,,,,,
5902,4/26/2025 18:29,30.5,3471.36,,,,,
5903,4/26/2025 18:30,30.54,3395.84,,,,,
5904,4/26/2025 18:31,30.54,2638.08,,,,,
5905,4/26/2025 18:32,30.59,3735.04,,,,,
5906,4/26/2025 18:33,30.59,3637.76,,,,,
5907,4/26/2025 18:34,30.59,3471.36,,,,,
5908,4/26/2025 18:35,30.54,2745.6,,,,,
5909,4/26/2025 18:36,30.54,2595.2,,,,,
5910,4/26/2025 18:37,30.5,2198.4,,,,,
5911,4/26/2025 18:38,30.54,1932.16,,,,,
5912,4/26/2025 18:39,30.54,2010.88,,,,,
5913,4/26/2025 18:40,30.54,3042.56,,,,,
5914,4/26/2025 18:41,30.54,3545.6,,,,,
5915,4/26/2025 18:42,30.54,3764.48,,,,,
5916,4/26/2025 18:43,30.59,3957.76,,,,,
5917,4/26/2025 18:44,30.63,4456.96,,,,,
5918,4/26/2025 18:45,30.54,4983.04,,,,,
5919,4/26/2025 18:46,30.67,4573.44,,,,,
5920,4/26/2025 18:47,30.59,4899.84,,,,,
5921,4/26/2025 18:48,30.63,4267.52,,,,,
5922,4/26/2025 18:49,30.63,3884.8,,,,,
5923,4/26/2025 18:50,30.67,4693.76,,,,,
5924,4/26/2025 18:51,30.67,4527.36,,,,,
5925,4/26/2025 18:52,30.63,4380.16,,,,,
5926,4/26/2025 18:53,30.63,4344.32,,,,,
5927,4/26/2025 18:54,30.63,3951.36,,,,,
5928,4/26/2025 18:55,30.67,3662.08,,,,,
5929,4/26/2025 18:56,30.63,3429.12,,,,,
5930,4/26/2025 18:57,30.63,3512.32,,,,,
5931,4/26/2025 18:58,30.63,3624.96,,,,,
5932,4/26/2025 18:59,30.63,3564.8,,,,,
5933,4/26/2025 19:00,30.67,3398.4,,,,,
5934,4/26/2025 19:01,30.63,3302.4,,,,,
5935,4/26/2025 19:02,30.63,3138.56,,,,,
5936,4/26/2025 19:03,30.59,2927.36,,,,,
5937,4/26/2025 19:04,30.54,2323.84,,,,,
5938,4/26/2025 19:05,30.59,2180.48,,,,,
5939,4/26/2025 19:06,30.63,2106.88,,,,,
5940,4/26/2025 19:07,30.59,2227.2,,,,,
5941,4/26/2025 19:08,30.54,2371.84,,,,,
5942,4/26/2025 19:09,30.59,2435.2,,,,,
5943,4/26/2025 19:10,30.54,2296.96,,,,,
5944,4/26/2025 19:11,30.59,2257.28,,,,,
5945,4/26/2025 19:12,30.54,2240.64,,,,,
5946,4/26/2025 19:13,30.54,2203.52,,,,,
5947,4/26/2025 19:14,30.63,2599.68,,,,,
5948,4/26/2025 19:15,30.54,2959.36,,,,,
5949,4/26/2025 19:16,30.59,3159.04,,,,,
5950,4/26/2025 19:17,30.59,3148.8,,,,,
5951,4/26/2025 19:18,30.63,2937.6,,,,,
5952,4/26/2025 19:19,30.59,2826.24,,,,,
5953,4/26/2025 19:20,30.59,2672.64,,,,,
5954,4/26/2025 19:21,30.59,2350.08,,,,,
5955,4/26/2025 19:22,30.59,1978.88,,,,,
5956,4/26/2025 19:23,30.54,1623.04,,,,,
5957,4/26/2025 19:24,30.54,1347.2,,,,,
5958,4/26/2025 19:25,30.59,1078.4,,,,,
5959,4/26/2025 19:26,30.5,845.44,,,,,
5960,4/26/2025 19:27,30.54,778.56,,,,,
5961,4/26/2025 19:28,30.5,725.12,,,,,
5962,4/26/2025 19:29,30.5,748.48,,,,,
5963,4/26/2025 19:30,30.5,832.32,,,,,
5964,4/26/2025 19:31,30.54,981.12,,,,,
5965,4/26/2025 19:32,30.5,1185.92,,,,,
5966,4/26/2025 19:33,30.5,1670.4,,,,,
5967,4/26/2025 19:34,30.54,2523.52,,,,,
5968,4/26/2025 19:35,30.54,3182.08,,,,,
5969,4/26/2025 19:36,30.63,4038.4,,,,,
5970,4/26/2025 19:37,30.63,4440.32,,,,,
5971,4/26/2025 19:38,30.67,4903.68,,,,,
5972,4/26/2025 19:39,30.67,5378.56,,,,,
5973,4/26/2025 19:40,30.71,5163.52,,,,,
5974,4/26/2025 19:41,30.71,5276.16,,,,,
5975,4/26/2025 19:42,30.67,5223.68,,,,,
5976,4/26/2025 19:43,30.67,5196.8,,,,,
5977,4/26/2025 19:44,30.67,5240.32,,,,,
5978,4/26/2025 19:45,30.71,5506.56,,,,,
5979,4/26/2025 19:46,30.71,5521.92,,,,,
5980,4/26/2025 19:47,30.71,5226.24,,,,,
5981,4/26/2025 19:48,30.71,5186.56,,,,,
5982,4/26/2025 19:49,30.71,5340.16,,,,,
5983,4/26/2025 19:50,30.76,6681.6,,,,,
5984,4/26/2025 19:51,30.76,7523.84,,,,,
5985,4/26/2025 19:52,30.76,7815.68,,,,,
5986,4/26/2025 19:53,30.8,7956.48,,,,,
5987,4/26/2025 19:54,30.8,7649.28,,,,,
5988,4/26/2025 19:55,30.84,10926.08,,,,,
5989,4/26/2025 19:56,30.84,9341.44,,,,,
5990,4/26/2025 19:57,30.89,10531.84,,,,,
5991,4/26/2025 19:58,30.89,9879.04,,,,,
5992,4/26/2025 19:59,30.93,11950.08,,,,,
5993,4/26/2025 20:00,30.89,9267.2,,,,,
5994,4/26/2025 20:01,30.89,10762.24,,,,,
5995,4/26/2025 20:02,30.97,14192.64,,,,,
5996,4/26/2025 20:03,30.97,14812.16,,,,,
5997,4/26/2025 20:04,31.01,15150.08,,,,,
5998,4/26/2025 20:05,31.06,16419.84,,,,,
5999,4/26/2025 20:06,31.06,16588.8,,,,,
6000,4/26/2025 20:07,31.06,16911.36,,,,,
6001,4/26/2025 20:08,31.14,14638.08,,,,,
6002,4/26/2025 20:09,31.14,17085.44,,,,,
6003,4/26/2025 20:10,31.1,17141.76,,,,,
6004,4/26/2025 20:11,31.06,16496.64,,,,,
6005,4/26/2025 20:12,31.19,19840,,,,,
6006,4/26/2025 20:13,31.1,19415.04,,,,,
6007,4/26/2025 20:14,31.14,16522.24,,,,,
6008,4/26/2025 20:15,31.14,18135.04,,,,,
6009,4/26/2025 20:16,31.14,17582.08,,,,,
6010,4/26/2025 20:17,31.14,13317.12,,,,,
6011,4/26/2025 20:18,31.06,14305.28,,,,,
6012,4/26/2025 20:19,31.06,9428.48,,,,,
6013,4/26/2025 20:20,31.01,5916.16,,,,,
6014,4/26/2025 20:21,30.89,4517.12,,,,,
6015,4/26/2025 20:22,30.89,9313.28,,,,,
6016,4/26/2025 20:23,31.01,18155.52,,,,,
6017,4/26/2025 20:24,31.1,21104.64,,,,,
6018,4/26/2025 20:25,31.19,21053.44,,,,,
6019,4/26/2025 20:26,31.23,22067.2,,,,,
6020,4/26/2025 20:27,31.27,24821.76,,,,,
6021,4/26/2025 20:28,31.36,24248.32,,,,,
6022,4/26/2025 20:29,31.36,24463.36,,,,,
6023,4/26/2025 20:30,31.36,24401.92,,,,,
6024,4/26/2025 20:31,31.4,23982.08,,,,,
6025,4/26/2025 20:32,31.44,23470.08,,,,,
6026,4/26/2025 20:33,31.44,22630.4,,,,,
6027,4/26/2025 20:34,31.4,21841.92,,,,,
6028,4/26/2025 20:35,31.4,20925.44,,,,,
6029,4/26/2025 20:36,31.53,21350.4,,,,,
6030,4/26/2025 20:37,31.44,20899.84,,,,,
6031,4/26/2025 20:38,31.49,21432.32,,,,,
6032,4/26/2025 20:39,31.53,22128.64,,,,,
6033,4/26/2025 20:40,31.49,21504,,,,,
6034,4/26/2025 20:41,31.49,22005.76,,,,,
6035,4/26/2025 20:42,31.49,22845.44,,,,,
6036,4/26/2025 20:43,31.53,21749.76,,,,,
6037,4/26/2025 20:44,31.53,23091.2,,,,,
6038,4/26/2025 20:45,31.53,22507.52,,,,,
6039,4/26/2025 20:46,31.61,21340.16,,,,,
6040,4/26/2025 20:47,31.53,20485.12,,,,,
6041,4/26/2025 20:48,31.53,17873.92,,,,,
6042,4/26/2025 20:49,31.53,19348.48,,,,,
6043,4/26/2025 20:50,31.53,18723.84,,,,,
6044,4/26/2025 20:51,31.53,18938.88,,,,,
6045,4/26/2025 20:52,31.53,19077.12,,,,,
6046,4/26/2025 20:53,31.57,19036.16,,,,,
6047,4/26/2025 20:54,31.49,19148.8,,,,,
6048,4/26/2025 20:55,31.53,18974.72,,,,,
6049,4/26/2025 20:56,31.53,18887.68,,,,,
6050,4/26/2025 20:57,31.53,18795.52,,,,,
6051,4/26/2025 20:58,31.57,18396.16,,,,,
6052,4/26/2025 20:59,31.57,18421.76,,,,,
6053,4/26/2025 21:00,31.57,18068.48,,,,,
6054,4/26/2025 21:01,31.57,17981.44,,,,,
6055,4/26/2025 21:02,31.53,17802.24,,,,,
6056,4/26/2025 21:03,31.57,18001.92,,,,,
6057,4/26/2025 21:04,31.53,18314.24,,,,,
6058,4/26/2025 21:05,31.53,18370.56,,,,,
6059,4/26/2025 21:06,31.61,18913.28,,,,,
6060,4/26/2025 21:07,31.57,19128.32,,,,,
6061,4/26/2025 21:08,31.57,19256.32,,,,,
6062,4/26/2025 21:09,31.57,17822.72,,,,,
6063,4/26/2025 21:10,31.57,16189.44,,,,,
6064,4/26/2025 21:11,31.57,18457.6,,,,,
6065,4/26/2025 21:12,31.57,18657.28,,,,,
6066,4/26/2025 21:13,31.49,5288.96,,,,,
6067,4/26/2025 21:14,31.36,8576,,,,,
6068,4/26/2025 21:15,31.44,17269.76,,,,,
6069,4/26/2025 21:16,31.49,16957.44,,,,,
6070,4/26/2025 21:17,31.49,14837.76,,,,,
6071,4/26/2025 21:18,31.44,3107.84,,,,,
6072,4/26/2025 21:19,31.4,15180.8,,,,,
6073,4/26/2025 21:20,31.44,13516.8,,,,,
6074,4/26/2025 21:21,31.4,5166.08,,,,,
6075,4/26/2025 21:22,31.36,12344.32,,,,,
6076,4/26/2025 21:23,31.4,12523.52,,,,,
6077,4/26/2025 21:24,31.36,11509.76,,,,,
6078,4/26/2025 21:25,31.44,11868.16,,,,,
6079,4/26/2025 21:26,31.36,8481.28,,,,,
6080,4/26/2025 21:27,31.36,4061.44,,,,,
6081,4/26/2025 21:28,31.4,12021.76,,,,,
6082,4/26/2025 21:29,31.36,12062.72,,,,,
6083,4/26/2025 21:30,31.44,12994.56,,,,,
6084,4/26/2025 21:31,31.49,9546.24,,,,,
6085,4/26/2025 21:32,31.44,11745.28,,,,,
6086,4/26/2025 21:33,31.31,3452.16,,,,,
6087,4/26/2025 21:34,31.44,11059.2,,,,,
6088,4/26/2025 21:35,31.44,10460.16,,,,,
6089,4/26/2025 21:36,31.44,9661.44,,,,,
6090,4/26/2025 21:37,31.44,9367.04,,,,,
6091,4/26/2025 21:38,31.44,8888.32,,,,,
6092,4/26/2025 21:39,31.44,8302.08,,,,,
6093,4/26/2025 21:40,31.4,8947.2,,,,,
6094,4/26/2025 21:41,31.44,9333.76,,,,,
6095,4/26/2025 21:42,31.4,7395.84,,,,,
6096,4/26/2025 21:43,31.4,8035.84,,,,,
6097,4/26/2025 21:44,31.31,3033.6,,,,,
6098,4/26/2025 21:45,31.31,2638.08,,,,,
6099,4/26/2025 21:46,31.36,8110.08,,,,,
6100,4/26/2025 21:47,31.4,7923.2,,,,,
6101,4/26/2025 21:48,31.4,7490.56,,,,,
6102,4/26/2025 21:49,31.4,7856.64,,,,,
6103,4/26/2025 21:50,31.4,7009.28,,,,,
6104,4/26/2025 21:51,31.4,7782.4,,,,,
6105,4/26/2025 21:52,31.4,5232.64,,,,,
6106,4/26/2025 21:53,31.36,5685.76,,,,,
6107,4/26/2025 21:54,31.36,4936.96,,,,,
6108,4/26/2025 21:55,31.36,7137.28,,,,,
6109,4/26/2025 21:56,31.44,7603.2,,,,,
6110,4/26/2025 21:57,31.44,7162.88,,,,,
6111,4/26/2025 21:58,31.4,3545.6,,,,,
6112,4/26/2025 21:59,31.4,7342.08,,,,,
6113,4/26/2025 22:00,31.44,7761.92,,,,,
6114,4/26/2025 22:01,31.4,7457.28,,,,,
6115,4/26/2025 22:02,31.49,6630.4,,,,,
6116,4/26/2025 22:03,31.4,5987.84,,,,,
6117,4/26/2025 22:04,31.4,4756.48,,,,,
6118,4/26/2025 22:05,31.4,5093.12,,,,,
6119,4/26/2025 22:06,31.44,6197.76,,,,,
6120,4/26/2025 22:07,31.4,4710.4,,,,,
6121,4/26/2025 22:08,31.36,4943.36,,,,,
6122,4/26/2025 22:09,31.4,5596.16,,,,,
6123,4/26/2025 22:10,31.44,6205.44,,,,,
6124,4/26/2025 22:11,31.4,4550.4,,,,,
6125,4/26/2025 22:12,31.36,3624.96,,,,,
6126,4/26/2025 22:13,31.36,3471.36,,,,,
6127,4/26/2025 22:14,31.36,3628.8,,,,,
6128,4/26/2025 22:15,31.36,3591.68,,,,,
6129,4/26/2025 22:16,31.36,4078.08,,,,,
6130,4/26/2025 22:17,31.36,3955.2,,,,,
6131,4/26/2025 22:18,31.36,5047.04,,,,,
6132,4/26/2025 22:19,31.36,3888.64,,,,,
6133,4/26/2025 22:20,31.31,4207.36,,,,,
6134,4/26/2025 22:21,31.36,4011.52,,,,,
6135,4/26/2025 22:22,31.36,4849.92,,,,,
6136,4/26/2025 22:23,31.31,3951.36,,,,,
6137,4/26/2025 22:24,31.36,3831.04,,,,,
6138,4/26/2025 22:25,31.31,4088.32,,,,,
6139,4/26/2025 22:26,31.36,3872,,,,,
6140,4/26/2025 22:27,31.36,4517.12,,,,,
6141,4/26/2025 22:28,31.4,4433.92,,,,,
6142,4/26/2025 22:29,31.36,3645.44,,,,,
6143,4/26/2025 22:30,31.4,4271.36,,,,,
6144,4/26/2025 22:31,31.31,4061.44,,,,,
6145,4/26/2025 22:32,31.36,3924.48,,,,,
6146,4/26/2025 22:33,31.4,4230.4,,,,,
6147,4/26/2025 22:34,31.36,4124.16,,,,,
6148,4/26/2025 22:35,31.36,4234.24,,,,,
6149,4/26/2025 22:36,31.4,4593.92,,,,,
6150,4/26/2025 22:37,31.36,4550.4,,,,,
6151,4/26/2025 22:38,31.4,4677.12,,,,,
6152,4/26/2025 22:39,31.44,5066.24,,,,,
6153,4/26/2025 22:40,31.44,5130.24,,,,,
6154,4/26/2025 22:41,31.44,5608.96,,,,,
6155,4/26/2025 22:42,31.44,5026.56,,,,,
6156,4/26/2025 22:43,31.4,4311.04,,,,,
6157,4/26/2025 22:44,31.4,5806.08,,,,,
6158,4/26/2025 22:45,31.44,5964.8,,,,,
6159,4/26/2025 22:46,31.49,5657.6,,,,,
6160,4/26/2025 22:47,31.44,2478.08,,,,,
6161,4/26/2025 22:48,31.36,1551.36,,,,,
6162,4/26/2025 22:49,31.31,1081.92,,,,,
6163,4/26/2025 22:50,31.31,828.16,,,,,
6164,4/26/2025 22:51,31.31,745.28,,,,,
6165,4/26/2025 22:52,31.31,716.8,,,,,
6166,4/26/2025 22:53,31.31,748.48,,,,,
6167,4/26/2025 22:54,31.31,813.12,,,,,
6168,4/26/2025 22:55,31.27,870.72,,,,,
6169,4/26/2025 22:56,31.27,892.16,,,,,
6170,4/26/2025 22:57,31.23,989.44,,,,,
6171,4/26/2025 22:58,31.27,1057.6,,,,,
6172,4/26/2025 22:59,31.23,1109.44,,,,,
6173,4/26/2025 23:00,31.23,1180.16,,,,,
6174,4/26/2025 23:01,31.27,1224.96,,,,,
6175,4/26/2025 23:02,31.23,1357.44,,,,,
6176,4/26/2025 23:03,31.27,1406.08,,,,,
6177,4/26/2025 23:04,31.27,1637.76,,,,,
6178,4/26/2025 23:05,31.31,1840.64,,,,,
6179,4/26/2025 23:06,31.27,1854.08,,,,,
6180,4/26/2025 23:07,31.27,1810.56,,,,,
6181,4/26/2025 23:08,31.27,1645.44,,,,,
6182,4/26/2025 23:09,31.27,2382.08,,,,,
6183,4/26/2025 23:10,31.31,2366.72,,,,,
6184,4/26/2025 23:11,31.31,2298.88,,,,,
6185,4/26/2025 23:12,31.31,2318.72,,,,,
6186,4/26/2025 23:13,31.27,2211.84,,,,,
6187,4/26/2025 23:14,31.31,2040.32,,,,,
6188,4/26/2025 23:15,31.27,1927.68,,,,,
6189,4/26/2025 23:16,31.27,1674.24,,,,,
6190,4/26/2025 23:17,31.27,1505.92,,,,,
6191,4/26/2025 23:18,31.23,1354.88,,,,,
6192,4/26/2025 23:19,31.19,1265.92,,,,,
6193,4/26/2025 23:20,31.27,1128.64,,,,,
6194,4/26/2025 23:21,31.19,1051.84,,,,,
6195,4/26/2025 23:22,31.19,1005.44,,,,,
6196,4/26/2025 23:23,31.23,1182.72,,,,,
6197,4/26/2025 23:24,31.27,1336.96,,,,,
6198,4/26/2025 23:25,31.23,2568.32,,,,,
6199,4/26/2025 23:26,31.23,3009.28,,,,,
6200,4/26/2025 23:27,31.27,3121.92,,,,,
6201,4/26/2025 23:28,31.27,2236.8,,,,,
6202,4/26/2025 23:29,31.27,2316.8,,,,,
6203,4/26/2025 23:30,31.36,3249.92,,,,,
6204,4/26/2025 23:31,31.27,3585.28,,,,,
6205,4/26/2025 23:32,31.31,3481.6,,,,,
6206,4/26/2025 23:33,31.31,4221.44,,,,,
6207,4/26/2025 23:34,31.4,3964.16,,,,,
6208,4/26/2025 23:35,31.36,2745.6,,,,,
6209,4/26/2025 23:36,31.31,3019.52,,,,,
6210,4/26/2025 23:37,31.36,3203.84,,,,,
6211,4/26/2025 23:38,31.36,3016.96,,,,,
6212,4/26/2025 23:39,31.27,2466.56,,,,,
6213,4/26/2025 23:40,31.36,3050.24,,,,,
6214,4/26/2025 23:41,31.36,3458.56,,,,,
6215,4/26/2025 23:42,31.31,2972.16,,,,,
6216,4/26/2025 23:43,31.31,3205.12,,,,,
6217,4/26/2025 23:44,31.31,3093.76,,,,,
6218,4/26/2025 23:45,31.31,2679.04,,,,,
6219,4/26/2025 23:46,31.31,2648.32,,,,,
6220,4/26/2025 23:47,31.31,1925.76,,,,,
6221,4/26/2025 23:48,31.27,2640.64,,,,,
6222,4/26/2025 23:49,31.27,2498.56,,,,,
6223,4/26/2025 23:50,31.31,2378.24,,,,,
6224,4/26/2025 23:51,31.31,2263.68,,,,,
6225,4/26/2025 23:52,31.31,1920.64,,,,,
6226,4/26/2025 23:53,31.27,2022.4,,,,,
6227,4/26/2025 23:54,31.27,2100.48,,,,,
6228,4/26/2025 23:55,31.31,2153.6,,,,,
6229,4/26/2025 23:56,31.23,2245.12,,,,,
6230,4/26/2025 23:57,31.27,2053.76,,,,,
6231,4/26/2025 23:58,31.27,2266.88,,,,,
6232,4/26/2025 23:59,31.27,2218.88,,,,,
6233,4/27/2025 0:00,31.27,2273.92,,,,,
6234,4/27/2025 0:01,31.27,2609.92,,,,,
6235,4/27/2025 0:02,31.27,3004.16,,,,,
6236,4/27/2025 0:03,31.27,2515.2,,,,,
6237,4/27/2025 0:04,31.31,2426.88,,,,,
6238,4/27/2025 0:05,31.27,2131.84,,,,,
6239,4/27/2025 0:06,31.31,2273.92,,,,,
6240,4/27/2025 0:07,31.36,2125.44,,,,,
6241,4/27/2025 0:08,31.27,2357.12,,,,,
6242,4/27/2025 0:09,31.31,2330.24,,,,,
6243,4/27/2025 0:10,31.23,2480,,,,,
6244,4/27/2025 0:11,31.27,2476.8,,,,,
6245,4/27/2025 0:12,31.27,2023.68,,,,,
6246,4/27/2025 0:13,31.31,1575.04,,,,,
6247,4/27/2025 0:14,31.27,1153.6,,,,,
6248,4/27/2025 0:15,31.23,1009.6,,,,,
6249,4/27/2025 0:16,31.23,967.04,,,,,
6250,4/27/2025 0:17,31.23,1074.24,,,,,
6251,4/27/2025 0:18,31.19,1251.52,,,,,
6252,4/27/2025 0:19,31.27,1317.12,,,,,
6253,4/27/2025 0:20,31.23,1315.84,,,,,
6254,4/27/2025 0:21,31.23,1268.48,,,,,
6255,4/27/2025 0:22,31.23,1197.44,,,,,
6256,4/27/2025 0:23,31.27,1120.96,,,,,
6257,4/27/2025 0:24,31.23,1055.36,,,,,
6258,4/27/2025 0:25,31.19,998.72,,,,,
6259,4/27/2025 0:26,31.19,944.64,,,,,
6260,4/27/2025 0:27,31.14,888.64,,,,,
6261,4/27/2025 0:28,31.14,844.8,,,,,
6262,4/27/2025 0:29,31.19,804.8,,,,,
6263,4/27/2025 0:30,31.19,786.24,,,,,
6264,4/27/2025 0:31,31.23,777.92,,,,,
6265,4/27/2025 0:32,31.23,787.2,,,,,
6266,4/27/2025 0:33,31.19,809.6,,,,,
6267,4/27/2025 0:34,31.14,841.28,,,,,
6268,4/27/2025 0:35,31.19,871.68,,,,,
6269,4/27/2025 0:36,31.1,903.04,,,,,
6270,4/27/2025 0:37,31.19,930.24,,,,,
6271,4/27/2025 0:38,31.19,959.68,,,,,
6272,4/27/2025 0:39,31.14,981.12,,,,,
6273,4/27/2025 0:40,31.14,1007.04,,,,,
6274,4/27/2025 0:41,31.14,1040.96,,,,,
6275,4/27/2025 0:42,31.14,1085.12,,,,,
6276,4/27/2025 0:43,31.1,1125.12,,,,,
6277,4/27/2025 0:44,31.14,1150.08,,,,,
6278,4/27/2025 0:45,31.14,1162.56,,,,,
6279,4/27/2025 0:46,31.14,1160,,,,,
6280,4/27/2025 0:47,31.06,1147.52,,,,,
6281,4/27/2025 0:48,31.1,1129.28,,,,,
6282,4/27/2025 0:49,31.1,1105.92,,,,,
6283,4/27/2025 0:50,31.1,1078.4,,,,,
6284,4/27/2025 0:51,31.06,1067.84,,,,,
6285,4/27/2025 0:52,31.1,1054.4,,,,,
6286,4/27/2025 0:53,31.06,1040.32,,,,,
6287,4/27/2025 0:54,31.1,1024.32,,,,,
6288,4/27/2025 0:55,31.06,1008.64,,,,,
6289,4/27/2025 0:56,31.1,994.56,,,,,
6290,4/27/2025 0:57,31.1,982.08,,,,,
6291,4/27/2025 0:58,31.06,966.08,,,,,
6292,4/27/2025 0:59,31.1,949.44,,,,,
6293,4/27/2025 1:00,31.1,932.16,,,,,
6294,4/27/2025 1:01,31.06,915.52,,,,,
6295,4/27/2025 1:02,31.06,897.92,,,,,
6296,4/27/2025 1:03,31.1,878.4,,,,,
6297,4/27/2025 1:04,31.06,856,,,,,
6298,4/27/2025 1:05,31.06,830.4,,,,,
6299,4/27/2025 1:06,31.01,805.44,,,,,
6300,4/27/2025 1:07,31.06,780.48,,,,,
6301,4/27/2025 1:08,31.1,758.08,,,,,
6302,4/27/2025 1:09,31.01,735.36,,,,,
6303,4/27/2025 1:10,31.01,707.84,,,,,
6304,4/27/2025 1:11,31.06,676.16,,,,,
6305,4/27/2025 1:12,31.01,647.52,,,,,
6306,4/27/2025 1:13,31.01,620,,,,,
6307,4/27/2025 1:14,31.06,596.32,,,,,
6308,4/27/2025 1:15,30.97,570.56,,,,,
6309,4/27/2025 1:16,30.97,552.16,,,,,
6310,4/27/2025 1:17,31.01,531.36,,,,,
6311,4/27/2025 1:18,31.01,511.84,,,,,
6312,4/27/2025 1:19,31.01,494.4,,,,,
6313,4/27/2025 1:20,30.97,479.36,,,,,
6314,4/27/2025 1:21,31.01,470.24,,,,,
6315,4/27/2025 1:22,30.97,451.68,,,,,
6316,4/27/2025 1:23,31.01,422.4,,,,,
6317,4/27/2025 1:24,31.01,398.24,,,,,
6318,4/27/2025 1:25,30.97,367.2,,,,,
6319,4/27/2025 1:26,30.93,348.8,,,,,
6320,4/27/2025 1:27,30.97,326.24,,,,,
6321,4/27/2025 1:28,30.93,293.6,,,,,
6322,4/27/2025 1:29,30.97,291.04,,,,,
6323,4/27/2025 1:30,31.01,281.12,,,,,
6324,4/27/2025 1:31,30.93,275.28,,,,,
6325,4/27/2025 1:32,30.89,261.76,,,,,
6326,4/27/2025 1:33,30.93,246.72,,,,,
6327,4/27/2025 1:34,30.93,233.44,,,,,
6328,4/27/2025 1:35,30.93,228.4,,,,,
6329,4/27/2025 1:36,30.93,219.04,,,,,
6330,4/27/2025 1:37,30.89,224.08,,,,,
6331,4/27/2025 1:38,30.89,224.88,,,,,
6332,4/27/2025 1:39,30.93,226.8,,,,,
6333,4/27/2025 1:40,30.89,223.2,,,,,
6334,4/27/2025 1:41,30.97,213.28,,,,,
6335,4/27/2025 1:42,30.89,199.12,,,,,
6336,4/27/2025 1:43,30.89,184.08,,,,,
6337,4/27/2025 1:44,30.89,184.96,,,,,
6338,4/27/2025 1:45,30.84,189.12,,,,,
6339,4/27/2025 1:46,30.89,184.96,,,,,
6340,4/27/2025 1:47,30.89,178.88,,,,,
6341,4/27/2025 1:48,30.93,168.08,,,,,
6342,4/27/2025 1:49,30.84,156.36,,,,,
6343,4/27/2025 1:50,30.89,143.04,,,,,
6344,4/27/2025 1:51,30.84,132.96,,,,,
6345,4/27/2025 1:52,30.84,122.12,,,,,
6346,4/27/2025 1:53,30.89,113.68,,,,,
6347,4/27/2025 1:54,30.84,105.36,,,,,
6348,4/27/2025 1:55,30.84,99.44,,,,,
6349,4/27/2025 1:56,30.84,91.96,,,,,
6350,4/27/2025 1:57,30.89,84.48,,,,,
6351,4/27/2025 1:58,30.89,79.8,,,,,
6352,4/27/2025 1:59,30.84,75.16,,,,,
6353,4/27/2025 2:00,30.8,69.28,,,,,
6354,4/27/2025 2:01,30.84,62.2,,,,,
6355,4/27/2025 2:02,30.84,55.08,,,,,
6356,4/27/2025 2:03,30.8,47.54,,,,,
6357,4/27/2025 2:04,30.8,40.83,,,,,
6358,4/27/2025 2:05,30.8,35.84,,,,,
6359,4/27/2025 2:06,30.84,30.9,,,,,
6360,4/27/2025 2:07,30.84,26.94,,,,,
6361,4/27/2025 2:08,30.8,23.79,,,,,
6362,4/27/2025 2:09,30.8,20.44,,,,,
6363,4/27/2025 2:10,30.84,17.29,,,,,
6364,4/27/2025 2:11,30.84,15.21,,,,,
6365,4/27/2025 2:12,30.84,13.52,,,,,
6366,4/27/2025 2:13,30.84,11.23,,,,,
6367,4/27/2025 2:14,30.8,10.19,,,,,
6368,4/27/2025 2:15,30.8,8.73,,,,,
6369,4/27/2025 2:16,30.84,7.07,,,,,
6370,4/27/2025 2:17,30.8,6.24,,,,,
6371,4/27/2025 2:18,30.76,4.99,,,,,
6372,4/27/2025 2:19,30.76,3.95,,,,,
6373,4/27/2025 2:20,30.76,3.12,,,,,
6374,4/27/2025 2:21,30.76,2.28,,,,,
6375,4/27/2025 2:22,30.76,1.66,,,,,
6376,4/27/2025 2:23,30.76,1.24,,,,,
6377,4/27/2025 2:24,30.8,0.83,,,,,
6378,4/27/2025 2:25,30.76,0.62,,,,,
6379,4/27/2025 2:26,30.76,0.41,,,,,
6380,4/27/2025 2:27,30.71,0.2,,,,,
6381,4/27/2025 2:28,30.76,0.2,,,,,
6382,4/27/2025 2:29,30.76,0,,,,,
6383,4/27/2025 2:30,30.71,0,,,,,
6384,4/27/2025 2:31,30.71,0,,,,,
6385,4/27/2025 2:32,30.76,0,,,,,
6386,4/27/2025 2:33,30.71,0,,,,,
6387,4/27/2025 2:34,30.71,0,,,,,
6388,4/27/2025 2:35,30.71,0,,,,,
6389,4/27/2025 2:36,30.71,0,,,,,
6390,4/27/2025 2:37,30.71,0,,,,,
6391,4/27/2025 2:38,30.71,0,,,,,
6392,4/27/2025 2:39,30.71,0,,,,,
6393,4/27/2025 2:40,30.71,0,,,,,
6394,4/27/2025 2:41,30.71,0,,,,,
6395,4/27/2025 2:42,30.71,0,,,,,
6396,4/27/2025 2:43,30.71,0,,,,,
6397,4/27/2025 2:44,30.76,0,,,,,
6398,4/27/2025 2:45,30.71,0,,,,,
6399,4/27/2025 2:46,30.71,0,,,,,
6400,4/27/2025 2:47,30.71,0,,,,,
6401,4/27/2025 2:48,30.71,0,,,,,
6402,4/27/2025 2:49,30.71,0,,,,,
6403,4/27/2025 2:50,30.71,0,,,,,
6404,4/27/2025 2:51,30.71,0,,,,,
6405,4/27/2025 2:52,30.71,0,,,,,
6406,4/27/2025 2:53,30.71,0,,,,,
6407,4/27/2025 2:54,30.71,0,,,,,
6408,4/27/2025 2:55,30.67,0,,,,,
6409,4/27/2025 2:56,30.71,0,,,,,
6410,4/27/2025 2:57,30.71,0,,,,,
6411,4/27/2025 2:58,30.71,0,,,,,
6412,4/27/2025 2:59,30.63,0,,,,,
6413,4/27/2025 3:00,30.71,0,,,,,
6414,4/27/2025 3:01,30.71,0,,,,,
6415,4/27/2025 3:02,30.67,0,,,,,
6416,4/27/2025 3:03,30.67,0,,,,,
6417,4/27/2025 3:04,30.67,0,,,,,
6418,4/27/2025 3:05,30.67,0,,,,,
6419,4/27/2025 3:06,30.67,0,,,,,
6420,4/27/2025 3:07,30.63,0,,,,,
6421,4/27/2025 3:08,30.63,0,,,,,
6422,4/27/2025 3:09,30.67,0,,,,,
6423,4/27/2025 3:10,30.67,0,,,,,
6424,4/27/2025 3:11,30.63,0,,,,,
6425,4/27/2025 3:12,30.67,0,,,,,
6426,4/27/2025 3:13,30.63,0,,,,,
6427,4/27/2025 3:14,30.67,0,,,,,
6428,4/27/2025 3:15,30.63,0,,,,,
6429,4/27/2025 3:16,30.63,0,,,,,
6430,4/27/2025 3:17,30.63,0,,,,,
6431,4/27/2025 3:18,30.63,0,,,,,
6432,4/27/2025 3:19,30.63,0,,,,,
6433,4/27/2025 3:20,30.63,0,,,,,
6434,4/27/2025 3:21,30.63,0,,,,,
6435,4/27/2025 3:22,30.63,0,,,,,
6436,4/27/2025 3:23,30.59,0,,,,,
6437,4/27/2025 3:24,30.63,0,,,,,
6438,4/27/2025 3:25,30.63,0,,,,,
6439,4/27/2025 3:26,30.54,0,,,,,
6440,4/27/2025 3:27,30.63,0,,,,,
6441,4/27/2025 3:28,30.59,0,,,,,
6442,4/27/2025 3:29,30.59,0,,,,,
6443,4/27/2025 3:30,30.59,0,,,,,
6444,4/27/2025 3:31,30.59,0,,,,,
6445,4/27/2025 3:32,30.54,0,,,,,
6446,4/27/2025 3:33,30.54,0,,,,,
6447,4/27/2025 3:34,30.59,0,,,,,
6448,4/27/2025 3:35,30.54,0,,,,,
6449,4/27/2025 3:36,30.54,0,,,,,
6450,4/27/2025 3:37,30.59,0,,,,,
6451,4/27/2025 3:38,30.54,0,,,,,
6452,4/27/2025 3:39,30.5,0,,,,,
6453,4/27/2025 3:40,30.59,0,,,,,
6454,4/27/2025 3:41,30.54,0,,,,,
6455,4/27/2025 3:42,30.59,0,,,,,
6456,4/27/2025 3:43,30.54,0,,,,,
6457,4/27/2025 3:44,30.46,0,,,,,
6458,4/27/2025 3:45,30.5,0,,,,,
6459,4/27/2025 3:46,30.5,0,,,,,
6460,4/27/2025 3:47,30.5,0,,,,,
6461,4/27/2025 3:48,30.5,0,,,,,
6462,4/27/2025 3:49,30.46,0,,,,,
6463,4/27/2025 3:50,30.5,0,,,,,
6464,4/27/2025 3:51,30.41,0,,,,,
6465,4/27/2025 3:52,30.5,0,,,,,
6466,4/27/2025 3:53,30.41,0,,,,,
6467,4/27/2025 3:54,30.46,0,,,,,
6468,4/27/2025 3:55,30.46,0,,,,,
6469,4/27/2025 3:56,30.46,0,,,,,
6470,4/27/2025 3:57,30.46,0,,,,,
6471,4/27/2025 3:58,30.41,0,,,,,
6472,4/27/2025 3:59,30.41,0,,,,,
6473,4/27/2025 4:00,30.37,0,,,,,
6474,4/27/2025 4:01,30.37,0,,,,,
6475,4/27/2025 4:02,30.41,0,,,,,
6476,4/27/2025 4:03,30.41,0,,,,,
6477,4/27/2025 4:04,30.41,0,,,,,
6478,4/27/2025 4:05,30.37,0,,,,,
6479,4/27/2025 4:06,30.37,0,,,,,
6480,4/27/2025 4:07,30.33,0,,,,,
6481,4/27/2025 4:08,30.41,0,,,,,
6482,4/27/2025 4:09,30.33,0,,,,,
6483,4/27/2025 4:10,30.37,0,,,,,
6484,4/27/2025 4:11,30.37,0,,,,,
6485,4/27/2025 4:12,30.37,0,,,,,
6486,4/27/2025 4:13,30.37,0,,,,,
6487,4/27/2025 4:14,30.33,0,,,,,
6488,4/27/2025 4:15,30.37,0,,,,,
6489,4/27/2025 4:16,30.33,0,,,,,
6490,4/27/2025 4:17,30.33,0,,,,,
6491,4/27/2025 4:18,30.33,0,,,,,
6492,4/27/2025 4:19,30.33,0,,,,,
6493,4/27/2025 4:20,30.33,0,,,,,
6494,4/27/2025 4:21,30.33,0,,,,,
6495,4/27/2025 4:22,30.28,0,,,,,
6496,4/27/2025 4:23,30.28,0,,,,,
6497,4/27/2025 4:24,30.33,0,,,,,
6498,4/27/2025 4:25,30.33,0,,,,,
6499,4/27/2025 4:26,30.33,0,,,,,
6500,4/27/2025 4:27,30.28,0,,,,,
6501,4/27/2025 4:28,30.28,0,,,,,
6502,4/27/2025 4:29,30.33,0,,,,,
6503,4/27/2025 4:30,30.24,0,,,,,
6504,4/27/2025 4:31,30.24,0,,,,,
6505,4/27/2025 4:32,30.28,0,,,,,
6506,4/27/2025 4:33,30.28,0,,,,,
6507,4/27/2025 4:34,30.28,0,,,,,
6508,4/27/2025 4:35,30.33,0,,,,,
6509,4/27/2025 4:36,30.24,0,,,,,
6510,4/27/2025 4:37,30.24,0,,,,,
6511,4/27/2025 4:38,30.24,0,,,,,
6512,4/27/2025 4:39,30.2,0,,,,,
6513,4/27/2025 4:40,30.24,0,,,,,
6514,4/27/2025 4:41,30.24,0,,,,,
6515,4/27/2025 4:42,30.24,0,,,,,
6516,4/27/2025 4:43,30.2,0,,,,,
6517,4/27/2025 4:44,30.24,0,,,,,
6518,4/27/2025 4:45,30.2,0,,,,,
6519,4/27/2025 4:46,30.24,0,,,,,
6520,4/27/2025 4:47,30.2,0,,,,,
6521,4/27/2025 4:48,30.2,0,,,,,
6522,4/27/2025 4:49,30.16,0,,,,,
6523,4/27/2025 4:50,30.16,0,,,,,
6524,4/27/2025 4:51,30.2,0,,,,,
6525,4/27/2025 4:52,30.16,0,,,,,
6526,4/27/2025 4:53,30.2,0,,,,,
6527,4/27/2025 4:54,30.16,0,,,,,
6528,4/27/2025 4:55,30.16,0,,,,,
6529,4/27/2025 4:56,30.11,0,,,,,
6530,4/27/2025 4:57,30.11,0,,,,,
6531,4/27/2025 4:58,30.11,0,,,,,
6532,4/27/2025 4:59,30.11,0,,,,,
6533,4/27/2025 5:00,30.11,0,,,,,
6534,4/27/2025 5:01,30.07,0,,,,,
6535,4/27/2025 5:02,30.07,0,,,,,
6536,4/27/2025 5:03,30.11,0,,,,,
6537,4/27/2025 5:04,30.07,0,,,,,
6538,4/27/2025 5:05,30.11,0,,,,,
6539,4/27/2025 5:06,30.07,0,,,,,
6540,4/27/2025 5:07,30.03,0,,,,,
6541,4/27/2025 5:08,30.07,0,,,,,
6542,4/27/2025 5:09,30.07,0,,,,,
6543,4/27/2025 5:10,30.07,0,,,,,
6544,4/27/2025 5:11,30.07,0,,,,,
6545,4/27/2025 5:12,30.07,0,,,,,
6546,4/27/2025 5:13,30.07,0,,,,,
6547,4/27/2025 5:14,30.03,0,,,,,
6548,4/27/2025 5:15,30.03,0,,,,,
6549,4/27/2025 5:16,30.07,0,,,,,
6550,4/27/2025 5:17,30.03,0,,,,,
6551,4/27/2025 5:18,30.03,0,,,,,
6552,4/27/2025 5:19,30.03,0,,,,,
6553,4/27/2025 5:20,29.98,0,,,,,
6554,4/27/2025 5:21,29.94,0,,,,,
6555,4/27/2025 5:22,29.98,0,,,,,
6556,4/27/2025 5:23,30.03,0,,,,,
6557,4/27/2025 5:24,29.98,0,,,,,
6558,4/27/2025 5:25,29.98,0,,,,,
6559,4/27/2025 5:26,29.98,0,,,,,
6560,4/27/2025 5:27,29.98,0,,,,,
6561,4/27/2025 5:28,29.98,0,,,,,
6562,4/27/2025 5:29,29.94,0,,,,,
6563,4/27/2025 5:30,29.98,0,,,,,
6564,4/27/2025 5:31,29.94,0,,,,,
6565,4/27/2025 5:32,29.94,0,,,,,
6566,4/27/2025 5:33,29.94,0,,,,,
6567,4/27/2025 5:34,29.94,0,,,,,
6568,4/27/2025 5:35,29.94,0,,,,,
6569,4/27/2025 5:36,29.94,0,,,,,
6570,4/27/2025 5:37,29.94,0,,,,,
6571,4/27/2025 5:38,29.94,0,,,,,
6572,4/27/2025 5:39,29.94,0,,,,,
6573,4/27/2025 5:40,29.94,0,,,,,
6574,4/27/2025 5:41,29.94,0,,,,,
6575,4/27/2025 5:42,29.94,0,,,,,
6576,4/27/2025 5:43,29.9,0,,,,,
6577,4/27/2025 5:44,29.94,0,,,,,
6578,4/27/2025 5:45,29.94,0,,,,,
6579,4/27/2025 5:46,29.9,0,,,,,
6580,4/27/2025 5:47,29.9,0,,,,,
6581,4/27/2025 5:48,29.9,0,,,,,
6582,4/27/2025 5:49,29.9,0,,,,,
6583,4/27/2025 5:50,29.86,0,,,,,
6584,4/27/2025 5:51,29.9,0,,,,,
6585,4/27/2025 5:52,29.9,0,,,,,
6586,4/27/2025 5:53,29.9,0,,,,,
6587,4/27/2025 5:54,29.9,0,,,,,
6588,4/27/2025 5:55,29.9,0,,,,,
6589,4/27/2025 5:56,29.9,0,,,,,
6590,4/27/2025 5:57,29.86,0,,,,,
6591,4/27/2025 5:58,29.9,0,,,,,
6592,4/27/2025 5:59,29.9,0,,,,,
6593,4/27/2025 6:00,29.86,0,,,,,
6594,4/27/2025 6:01,29.86,0,,,,,
6595,4/27/2025 6:02,29.9,0,,,,,
6596,4/27/2025 6:03,29.86,0,,,,,
6597,4/27/2025 6:04,29.86,0,,,,,
6598,4/27/2025 6:05,29.86,0,,,,,
6599,4/27/2025 6:06,29.9,0,,,,,
6600,4/27/2025 6:07,29.86,0,,,,,
6601,4/27/2025 6:08,29.9,0,,,,,
6602,4/27/2025 6:09,29.86,0,,,,,
6603,4/27/2025 6:10,29.9,0,,,,,
6604,4/27/2025 6:11,29.86,0,,,,,
6605,4/27/2025 6:12,29.86,0,,,,,
6606,4/27/2025 6:13,29.81,0,,,,,
6607,4/27/2025 6:14,29.86,0,,,,,
6608,4/27/2025 6:15,29.86,0,,,,,
6609,4/27/2025 6:16,29.86,0,,,,,
6610,4/27/2025 6:17,29.86,0,,,,,
6611,4/27/2025 6:18,29.86,0,,,,,
6612,4/27/2025 6:19,29.86,0,,,,,
6613,4/27/2025 6:20,29.9,0,,,,,
6614,4/27/2025 6:21,29.86,0,,,,,
6615,4/27/2025 6:22,29.9,0,,,,,
6616,4/27/2025 6:23,29.77,0,,,,,
6617,4/27/2025 6:24,29.81,0,,,,,
6618,4/27/2025 6:25,29.81,0,,,,,
6619,4/27/2025 6:26,29.81,0,,,,,
6620,4/27/2025 6:27,29.81,0,,,,,
6621,4/27/2025 6:28,29.81,0,,,,,
6622,4/27/2025 6:29,29.86,0,,,,,
6623,4/27/2025 6:30,29.81,0,,,,,
6624,4/27/2025 6:31,29.81,0,,,,,
6625,4/27/2025 6:32,29.81,0,,,,,
6626,4/27/2025 6:33,29.86,0,,,,,
6627,4/27/2025 6:34,29.81,0,,,,,
6628,4/27/2025 6:35,29.81,0,,,,,
6629,4/27/2025 6:36,29.77,0,,,,,
6630,4/27/2025 6:37,29.81,0,,,,,
6631,4/27/2025 6:38,29.77,0,,,,,
6632,4/27/2025 6:39,29.81,0,,,,,
6633,4/27/2025 6:40,29.77,0,,,,,
6634,4/27/2025 6:41,29.77,0,,,,,
6635,4/27/2025 6:42,29.77,0,,,,,
6636,4/27/2025 6:43,29.77,0,,,,,
6637,4/27/2025 6:44,29.77,0,,,,,
6638,4/27/2025 6:45,29.77,0,,,,,
6639,4/27/2025 6:46,29.77,0,,,,,
6640,4/27/2025 6:47,29.77,0,,,,,
6641,4/27/2025 6:48,29.73,0,,,,,
6642,4/27/2025 6:49,29.77,0,,,,,
6643,4/27/2025 6:50,29.77,0,,,,,
6644,4/27/2025 6:51,29.77,0,,,,,
6645,4/27/2025 6:52,29.73,0,,,,,
6646,4/27/2025 6:53,29.73,0,,,,,
6647,4/27/2025 6:54,29.73,0,,,,,
6648,4/27/2025 6:55,29.73,0,,,,,
6649,4/27/2025 6:56,29.73,0,,,,,
6650,4/27/2025 6:57,29.73,0,,,,,
6651,4/27/2025 6:58,29.73,0,,,,,
6652,4/27/2025 6:59,29.73,0,,,,,
6653,4/27/2025 7:00,29.77,0,,,,,
6654,4/27/2025 7:01,29.73,0,,,,,
6655,4/27/2025 7:02,29.73,0,,,,,
6656,4/27/2025 7:03,29.73,0,,,,,
6657,4/27/2025 7:04,29.73,0,,,,,
6658,4/27/2025 7:05,29.73,0,,,,,
6659,4/27/2025 7:06,29.77,0,,,,,
6660,4/27/2025 7:07,29.73,0,,,,,
6661,4/27/2025 7:08,29.68,0,,,,,
6662,4/27/2025 7:09,29.64,0,,,,,
6663,4/27/2025 7:10,29.73,0,,,,,
6664,4/27/2025 7:11,29.68,0,,,,,
6665,4/27/2025 7:12,29.68,0,,,,,
6666,4/27/2025 7:13,29.68,0,,,,,
6667,4/27/2025 7:14,29.73,0,,,,,
6668,4/27/2025 7:15,29.68,0,,,,,
6669,4/27/2025 7:16,29.64,0,,,,,
6670,4/27/2025 7:17,29.64,0,,,,,
6671,4/27/2025 7:18,29.64,0,,,,,
6672,4/27/2025 7:19,29.68,0,,,,,
6673,4/27/2025 7:20,29.68,0,,,,,
6674,4/27/2025 7:21,29.68,0,,,,,
6675,4/27/2025 7:22,29.68,0,,,,,
6676,4/27/2025 7:23,29.64,0,,,,,
6677,4/27/2025 7:24,29.6,0,,,,,
6678,4/27/2025 7:25,29.68,0,,,,,
6679,4/27/2025 7:26,29.68,0,,,,,
6680,4/27/2025 7:27,29.64,0,,,,,
6681,4/27/2025 7:28,29.6,0,,,,,
6682,4/27/2025 7:29,29.6,0,,,,,
6683,4/27/2025 7:30,29.64,0,,,,,
6684,4/27/2025 7:31,29.64,0,,,,,
6685,4/27/2025 7:32,29.64,0,,,,,
6686,4/27/2025 7:33,29.64,0,,,,,
6687,4/27/2025 7:34,29.64,0,,,,,
6688,4/27/2025 7:35,29.64,0,,,,,
6689,4/27/2025 7:36,29.56,0,,,,,
6690,4/27/2025 7:37,29.56,0,,,,,
6691,4/27/2025 7:38,29.64,0,,,,,
6692,4/27/2025 7:39,29.64,0,,,,,
6693,4/27/2025 7:40,29.6,0,,,,,
6694,4/27/2025 7:41,29.64,0,,,,,
6695,4/27/2025 7:42,29.64,0,,,,,
6696,4/27/2025 7:43,29.56,0,,,,,
6697,4/27/2025 7:44,29.6,0,,,,,
6698,4/27/2025 7:45,29.64,0,,,,,
6699,4/27/2025 7:46,29.6,0,,,,,
6700,4/27/2025 7:47,29.6,0,,,,,
6701,4/27/2025 7:48,29.64,0,,,,,
6702,4/27/2025 7:49,29.6,0,,,,,
6703,4/27/2025 7:50,29.6,0,,,,,
6704,4/27/2025 7:51,29.6,0,,,,,
6705,4/27/2025 7:52,29.56,0,,,,,
6706,4/27/2025 7:53,29.6,0,,,,,
6707,4/27/2025 7:54,29.56,0,,,,,
6708,4/27/2025 7:55,29.6,0,,,,,
6709,4/27/2025 7:56,29.56,0,,,,,
6710,4/27/2025 7:57,29.56,0,,,,,
6711,4/27/2025 7:58,29.6,0,,,,,
6712,4/27/2025 7:59,29.56,0,,,,,
6713,4/27/2025 8:00,29.56,0,,,,,
6714,4/27/2025 8:01,29.56,0,,,,,
6715,4/27/2025 8:02,29.51,0,,,,,
6716,4/27/2025 8:03,29.51,0,,,,,
6717,4/27/2025 8:04,29.6,0,,,,,
6718,4/27/2025 8:05,29.56,0,,,,,
6719,4/27/2025 8:06,29.51,0,,,,,
6720,4/27/2025 8:07,29.56,0,,,,,
6721,4/27/2025 8:08,29.56,0,,,,,
6722,4/27/2025 8:09,29.56,0,,,,,
6723,4/27/2025 8:10,29.51,0,,,,,
6724,4/27/2025 8:11,29.51,0,,,,,
6725,4/27/2025 8:12,29.47,0,,,,,
6726,4/27/2025 8:13,29.51,0,,,,,
6727,4/27/2025 8:14,29.51,0,,,,,
6728,4/27/2025 8:15,29.51,0,,,,,
6729,4/27/2025 8:16,29.51,0,,,,,
6730,4/27/2025 8:17,29.51,0,,,,,
6731,4/27/2025 8:18,29.47,0,,,,,
6732,4/27/2025 8:19,29.51,0,,,,,
6733,4/27/2025 8:20,29.47,0,,,,,
6734,4/27/2025 8:21,29.47,0,,,,,
6735,4/27/2025 8:22,29.47,0,,,,,
6736,4/27/2025 8:23,29.47,0,,,,,
6737,4/27/2025 8:24,29.47,0,,,,,
6738,4/27/2025 8:25,29.47,0,,,,,
6739,4/27/2025 8:26,29.47,0,,,,,
6740,4/27/2025 8:27,29.47,0,,,,,
6741,4/27/2025 8:28,29.47,0,,,,,
6742,4/27/2025 8:29,29.43,0,,,,,
6743,4/27/2025 8:30,29.47,0,,,,,
6744,4/27/2025 8:31,29.51,0,,,,,
6745,4/27/2025 8:32,29.47,0,,,,,
6746,4/27/2025 8:33,29.51,0,,,,,
6747,4/27/2025 8:34,29.47,0,,,,,
6748,4/27/2025 8:35,29.47,0,,,,,
6749,4/27/2025 8:36,29.47,0,,,,,
6750,4/27/2025 8:37,29.43,0,,,,,
6751,4/27/2025 8:38,29.47,0,,,,,
6752,4/27/2025 8:39,29.43,0,,,,,
6753,4/27/2025 8:40,29.43,0,,,,,
6754,4/27/2025 8:41,29.43,0,,,,,
6755,4/27/2025 8:42,29.43,0,,,,,
6756,4/27/2025 8:43,29.43,0,,,,,
6757,4/27/2025 8:44,29.47,0,,,,,
6758,4/27/2025 8:45,29.43,0,,,,,
6759,4/27/2025 8:46,29.38,0,,,,,
6760,4/27/2025 8:47,29.43,0,,,,,
6761,4/27/2025 8:48,29.43,0,,,,,
6762,4/27/2025 8:49,29.43,0,,,,,
6763,4/27/2025 8:50,29.43,0,,,,,
6764,4/27/2025 8:51,29.38,0,,,,,
6765,4/27/2025 8:52,29.43,0,,,,,
6766,4/27/2025 8:53,29.47,0,,,,,
6767,4/27/2025 8:54,29.38,0,,,,,
6768,4/27/2025 8:55,29.38,0,,,,,
6769,4/27/2025 8:56,29.38,0,,,,,
6770,4/27/2025 8:57,29.38,0,,,,,
6771,4/27/2025 8:58,29.43,0,,,,,
6772,4/27/2025 8:59,29.38,0,,,,,
6773,4/27/2025 9:00,29.38,0,,,,,
6774,4/27/2025 9:01,29.43,0,,,,,
6775,4/27/2025 9:02,29.34,0,,,,,
6776,4/27/2025 9:03,29.43,0,,,,,
6777,4/27/2025 9:04,29.38,0,,,,,
6778,4/27/2025 9:05,29.43,0,,,,,
6779,4/27/2025 9:06,29.38,0,,,,,
6780,4/27/2025 9:07,29.38,0,,,,,
6781,4/27/2025 9:08,29.38,0,,,,,
6782,4/27/2025 9:09,29.34,0,,,,,
6783,4/27/2025 9:10,29.43,0,,,,,
6784,4/27/2025 9:11,29.34,0,,,,,
6785,4/27/2025 9:12,29.34,0,,,,,
6786,4/27/2025 9:13,29.38,0,,,,,
6787,4/27/2025 9:14,29.34,0,,,,,
6788,4/27/2025 9:15,29.34,0,,,,,
6789,4/27/2025 9:16,29.34,0,,,,,
6790,4/27/2025 9:17,29.38,0,,,,,
6791,4/27/2025 9:18,29.38,0,,,,,
6792,4/27/2025 9:19,29.34,0,,,,,
6793,4/27/2025 9:20,29.34,0,,,,,
6794,4/27/2025 9:21,29.38,0,,,,,
6795,4/27/2025 9:22,29.34,0,,,,,
6796,4/27/2025 9:23,29.34,0,,,,,
6797,4/27/2025 9:24,29.34,0,,,,,
6798,4/27/2025 9:25,29.34,0,,,,,
6799,4/27/2025 9:26,29.34,0,,,,,
6800,4/27/2025 9:27,29.34,0,,,,,
6801,4/27/2025 9:28,29.34,0,,,,,
6802,4/27/2025 9:29,29.3,0,,,,,
6803,4/27/2025 9:30,29.34,0,,,,,
6804,4/27/2025 9:31,29.38,0,,,,,
6805,4/27/2025 9:32,29.34,0,,,,,
6806,4/27/2025 9:33,29.34,0,,,,,
6807,4/27/2025 9:34,29.3,0,,,,,
6808,4/27/2025 9:35,29.26,0,,,,,
6809,4/27/2025 9:36,29.3,0,,,,,
6810,4/27/2025 9:37,29.34,0,,,,,
6811,4/27/2025 9:38,29.34,0,,,,,
6812,4/27/2025 9:39,29.3,0,,,,,
6813,4/27/2025 9:40,29.26,0,,,,,
6814,4/27/2025 9:41,29.26,0,,,,,
6815,4/27/2025 9:42,29.3,0,,,,,
6816,4/27/2025 9:43,29.26,0,,,,,
6817,4/27/2025 9:44,29.3,0,,,,,
6818,4/27/2025 9:45,29.3,0,,,,,
6819,4/27/2025 9:46,29.3,0,,,,,
6820,4/27/2025 9:47,29.3,0,,,,,
6821,4/27/2025 9:48,29.3,0,,,,,
6822,4/27/2025 9:49,29.3,0,,,,,
6823,4/27/2025 9:50,29.26,0,,,,,
6824,4/27/2025 9:51,29.3,0,,,,,
6825,4/27/2025 9:52,29.26,0,,,,,
6826,4/27/2025 9:53,29.3,0,,,,,
6827,4/27/2025 9:54,29.26,0,,,,,
6828,4/27/2025 9:55,29.26,0,,,,,
6829,4/27/2025 9:56,29.26,0,,,,,
6830,4/27/2025 9:57,29.3,0,,,,,
6831,4/27/2025 9:58,29.34,0,,,,,
6832,4/27/2025 9:59,29.26,0,,,,,
6833,4/27/2025 10:00,29.26,0,,,,,
6834,4/27/2025 10:01,29.34,0,,,,,
6835,4/27/2025 10:02,29.34,0,,,,,
6836,4/27/2025 10:03,29.3,0,,,,,
6837,4/27/2025 10:04,29.3,0,,,,,
6838,4/27/2025 10:05,29.3,0,,,,,
6839,4/27/2025 10:06,29.26,0,,,,,
6840,4/27/2025 10:07,29.3,0,,,,,
6841,4/27/2025 10:08,29.26,0,,,,,
6842,4/27/2025 10:09,29.3,0,,,,,
6843,4/27/2025 10:10,29.26,0,,,,,
6844,4/27/2025 10:11,29.26,0,,,,,
6845,4/27/2025 10:12,29.26,0,,,,,
6846,4/27/2025 10:13,29.3,0,,,,,
6847,4/27/2025 10:14,29.21,0,,,,,
6848,4/27/2025 10:15,29.26,0,,,,,
6849,4/27/2025 10:16,29.26,0,,,,,
6850,4/27/2025 10:17,29.26,0,,,,,
6851,4/27/2025 10:18,29.26,0,,,,,
6852,4/27/2025 10:19,29.21,0,,,,,
6853,4/27/2025 10:20,29.21,0,,,,,
6854,4/27/2025 10:21,29.21,0,,,,,
6855,4/27/2025 10:22,29.21,0,,,,,
6856,4/27/2025 10:23,29.21,0,,,,,
6857,4/27/2025 10:24,29.21,0,,,,,
6858,4/27/2025 10:25,29.26,0,,,,,
6859,4/27/2025 10:26,29.21,0,,,,,
6860,4/27/2025 10:27,29.17,0,,,,,
6861,4/27/2025 10:28,29.21,0,,,,,
6862,4/27/2025 10:29,29.26,0,,,,,
6863,4/27/2025 10:30,29.26,0,,,,,
6864,4/27/2025 10:31,29.21,0,,,,,
6865,4/27/2025 10:32,29.21,0,,,,,
6866,4/27/2025 10:33,29.17,0,,,,,
6867,4/27/2025 10:34,29.21,0,,,,,
6868,4/27/2025 10:35,29.17,0,,,,,
6869,4/27/2025 10:36,29.21,0,,,,,
6870,4/27/2025 10:37,29.21,0,,,,,
6871,4/27/2025 10:38,29.21,0,,,,,
6872,4/27/2025 10:39,29.21,0,,,,,
6873,4/27/2025 10:40,29.17,0,,,,,
6874,4/27/2025 10:41,29.21,0,,,,,
6875,4/27/2025 10:42,29.21,0,,,,,
6876,4/27/2025 10:43,29.13,0,,,,,
6877,4/27/2025 10:44,29.17,0,,,,,
6878,4/27/2025 10:45,29.21,0,,,,,
6879,4/27/2025 10:46,29.17,0,,,,,
6880,4/27/2025 10:47,29.21,0,,,,,
6881,4/27/2025 10:48,29.21,0,,,,,
6882,4/27/2025 10:49,29.13,0,,,,,
6883,4/27/2025 10:50,29.26,0,,,,,
6884,4/27/2025 10:51,29.26,0,,,,,
6885,4/27/2025 10:52,29.17,0,,,,,
6886,4/27/2025 10:53,29.21,0,,,,,
6887,4/27/2025 10:54,29.17,0,,,,,
6888,4/27/2025 10:55,29.13,0,,,,,
6889,4/27/2025 10:56,29.13,0,,,,,
6890,4/27/2025 10:57,29.17,0,,,,,
6891,4/27/2025 10:58,29.13,0,,,,,
6892,4/27/2025 10:59,29.17,0,,,,,
6893,4/27/2025 11:00,29.17,0,,,,,
6894,4/27/2025 11:01,29.17,0,,,,,
6895,4/27/2025 11:02,29.17,0,,,,,
6896,4/27/2025 11:03,29.17,0,,,,,
6897,4/27/2025 11:04,29.13,0,,,,,
6898,4/27/2025 11:05,29.13,0,,,,,
6899,4/27/2025 11:06,29.13,0,,,,,
6900,4/27/2025 11:07,29.13,0,,,,,
6901,4/27/2025 11:08,29.17,0,,,,,
6902,4/27/2025 11:09,29.13,0,,,,,
6903,4/27/2025 11:10,29.13,0,,,,,
6904,4/27/2025 11:11,29.13,0,,,,,
6905,4/27/2025 11:12,29.08,0,,,,,
6906,4/27/2025 11:13,29.17,0,,,,,
6907,4/27/2025 11:14,29.08,0,,,,,
6908,4/27/2025 11:15,29.08,0,,,,,
6909,4/27/2025 11:16,29.13,0,,,,,
6910,4/27/2025 11:17,29.13,0,,,,,
6911,4/27/2025 11:18,29.13,0,,,,,
6912,4/27/2025 11:19,29.13,0,,,,,
6913,4/27/2025 11:20,29.13,0,,,,,
6914,4/27/2025 11:21,29.17,0,,,,,
6915,4/27/2025 11:22,29.17,0,,,,,
6916,4/27/2025 11:23,29.13,0,,,,,
6917,4/27/2025 11:24,29.13,0,,,,,
6918,4/27/2025 11:25,29.17,0,,,,,
6919,4/27/2025 11:26,29.17,0,,,,,
6920,4/27/2025 11:27,29.17,0,,,,,
6921,4/27/2025 11:28,29.13,0,,,,,
6922,4/27/2025 11:29,29.17,0,,,,,
6923,4/27/2025 11:30,29.17,0,,,,,
6924,4/27/2025 11:31,29.13,0,,,,,
6925,4/27/2025 11:32,29.17,0,,,,,
6926,4/27/2025 11:33,29.17,0,,,,,
6927,4/27/2025 11:34,29.13,0,,,,,
6928,4/27/2025 11:35,29.13,0,,,,,
6929,4/27/2025 11:36,29.13,0,,,,,
6930,4/27/2025 11:37,29.17,0,,,,,
6931,4/27/2025 11:38,29.17,0,,,,,
6932,4/27/2025 11:39,29.21,0,,,,,
6933,4/27/2025 11:40,29.21,0,,,,,
6934,4/27/2025 11:41,29.21,0,,,,,
6935,4/27/2025 11:42,29.13,0,,,,,
6936,4/27/2025 11:43,29.21,0,,,,,
6937,4/27/2025 11:44,29.17,0,,,,,
6938,4/27/2025 11:45,29.21,0,,,,,
6939,4/27/2025 11:46,29.17,0,,,,,
6940,4/27/2025 11:47,29.17,0,,,,,
6941,4/27/2025 11:48,29.13,0,,,,,
6942,4/27/2025 11:49,29.17,0,,,,,
6943,4/27/2025 11:50,29.17,0,,,,,
6944,4/27/2025 11:51,29.17,0,,,,,
6945,4/27/2025 11:52,29.21,0,,,,,
6946,4/27/2025 11:53,29.17,0,,,,,
6947,4/27/2025 11:54,29.17,0,,,,,
6948,4/27/2025 11:55,29.17,0,,,,,
6949,4/27/2025 11:56,29.17,0,,,,,
6950,4/27/2025 11:57,29.17,0,,,,,
6951,4/27/2025 11:58,29.21,0,,,,,
6952,4/27/2025 11:59,29.21,0,,,,,
6953,4/27/2025 12:00,29.17,0,,,,,
6954,4/27/2025 12:01,29.17,0,,,,,
6955,4/27/2025 12:02,29.21,0,,,,,
6956,4/27/2025 12:03,29.21,0,,,,,
6957,4/27/2025 12:04,29.26,0,,,,,
6958,4/27/2025 12:05,29.21,0,,,,,
6959,4/27/2025 12:06,29.21,0,,,,,
6960,4/27/2025 12:07,29.21,0,,,,,
6961,4/27/2025 12:08,29.21,0,,,,,
6962,4/27/2025 12:09,29.26,0,,,,,
6963,4/27/2025 12:10,29.26,0,,,,,
6964,4/27/2025 12:11,29.21,0,,,,,
6965,4/27/2025 12:12,29.21,0,,,,,
6966,4/27/2025 12:13,29.21,0,,,,,
6967,4/27/2025 12:14,29.21,0,,,,,
6968,4/27/2025 12:15,29.26,0,,,,,
6969,4/27/2025 12:16,29.21,0,,,,,
6970,4/27/2025 12:17,29.26,0,,,,,
6971,4/27/2025 12:18,29.21,0,,,,,
6972,4/27/2025 12:19,29.26,0,,,,,
6973,4/27/2025 12:20,29.21,0,,,,,
6974,4/27/2025 12:21,29.21,0,,,,,
6975,4/27/2025 12:22,29.21,0,,,,,
6976,4/27/2025 12:23,29.21,0,,,,,
6977,4/27/2025 12:24,29.21,0,,,,,
6978,4/27/2025 12:25,29.21,0,,,,,
6979,4/27/2025 12:26,29.26,0,,,,,
6980,4/27/2025 12:27,29.26,0,,,,,
6981,4/27/2025 12:28,29.21,0,,,,,
6982,4/27/2025 12:29,29.26,0,,,,,
6983,4/27/2025 12:30,29.26,0,,,,,
6984,4/27/2025 12:31,29.26,0,,,,,
6985,4/27/2025 12:32,29.26,0,,,,,
6986,4/27/2025 12:33,29.21,0,,,,,
6987,4/27/2025 12:34,29.26,0,,,,,
6988,4/27/2025 12:35,29.21,0,,,,,
6989,4/27/2025 12:36,29.26,0,,,,,
6990,4/27/2025 12:37,29.26,0,,,,,
6991,4/27/2025 12:38,29.26,0,,,,,
6992,4/27/2025 12:39,29.21,0,,,,,
6993,4/27/2025 12:40,29.21,0,,,,,
6994,4/27/2025 12:41,29.3,0,,,,,
6995,4/27/2025 12:42,29.26,0,,,,,
6996,4/27/2025 12:43,29.21,0,,,,,
6997,4/27/2025 12:44,29.3,0,,,,,
6998,4/27/2025 12:45,29.26,0,,,,,
6999,4/27/2025 12:46,29.26,0,,,,,
7000,4/27/2025 12:47,29.3,0,,,,,
7001,4/27/2025 12:48,29.26,0,,,,,
7002,4/27/2025 12:49,29.26,0,,,,,
7003,4/27/2025 12:50,29.26,0,,,,,
7004,4/27/2025 12:51,29.26,0,,,,,
7005,4/27/2025 12:52,29.26,0,,,,,
7006,4/27/2025 12:53,29.3,0,,,,,
7007,4/27/2025 12:54,29.3,0,,,,,
7008,4/27/2025 12:55,29.26,0,,,,,
7009,4/27/2025 12:56,29.34,0,,,,,
7010,4/27/2025 12:57,29.3,0,,,,,
7011,4/27/2025 12:58,29.26,0,,,,,
7012,4/27/2025 12:59,29.3,0,,,,,
7013,4/27/2025 13:00,29.3,0,,,,,
7014,4/27/2025 13:01,29.26,0,,,,,
7015,4/27/2025 13:02,29.34,0,,,,,
7016,4/27/2025 13:03,29.26,0,,,,,
7017,4/27/2025 13:04,29.26,0,,,,,
7018,4/27/2025 13:05,29.3,0,,,,,
7019,4/27/2025 13:06,29.3,0,,,,,
7020,4/27/2025 13:07,29.3,0,,,,,
7021,4/27/2025 13:08,29.26,0,,,,,
7022,4/27/2025 13:09,29.3,0,,,,,
7023,4/27/2025 13:10,29.3,0,,,,,
7024,4/27/2025 13:11,29.3,0,,,,,
7025,4/27/2025 13:12,29.3,0,,,,,
7026,4/27/2025 13:13,29.34,0,,,,,
7027,4/27/2025 13:14,29.3,0,,,,,
7028,4/27/2025 13:15,29.3,0,,,,,
7029,4/27/2025 13:16,29.34,0,,,,,
7030,4/27/2025 13:17,29.3,0,,,,,
7031,4/27/2025 13:18,29.26,0,,,,,
7032,4/27/2025 13:19,29.3,0,,,,,
7033,4/27/2025 13:20,29.34,0,,,,,
7034,4/27/2025 13:21,29.34,0,,,,,
7035,4/27/2025 13:22,29.3,0,,,,,
7036,4/27/2025 13:23,29.34,0,,,,,
7037,4/27/2025 13:24,29.3,0,,,,,
7038,4/27/2025 13:25,29.3,0,,,,,
7039,4/27/2025 13:26,29.34,0,,,,,
7040,4/27/2025 13:27,29.34,0,,,,,
7041,4/27/2025 13:28,29.34,0,,,,,
7042,4/27/2025 13:29,29.26,0,,,,,
7043,4/27/2025 13:30,29.34,0,,,,,
7044,4/27/2025 13:31,29.3,0.2,,,,,
7045,4/27/2025 13:32,29.3,0.2,,,,,
7046,4/27/2025 13:33,29.3,0.41,,,,,
7047,4/27/2025 13:34,29.34,0.62,,,,,
7048,4/27/2025 13:35,29.34,0.83,,,,,
7049,4/27/2025 13:36,29.34,1.24,,,,,
7050,4/27/2025 13:37,29.3,1.87,,,,,
7051,4/27/2025 13:38,29.3,2.49,,,,,
7052,4/27/2025 13:39,29.3,3.53,,,,,
7053,4/27/2025 13:40,29.34,4.78,,,,,
7054,4/27/2025 13:41,29.34,6.45,,,,,
7055,4/27/2025 13:42,29.34,7.69,,,,,
7056,4/27/2025 13:43,29.38,9.57,,,,,
7057,4/27/2025 13:44,29.34,11.44,,,,,
7058,4/27/2025 13:45,29.38,13.52,,,,,
7059,4/27/2025 13:46,29.38,15.42,,,,,
7060,4/27/2025 13:47,29.38,18.12,,,,,
7061,4/27/2025 13:48,29.38,20.44,,,,,
7062,4/27/2025 13:49,29.34,23.38,,,,,
7063,4/27/2025 13:50,29.34,27.33,,,,,
7064,4/27/2025 13:51,29.38,33.29,,,,,
7065,4/27/2025 13:52,29.38,37.92,,,,,
7066,4/27/2025 13:53,29.34,42.96,,,,,
7067,4/27/2025 13:54,29.38,50.04,,,,,
7068,4/27/2025 13:55,29.34,57.58,,,,,
7069,4/27/2025 13:56,29.34,67.62,,,,,
7070,4/27/2025 13:57,29.38,78.96,,,,,
7071,4/27/2025 13:58,29.38,91.12,,,,,
7072,4/27/2025 13:59,29.38,104.56,,,,,
7073,4/27/2025 14:00,29.38,118.8,,,,,
7074,4/27/2025 14:01,29.38,134.72,,,,,
7075,4/27/2025 14:02,29.38,153.84,,,,,
7076,4/27/2025 14:03,29.38,172.32,,,,,
7077,4/27/2025 14:04,29.38,194.08,,,,,
7078,4/27/2025 14:05,29.43,218.48,,,,,
7079,4/27/2025 14:06,29.38,244.24,,,,,
7080,4/27/2025 14:07,29.43,271.92,,,,,
7081,4/27/2025 14:08,29.38,296.24,,,,,
7082,4/27/2025 14:09,29.43,321.28,,,,,
7083,4/27/2025 14:10,29.43,347.2,,,,,
7084,4/27/2025 14:11,29.43,371.36,,,,,
7085,4/27/2025 14:12,29.38,392.32,,,,,
7086,4/27/2025 14:13,29.43,416.64,,,,,
7087,4/27/2025 14:14,29.47,440.8,,,,,
7088,4/27/2025 14:15,29.38,466.08,,,,,
7089,4/27/2025 14:16,29.38,490.24,,,,,
7090,4/27/2025 14:17,29.43,516.8,,,,,
7091,4/27/2025 14:18,29.43,539.68,,,,,
7092,4/27/2025 14:19,29.43,556.32,,,,,
7093,4/27/2025 14:20,29.43,572.96,,,,,
7094,4/27/2025 14:21,29.47,585.44,,,,,
7095,4/27/2025 14:22,29.43,596.64,,,,,
7096,4/27/2025 14:23,29.38,608.32,,,,,
7097,4/27/2025 14:24,29.43,616.64,,,,,
7098,4/27/2025 14:25,29.43,621.6,,,,,
7099,4/27/2025 14:26,29.43,627.52,,,,,
7100,4/27/2025 14:27,29.47,633.28,,,,,
7101,4/27/2025 14:28,29.47,640,,,,,
7102,4/27/2025 14:29,29.43,645.76,,,,,
7103,4/27/2025 14:30,29.43,655.68,,,,,
7104,4/27/2025 14:31,29.43,664.96,,,,,
7105,4/27/2025 14:32,29.47,679.04,,,,,
7106,4/27/2025 14:33,29.47,687.36,,,,,
7107,4/27/2025 14:34,29.47,697.6,,,,,
7108,4/27/2025 14:35,29.47,704.32,,,,,
7109,4/27/2025 14:36,29.47,716.8,,,,,
7110,4/27/2025 14:37,29.47,720.32,,,,,
7111,4/27/2025 14:38,29.47,724.48,,,,,
7112,4/27/2025 14:39,29.51,723.52,,,,,
7113,4/27/2025 14:40,29.47,726.08,,,,,
7114,4/27/2025 14:41,29.43,726.08,,,,,
7115,4/27/2025 14:42,29.51,720.32,,,,,
7116,4/27/2025 14:43,29.47,726.08,,,,,
7117,4/27/2025 14:44,29.47,723.52,,,,,
7118,4/27/2025 14:45,29.51,721.92,,,,,
7119,4/27/2025 14:46,29.51,725.12,,,,,
7120,4/27/2025 14:47,29.51,723.52,,,,,
7121,4/27/2025 14:48,29.51,716.16,,,,,
7122,4/27/2025 14:49,29.51,712,,,,,
7123,4/27/2025 14:50,29.51,706.88,,,,,
7124,4/27/2025 14:51,29.47,705.92,,,,,
7125,4/27/2025 14:52,29.47,701.44,,,,,
7126,4/27/2025 14:53,29.47,697.6,,,,,
7127,4/27/2025 14:54,29.51,694.72,,,,,
7128,4/27/2025 14:55,29.51,701.76,,,,,
7129,4/27/2025 14:56,29.51,690.56,,,,,
7130,4/27/2025 14:57,29.47,678.08,,,,,
7131,4/27/2025 14:58,29.51,691.52,,,,,
7132,4/27/2025 14:59,29.51,694.4,,,,,
7133,4/27/2025 15:00,29.51,700.16,,,,,
7134,4/27/2025 15:01,29.47,682.24,,,,,
7135,4/27/2025 15:02,29.51,671.68,,,,,
7136,4/27/2025 15:03,29.51,667.52,,,,,
7137,4/27/2025 15:04,29.47,670.72,,,,,
7138,4/27/2025 15:05,29.51,672.32,,,,,
7139,4/27/2025 15:06,29.51,680.64,,,,,
7140,4/27/2025 15:07,29.47,697.28,,,,,
7141,4/27/2025 15:08,29.47,757.76,,,,,
7142,4/27/2025 15:09,29.47,788.16,,,,,
7143,4/27/2025 15:10,29.47,760.96,,,,,
7144,4/27/2025 15:11,29.56,772.16,,,,,
7145,4/27/2025 15:12,29.47,784,,,,,
7146,4/27/2025 15:13,29.47,792.96,,,,,
7147,4/27/2025 15:14,29.56,836.48,,,,,
7148,4/27/2025 15:15,29.56,839.68,,,,,
7149,4/27/2025 15:16,29.56,838.72,,,,,
7150,4/27/2025 15:17,29.56,849.6,,,,,
7151,4/27/2025 15:18,29.56,946.88,,,,,
7152,4/27/2025 15:19,29.51,965.44,,,,,
7153,4/27/2025 15:20,29.51,1008.64,,,,,
7154,4/27/2025 15:21,29.56,1015.36,,,,,
7155,4/27/2025 15:22,29.56,996.16,,,,,
7156,4/27/2025 15:23,29.56,998.72,,,,,
7157,4/27/2025 15:24,29.56,1003.52,,,,,
7158,4/27/2025 15:25,29.51,997.12,,,,,
7159,4/27/2025 15:26,29.56,997.12,,,,,
7160,4/27/2025 15:27,29.56,1006.08,,,,,
7161,4/27/2025 15:28,29.56,1009.6,,,,,
7162,4/27/2025 15:29,29.51,1011.84,,,,,
7163,4/27/2025 15:30,29.56,1013.76,,,,,
7164,4/27/2025 15:31,29.6,1000.32,,,,,
7165,4/27/2025 15:32,29.56,986.24,,,,,
7166,4/27/2025 15:33,29.56,979.52,,,,,
7167,4/27/2025 15:34,29.56,1026.88,,,,,
7168,4/27/2025 15:35,29.6,997.76,,,,,
7169,4/27/2025 15:36,29.6,973.76,,,,,
7170,4/27/2025 15:37,29.56,982.08,,,,,
7171,4/27/2025 15:38,29.6,1066.88,,,,,
7172,4/27/2025 15:39,29.6,1089.28,,,,,
7173,4/27/2025 15:40,29.6,1135.04,,,,,
7174,4/27/2025 15:41,29.6,1160,,,,,
7175,4/27/2025 15:42,29.56,1145.28,,,,,
7176,4/27/2025 15:43,29.6,1152.64,,,,,
7177,4/27/2025 15:44,29.56,1185.92,,,,,
7178,4/27/2025 15:45,29.56,1178.56,,,,,
7179,4/27/2025 15:46,29.56,1187.52,,,,,
7180,4/27/2025 15:47,29.6,1139.2,,,,,
7181,4/27/2025 15:48,29.64,1133.44,,,,,
7182,4/27/2025 15:49,29.6,1126.72,,,,,
7183,4/27/2025 15:50,29.64,1118.4,,,,,
7184,4/27/2025 15:51,29.56,1151.04,,,,,
7185,4/27/2025 15:52,29.6,1163.52,,,,,
7186,4/27/2025 15:53,29.6,1200,,,,,
7187,4/27/2025 15:54,29.64,1249.28,,,,,
7188,4/27/2025 15:55,29.6,1338.24,,,,,
7189,4/27/2025 15:56,29.64,1447.68,,,,,
7190,4/27/2025 15:57,29.6,1415.68,,,,,
7191,4/27/2025 15:58,29.64,1575.04,,,,,
7192,4/27/2025 15:59,29.64,1653.76,,,,,
7193,4/27/2025 16:00,29.64,1659.52,,,,,
7194,4/27/2025 16:01,29.6,1764.48,,,,,
7195,4/27/2025 16:02,29.64,1779.2,,,,,
7196,4/27/2025 16:03,29.64,1843.84,,,,,
7197,4/27/2025 16:04,29.68,1880.96,,,,,
7198,4/27/2025 16:05,29.68,1914.24,,,,,
7199,4/27/2025 16:06,29.68,1923.84,,,,,
7200,4/27/2025 16:07,29.68,1932.16,,,,,
7201,4/27/2025 16:08,29.68,1900.8,,,,,
7202,4/27/2025 16:09,29.68,1887.36,,,,,
7203,4/27/2025 16:10,29.64,1875.84,,,,,
7204,4/27/2025 16:11,29.64,1852.16,,,,,
7205,4/27/2025 16:12,29.73,1854.08,,,,,
7206,4/27/2025 16:13,29.64,1865.6,,,,,
7207,4/27/2025 16:14,29.68,1870.72,,,,,
7208,4/27/2025 16:15,29.64,1864.32,,,,,
7209,4/27/2025 16:16,29.68,1879.04,,,,,
7210,4/27/2025 16:17,29.64,1860.48,,,,,
7211,4/27/2025 16:18,29.68,1856,,,,,
7212,4/27/2025 16:19,29.68,1873.92,,,,,
7213,4/27/2025 16:20,29.73,1842.56,,,,,
7214,4/27/2025 16:21,29.68,1875.84,,,,,
7215,4/27/2025 16:22,29.68,1807.36,,,,,
7216,4/27/2025 16:23,29.68,1840.64,,,,,
7217,4/27/2025 16:24,29.73,1790.72,,,,,
7218,4/27/2025 16:25,29.64,1965.44,,,,,
7219,4/27/2025 16:26,29.68,1930.88,,,,,
7220,4/27/2025 16:27,29.68,1704.32,,,,,
7221,4/27/2025 16:28,29.68,1490.56,,,,,
7222,4/27/2025 16:29,29.73,1595.52,,,,,
7223,4/27/2025 16:30,29.73,1623.04,,,,,
7224,4/27/2025 16:31,29.68,1545.6,,,,,
7225,4/27/2025 16:32,29.73,1522.56,,,,,
7226,4/27/2025 16:33,29.73,1464.32,,,,,
7227,4/27/2025 16:34,29.73,1533.44,,,,,
7228,4/27/2025 16:35,29.73,1400.32,,,,,
7229,4/27/2025 16:36,29.68,1416.32,,,,,
7230,4/27/2025 16:37,29.73,1338.24,,,,,
7231,4/27/2025 16:38,29.77,1495.68,,,,,
7232,4/27/2025 16:39,29.73,1580.16,,,,,
7233,4/27/2025 16:40,29.73,1632.64,,,,,
7234,4/27/2025 16:41,29.73,1651.84,,,,,
7235,4/27/2025 16:42,29.73,1785.6,,,,,
7236,4/27/2025 16:43,29.73,1877.12,,,,,
7237,4/27/2025 16:44,29.77,1987.2,,,,,
7238,4/27/2025 16:45,29.77,1885.44,,,,,
7239,4/27/2025 16:46,29.77,1768.96,,,,,
7240,4/27/2025 16:47,29.77,1774.08,,,,,
7241,4/27/2025 16:48,29.77,1797.76,,,,,
7242,4/27/2025 16:49,29.77,1834.24,,,,,
7243,4/27/2025 16:50,29.81,1942.4,,,,,
7244,4/27/2025 16:51,29.81,1959.04,,,,,
7245,4/27/2025 16:52,29.77,1977.6,,,,,
7246,4/27/2025 16:53,29.77,1969.28,,,,,
7247,4/27/2025 16:54,29.77,2065.28,,,,,
7248,4/27/2025 16:55,29.73,2282.24,,,,,
7249,4/27/2025 16:56,29.81,2613.12,,,,,
7250,4/27/2025 16:57,29.81,2700.8,,,,,
7251,4/27/2025 16:58,29.81,2188.8,,,,,
7252,4/27/2025 16:59,29.81,2177.28,,,,,
7253,4/27/2025 17:00,29.81,2241.92,,,,,
7254,4/27/2025 17:01,29.81,1825.92,,,,,
7255,4/27/2025 17:02,29.77,2110.72,,,,,
7256,4/27/2025 17:03,29.81,2142.08,,,,,
7257,4/27/2025 17:04,29.81,2125.44,,,,,
7258,4/27/2025 17:05,29.81,2094.08,,,,,
7259,4/27/2025 17:06,29.81,2081.92,,,,,
7260,4/27/2025 17:07,29.81,2032,,,,,
7261,4/27/2025 17:08,29.81,2163.84,,,,,
7262,4/27/2025 17:09,29.81,2138.88,,,,,
7263,4/27/2025 17:10,29.81,2320,,,,,
7264,4/27/2025 17:11,29.81,2155.52,,,,,
7265,4/27/2025 17:12,29.86,2133.76,,,,,
7266,4/27/2025 17:13,29.77,2100.48,,,,,
7267,4/27/2025 17:14,29.86,2120.32,,,,,
7268,4/27/2025 17:15,29.81,2138.88,,,,,
7269,4/27/2025 17:16,29.81,2148.48,,,,,
7270,4/27/2025 17:17,29.86,2112,,,,,
7271,4/27/2025 17:18,29.81,2125.44,,,,,
7272,4/27/2025 17:19,29.86,2115.2,,,,,
7273,4/27/2025 17:20,29.86,2067.2,,,,,
7274,4/27/2025 17:21,29.81,2060.8,,,,,
7275,4/27/2025 17:22,29.81,2044.16,,,,,
7276,4/27/2025 17:23,29.86,2025.6,,,,,
7277,4/27/2025 17:24,29.86,1989.12,,,,,
7278,4/27/2025 17:25,29.81,1985.92,,,,,
7279,4/27/2025 17:26,29.9,2020.48,,,,,
7280,4/27/2025 17:27,29.86,2085.76,,,,,
7281,4/27/2025 17:28,29.9,2056.96,,,,,
7282,4/27/2025 17:29,29.9,2105.6,,,,,
7283,4/27/2025 17:30,29.9,2165.12,,,,,
7284,4/27/2025 17:31,29.86,2195.2,,,,,
7285,4/27/2025 17:32,29.86,2185.6,,,,,
7286,4/27/2025 17:33,29.86,2210.56,,,,,
7287,4/27/2025 17:34,29.9,2205.44,,,,,
7288,4/27/2025 17:35,29.9,2228.48,,,,,
7289,4/27/2025 17:36,29.9,2325.12,,,,,
7290,4/27/2025 17:37,29.86,2353.28,,,,,
7291,4/27/2025 17:38,29.9,2290.56,,,,,
7292,4/27/2025 17:39,29.9,2211.84,,,,,
7293,4/27/2025 17:40,29.9,2192,,,,,
7294,4/27/2025 17:41,29.9,2183.68,,,,,
7295,4/27/2025 17:42,29.9,2205.44,,,,,
7296,4/27/2025 17:43,29.9,2255.36,,,,,
7297,4/27/2025 17:44,29.94,2321.92,,,,,
7298,4/27/2025 17:45,29.9,2290.56,,,,,
7299,4/27/2025 17:46,29.9,2380.16,,,,,
7300,4/27/2025 17:47,29.94,2456.96,,,,,
7301,4/27/2025 17:48,29.94,2418.56,,,,,
7302,4/27/2025 17:49,29.94,2700.8,,,,,
7303,4/27/2025 17:50,29.94,2795.52,,,,,
7304,4/27/2025 17:51,29.98,2659.84,,,,,
7305,4/27/2025 17:52,29.98,2516.48,,,,,
7306,4/27/2025 17:53,30.03,2433.28,,,,,
7307,4/27/2025 17:54,29.94,2611.84,,,,,
7308,4/27/2025 17:55,29.98,2958.08,,,,,
7309,4/27/2025 17:56,29.98,3010.56,,,,,
7310,4/27/2025 17:57,29.98,3187.2,,,,,
7311,4/27/2025 17:58,29.98,3531.52,,,,,
7312,4/27/2025 17:59,29.98,3914.24,,,,,
7313,4/27/2025 18:00,30.07,4005.12,,,,,
7314,4/27/2025 18:01,30.03,4017.92,,,,,
7315,4/27/2025 18:02,30.07,3714.56,,,,,
7316,4/27/2025 18:03,30.07,3431.68,,,,,
7317,4/27/2025 18:04,30.03,3448.32,,,,,
7318,4/27/2025 18:05,30.07,3664.64,,,,,
7319,4/27/2025 18:06,30.03,3235.84,,,,,
7320,4/27/2025 18:07,30.07,3009.28,,,,,
7321,4/27/2025 18:08,30.03,2803.2,,,,,
7322,4/27/2025 18:09,30.07,2694.4,,,,,
7323,4/27/2025 18:10,30.03,2723.84,,,,,
7324,4/27/2025 18:11,30.07,2698.24,,,,,
7325,4/27/2025 18:12,30.03,2574.72,,,,,
7326,4/27/2025 18:13,30.03,2588.16,,,,,
7327,4/27/2025 18:14,30.07,2676.48,,,,,
7328,4/27/2025 18:15,30.03,2282.24,,,,,
7329,4/27/2025 18:16,30.07,2654.72,,,,,
7330,4/27/2025 18:17,30.07,2621.44,,,,,
7331,4/27/2025 18:18,30.07,2704.64,,,,,
7332,4/27/2025 18:19,30.07,2831.36,,,,,
7333,4/27/2025 18:20,30.07,2922.24,,,,,
7334,4/27/2025 18:21,30.07,2964.48,,,,,
7335,4/27/2025 18:22,30.07,3093.76,,,,,
7336,4/27/2025 18:23,30.07,2754.56,,,,,
7337,4/27/2025 18:24,30.07,3210.24,,,,,
7338,4/27/2025 18:25,30.07,3155.2,,,,,
7339,4/27/2025 18:26,30.11,4090.88,,,,,
7340,4/27/2025 18:27,30.11,4051.2,,,,,
7341,4/27/2025 18:28,30.11,3658.24,,,,,
7342,4/27/2025 18:29,30.11,3448.32,,,,,
7343,4/27/2025 18:30,30.11,3243.52,,,,,
7344,4/27/2025 18:31,30.16,3212.8,,,,,
7345,4/27/2025 18:32,30.07,3279.36,,,,,
7346,4/27/2025 18:33,30.16,3362.56,,,,,
7347,4/27/2025 18:34,30.11,3335.68,,,,,
7348,4/27/2025 18:35,30.16,3618.56,,,,,
7349,4/27/2025 18:36,30.11,3648,,,,,
7350,4/27/2025 18:37,30.16,3685.12,,,,,
7351,4/27/2025 18:38,30.16,3818.24,,,,,
7352,4/27/2025 18:39,30.2,3801.6,,,,,
7353,4/27/2025 18:40,30.2,4094.72,,,,,
7354,4/27/2025 18:41,30.16,4200.96,,,,,
7355,4/27/2025 18:42,30.16,4540.16,,,,,
7356,4/27/2025 18:43,30.16,4656.64,,,,,
7357,4/27/2025 18:44,30.2,4500.48,,,,,
7358,4/27/2025 18:45,30.24,4200.96,,,,,
7359,4/27/2025 18:46,30.24,3824.64,,,,,
7360,4/27/2025 18:47,30.24,5132.8,,,,,
7361,4/27/2025 18:48,30.24,5026.56,,,,,
7362,4/27/2025 18:49,30.24,5053.44,,,,,
7363,4/27/2025 18:50,30.24,4989.44,,,,,
7364,4/27/2025 18:51,30.24,5016.32,,,,,
7365,4/27/2025 18:52,30.28,5063.68,,,,,
7366,4/27/2025 18:53,30.28,5442.56,,,,,
7367,4/27/2025 18:54,30.28,5524.48,,,,,
7368,4/27/2025 18:55,30.28,5409.28,,,,,
7369,4/27/2025 18:56,30.33,5226.24,,,,,
7370,4/27/2025 18:57,30.33,5213.44,,,,,
7371,4/27/2025 18:58,30.28,5182.72,,,,,
7372,4/27/2025 18:59,30.28,5273.6,,,,,
7373,4/27/2025 19:00,30.28,5159.68,,,,,
7374,4/27/2025 19:01,30.28,3884.8,,,,,
7375,4/27/2025 19:02,30.28,3784.96,,,,,
7376,4/27/2025 19:03,30.28,4163.84,,,,,
7377,4/27/2025 19:04,30.33,3964.16,,,,,
7378,4/27/2025 19:05,30.28,5016.32,,,,,
7379,4/27/2025 19:06,30.28,5987.84,,,,,
7380,4/27/2025 19:07,30.37,6172.16,,,,,
7381,4/27/2025 19:08,30.33,5790.72,,,,,
7382,4/27/2025 19:09,30.37,6343.68,,,,,
7383,4/27/2025 19:10,30.37,6233.6,,,,,
7384,4/27/2025 19:11,30.41,6161.92,,,,,
7385,4/27/2025 19:12,30.37,6097.92,,,,,
7386,4/27/2025 19:13,30.37,6254.08,,,,,
7387,4/27/2025 19:14,30.37,6307.84,,,,,
7388,4/27/2025 19:15,30.46,6400,,,,,
7389,4/27/2025 19:16,30.41,6487.04,,,,,
7390,4/27/2025 19:17,30.41,6543.36,,,,,
7391,4/27/2025 19:18,30.41,6658.56,,,,,
7392,4/27/2025 19:19,30.41,6732.8,,,,,
7393,4/27/2025 19:20,30.5,6730.24,,,,,
7394,4/27/2025 19:21,30.46,7124.48,,,,,
7395,4/27/2025 19:22,30.5,7162.88,,,,,
7396,4/27/2025 19:23,30.5,6932.48,,,,,
7397,4/27/2025 19:24,30.54,6963.2,,,,,
7398,4/27/2025 19:25,30.5,7395.84,,,,,
7399,4/27/2025 19:26,30.54,7375.36,,,,,
7400,4/27/2025 19:27,30.5,7595.52,,,,,
7401,4/27/2025 19:28,30.5,7595.52,,,,,
7402,4/27/2025 19:29,30.54,7723.52,,,,,
7403,4/27/2025 19:30,30.5,7836.16,,,,,
7404,4/27/2025 19:31,30.54,8069.12,,,,,
7405,4/27/2025 19:32,30.59,8335.36,,,,,
7406,4/27/2025 19:33,30.59,8409.6,,,,,
7407,4/27/2025 19:34,30.59,8642.56,,,,,
7408,4/27/2025 19:35,30.59,8560.64,,,,,
7409,4/27/2025 19:36,30.63,8655.36,,,,,
7410,4/27/2025 19:37,30.63,8826.88,,,,,
7411,4/27/2025 19:38,30.63,8588.8,,,,,
7412,4/27/2025 19:39,30.63,8314.88,,,,,
7413,4/27/2025 19:40,30.63,8527.36,,,,,
7414,4/27/2025 19:41,30.63,9008.64,,,,,
7415,4/27/2025 19:42,30.67,9507.84,,,,,
7416,4/27/2025 19:43,30.63,9067.52,,,,,
7417,4/27/2025 19:44,30.67,9799.68,,,,,
7418,4/27/2025 19:45,30.67,8081.92,,,,,
7419,4/27/2025 19:46,30.63,7316.48,,,,,
7420,4/27/2025 19:47,30.67,7324.16,,,,,
7421,4/27/2025 19:48,30.67,9433.6,,,,,
7422,4/27/2025 19:49,30.67,8481.28,,,,,
7423,4/27/2025 19:50,30.67,8814.08,,,,,
7424,4/27/2025 19:51,30.63,7006.72,,,,,
7425,4/27/2025 19:52,30.67,8627.2,,,,,
7426,4/27/2025 19:53,30.67,7856.64,,,,,
7427,4/27/2025 19:54,30.59,7216.64,,,,,
7428,4/27/2025 19:55,30.63,8368.64,,,,,
7429,4/27/2025 19:56,30.63,9295.36,,,,,
7430,4/27/2025 19:57,30.71,13875.2,,,,,
7431,4/27/2025 19:58,30.76,14832.64,,,,,
7432,4/27/2025 19:59,30.84,17290.24,,,,,
7433,4/27/2025 20:00,30.84,11776,,,,,
7434,4/27/2025 20:01,30.8,15764.48,,,,,
7435,4/27/2025 20:02,30.89,17372.16,,,,,
7436,4/27/2025 20:03,30.93,13829.12,,,,,
7437,4/27/2025 20:04,30.84,18391.04,,,,,
7438,4/27/2025 20:05,30.89,13219.84,,,,,
7439,4/27/2025 20:06,30.89,15656.96,,,,,
7440,4/27/2025 20:07,30.89,14218.24,,,,,
7441,4/27/2025 20:08,30.89,9333.76,,,,,
7442,4/27/2025 20:09,30.84,9180.16,,,,,
7443,4/27/2025 20:10,30.8,7610.88,,,,,
7444,4/27/2025 20:11,30.76,8768,,,,,
7445,4/27/2025 20:12,30.8,10844.16,,,,,
7446,4/27/2025 20:13,30.8,12707.84,,,,,
7447,4/27/2025 20:14,30.76,8476.16,,,,,
7448,4/27/2025 20:15,30.84,11991.04,,,,,
7449,4/27/2025 20:16,30.8,9267.2,,,,,
7450,4/27/2025 20:17,30.8,12928,,,,,
7451,4/27/2025 20:18,30.84,11996.16,,,,,
7452,4/27/2025 20:19,30.8,11264,,,,,
7453,4/27/2025 20:20,30.84,10890.24,,,,,
7454,4/27/2025 20:21,30.8,10186.24,,,,,
7455,4/27/2025 20:22,30.89,14924.8,,,,,
7456,4/27/2025 20:23,30.93,18693.12,,,,,
7457,4/27/2025 20:24,30.97,16983.04,,,,,
7458,4/27/2025 20:25,31.01,14238.72,,,,,
7459,4/27/2025 20:26,30.89,7229.44,,,,,
7460,4/27/2025 20:27,31.01,20741.12,,,,,
7461,4/27/2025 20:28,31.01,16650.24,,,,,
7462,4/27/2025 20:29,31.01,11202.56,,,,,
7463,4/27/2025 20:30,30.89,6748.16,,,,,
7464,4/27/2025 20:31,30.93,13306.88,,,,,
7465,4/27/2025 20:32,30.93,10823.68,,,,,
7466,4/27/2025 20:33,30.93,9779.2,,,,,
7467,4/27/2025 20:34,30.97,14105.6,,,,,
7468,4/27/2025 20:35,30.97,11325.44,,,,,
7469,4/27/2025 20:36,30.89,8975.36,,,,,
7470,4/27/2025 20:37,30.84,7715.84,,,,,
7471,4/27/2025 20:38,30.84,8028.16,,,,,
7472,4/27/2025 20:39,30.8,11161.6,,,,,
7473,4/27/2025 20:40,30.84,13153.28,,,,,
7474,4/27/2025 20:41,30.93,11043.84,,,,,
7475,4/27/2025 20:42,30.89,11842.56,,,,,
7476,4/27/2025 20:43,30.97,18688,,,,,
7477,4/27/2025 20:44,30.97,17387.52,,,,,
7478,4/27/2025 20:45,31.06,17454.08,,,,,
7479,4/27/2025 20:46,31.1,21012.48,,,,,
7480,4/27/2025 20:47,31.1,17561.6,,,,,
7481,4/27/2025 20:48,31.06,15037.44,,,,,
7482,4/27/2025 20:49,31.06,11934.72,,,,,
7483,4/27/2025 20:50,31.01,13900.8,,,,,
7484,4/27/2025 20:51,31.01,16558.08,,,,,
7485,4/27/2025 20:52,31.01,11729.92,,,,,
7486,4/27/2025 20:53,30.97,7083.52,,,,,
7487,4/27/2025 20:54,30.89,9845.76,,,,,
7488,4/27/2025 20:55,30.97,13209.6,,,,,
7489,4/27/2025 20:56,30.93,8588.8,,,,,
7490,4/27/2025 20:57,30.89,9080.32,,,,,
7491,4/27/2025 20:58,30.93,10552.32,,,,,
7492,4/27/2025 20:59,30.93,9653.76,,,,,
7493,4/27/2025 21:00,30.93,11745.28,,,,,
7494,4/27/2025 21:01,30.93,9607.68,,,,,
7495,4/27/2025 21:02,30.93,11863.04,,,,,
7496,4/27/2025 21:03,30.93,7308.8,,,,,
7497,4/27/2025 21:04,30.97,16911.36,,,,,
7498,4/27/2025 21:05,31.01,16353.28,,,,,
7499,4/27/2025 21:06,31.1,12917.76,,,,,
7500,4/27/2025 21:07,31.01,10649.6,,,,,
7501,4/27/2025 21:08,31.06,17418.24,,,,,
7502,4/27/2025 21:09,31.06,15590.4,,,,,
7503,4/27/2025 21:10,31.01,11192.32,,,,,
7504,4/27/2025 21:11,31.06,8309.76,,,,,
7505,4/27/2025 21:12,31.01,7715.84,,,,,
7506,4/27/2025 21:13,30.93,10782.72,,,,,
7507,4/27/2025 21:14,31.01,13086.72,,,,,
7508,4/27/2025 21:15,31.06,14986.24,,,,,
7509,4/27/2025 21:16,31.1,14858.24,,,,,
7510,4/27/2025 21:17,31.14,15288.32,,,,,
7511,4/27/2025 21:18,31.14,15610.88,,,,,
7512,4/27/2025 21:19,31.14,16865.28,,,,,
7513,4/27/2025 21:20,31.19,17141.76,,,,,
7514,4/27/2025 21:21,31.14,15651.84,,,,,
7515,4/27/2025 21:22,31.19,14617.6,,,,,
7516,4/27/2025 21:23,31.14,14161.92,,,,,
7517,4/27/2025 21:24,31.19,13972.48,,,,,
7518,4/27/2025 21:25,31.14,11868.16,,,,,
7519,4/27/2025 21:26,31.1,8901.12,,,,,
7520,4/27/2025 21:27,31.1,8942.08,,,,,
7521,4/27/2025 21:28,31.06,8913.92,,,,,
7522,4/27/2025 21:29,31.01,9666.56,,,,,
7523,4/27/2025 21:30,31.06,9807.36,,,,,
7524,4/27/2025 21:31,31.01,10406.4,,,,,
7525,4/27/2025 21:32,31.06,10485.76,,,,,
7526,4/27/2025 21:33,31.06,10232.32,,,,,
7527,4/27/2025 21:34,31.06,9812.48,,,,,
7528,4/27/2025 21:35,31.1,9920,,,,,
7529,4/27/2025 21:36,31.06,9740.8,,,,,
7530,4/27/2025 21:37,31.1,9646.08,,,,,
7531,4/27/2025 21:38,31.1,9479.68,,,,,
7532,4/27/2025 21:39,31.1,9354.24,,,,,
7533,4/27/2025 21:40,31.14,9228.8,,,,,
7534,4/27/2025 21:41,31.1,8921.6,,,,,
7535,4/27/2025 21:42,31.1,8442.88,,,,,
7536,4/27/2025 21:43,31.06,8081.92,,,,,
7537,4/27/2025 21:44,31.1,8028.16,,,,,
7538,4/27/2025 21:45,31.06,7948.8,,,,,
7539,4/27/2025 21:46,31.06,7843.84,,,,,
7540,4/27/2025 21:47,31.06,3758.08,,,,,
7541,4/27/2025 21:48,31.01,5480.96,,,,,
7542,4/27/2025 21:49,30.97,6832.64,,,,,
7543,4/27/2025 21:50,31.01,6218.24,,,,,
7544,4/27/2025 21:51,31.06,7324.16,,,,,
7545,4/27/2025 21:52,31.01,6638.08,,,,,
7546,4/27/2025 21:53,31.06,6318.08,,,,,
7547,4/27/2025 21:54,31.01,6138.88,,,,,
7548,4/27/2025 21:55,31.01,5957.12,,,,,
7549,4/27/2025 21:56,31.01,5941.76,,,,,
7550,4/27/2025 21:57,31.01,5652.48,,,,,
7551,4/27/2025 21:58,30.97,5824,,,,,
7552,4/27/2025 21:59,31.01,5949.44,,,,,
7553,4/27/2025 22:00,31.01,5949.44,,,,,
7554,4/27/2025 22:01,31.01,5954.56,,,,,
7555,4/27/2025 22:02,31.01,5783.04,,,,,
7556,4/27/2025 22:03,31.06,5480.96,,,,,
7557,4/27/2025 22:04,31.01,5146.88,,,,,
7558,4/27/2025 22:05,31.01,5173.76,,,,,
7559,4/27/2025 22:06,31.01,5186.56,,,,,
7560,4/27/2025 22:07,31.01,5099.52,,,,,
7561,4/27/2025 22:08,31.06,4787.2,,,,,
7562,4/27/2025 22:09,31.01,4640,,,,,
7563,4/27/2025 22:10,31.01,4670.72,,,,,
7564,4/27/2025 22:11,30.97,4593.92,,,,,
7565,4/27/2025 22:12,30.97,4593.92,,,,,
7566,4/27/2025 22:13,31.01,4460.8,,,,,
7567,4/27/2025 22:14,31.01,4567.04,,,,,
7568,4/27/2025 22:15,30.97,4776.96,,,,,
7569,4/27/2025 22:16,31.01,4693.76,,,,,
7570,4/27/2025 22:17,31.01,4916.48,,,,,
7571,4/27/2025 22:18,31.01,5276.16,,,,,
7572,4/27/2025 22:19,31.06,5276.16,,,,,
7573,4/27/2025 22:20,31.01,4866.56,,,,,
7574,4/27/2025 22:21,31.01,4544,,,,,
7575,4/27/2025 22:22,31.01,4893.44,,,,,
7576,4/27/2025 22:23,31.01,4101.12,,,,,
7577,4/27/2025 22:24,31.01,4064,,,,,
7578,4/27/2025 22:25,30.97,3637.76,,,,,
7579,4/27/2025 22:26,30.97,3512.32,,,,,
7580,4/27/2025 22:27,30.97,3491.84,,,,,
7581,4/27/2025 22:28,30.97,3504.64,,,,,
7582,4/27/2025 22:29,30.97,3535.36,,,,,
7583,4/27/2025 22:30,31.01,3604.48,,,,,
7584,4/27/2025 22:31,31.01,3687.68,,,,,
7585,4/27/2025 22:32,30.93,3801.6,,,,,
7586,4/27/2025 22:33,31.01,3947.52,,,,,
7587,4/27/2025 22:34,30.97,4113.92,,,,,
7588,4/27/2025 22:35,30.97,4234.24,,,,,
7589,4/27/2025 22:36,31.01,4346.88,,,,,
7590,4/27/2025 22:37,30.97,4390.4,,,,,
7591,4/27/2025 22:38,31.01,4387.84,,,,,
7592,4/27/2025 22:39,30.97,4337.92,,,,,
7593,4/27/2025 22:40,30.97,4250.88,,,,,
7594,4/27/2025 22:41,30.97,4167.68,,,,,
7595,4/27/2025 22:42,31.01,4107.52,,,,,
7596,4/27/2025 22:43,31.01,4071.68,,,,,
7597,4/27/2025 22:44,31.06,4084.48,,,,,
7598,4/27/2025 22:45,30.97,4088.32,,,,,
7599,4/27/2025 22:46,30.97,3921.92,,,,,
7600,4/27/2025 22:47,31.01,3720.96,,,,,
7601,4/27/2025 22:48,31.01,3043.84,,,,,
7602,4/27/2025 22:49,30.97,3874.56,,,,,
7603,4/27/2025 22:50,30.97,3991.04,,,,,
7604,4/27/2025 22:51,31.01,3564.8,,,,,
7605,4/27/2025 22:52,31.01,3681.28,,,,,
7606,4/27/2025 22:53,30.97,3578.88,,,,,
7607,4/27/2025 22:54,30.97,3521.28,,,,,
7608,4/27/2025 22:55,30.97,3468.8,,,,,
7609,4/27/2025 22:56,30.93,3116.8,,,,,
7610,4/27/2025 22:57,30.97,3481.6,,,,,
7611,4/27/2025 22:58,30.97,3462.4,,,,,
7612,4/27/2025 22:59,31.01,3488,,,,,
7613,4/27/2025 23:00,30.93,3631.36,,,,,
7614,4/27/2025 23:01,30.97,3180.8,,,,,
7615,4/27/2025 23:02,30.97,3531.52,,,,,
7616,4/27/2025 23:03,30.97,3395.84,,,,,
7617,4/27/2025 23:04,30.97,3425.28,,,,,
7618,4/27/2025 23:05,30.93,3304.96,,,,,
7619,4/27/2025 23:06,30.97,3193.6,,,,,
7620,4/27/2025 23:07,30.97,3153.92,,,,,
7621,4/27/2025 23:08,30.97,3114.24,,,,,
7622,4/27/2025 23:09,30.93,3119.36,,,,,
7623,4/27/2025 23:10,30.93,3110.4,,,,,
7624,4/27/2025 23:11,30.89,3180.8,,,,,
7625,4/27/2025 23:12,30.93,3187.2,,,,,
7626,4/27/2025 23:13,30.93,3235.84,,,,,
7627,4/27/2025 23:14,30.89,3260.16,,,,,
7628,4/27/2025 23:15,30.97,3508.48,,,,,
7629,4/27/2025 23:16,30.93,3358.72,,,,,
7630,4/27/2025 23:17,30.93,3216.64,,,,,
7631,4/27/2025 23:18,30.89,3164.16,,,,,
7632,4/27/2025 23:19,30.89,2964.48,,,,,
7633,4/27/2025 23:20,30.93,2981.12,,,,,
7634,4/27/2025 23:21,30.89,2927.36,,,,,
7635,4/27/2025 23:22,30.93,2840.32,,,,,
7636,4/27/2025 23:23,30.89,2682.88,,,,,
7637,4/27/2025 23:24,30.97,2643.2,,,,,
7638,4/27/2025 23:25,30.89,2460.16,,,,,
7639,4/27/2025 23:26,30.89,2456.96,,,,,
7640,4/27/2025 23:27,30.89,2361.6,,,,,
7641,4/27/2025 23:28,30.93,2285.44,,,,,
7642,4/27/2025 23:29,30.84,2243.84,,,,,
7643,4/27/2025 23:30,30.93,2206.72,,,,,
7644,4/27/2025 23:31,30.84,2170.24,,,,,
7645,4/27/2025 23:32,30.84,2135.68,,,,,
7646,4/27/2025 23:33,30.84,1965.44,,,,,
7647,4/27/2025 23:34,30.84,2172.16,,,,,
7648,4/27/2025 23:35,30.84,2195.2,,,,,
7649,4/27/2025 23:36,30.89,2233.6,,,,,
7650,4/27/2025 23:37,30.84,2263.68,,,,,
7651,4/27/2025 23:38,30.84,2298.88,,,,,
7652,4/27/2025 23:39,30.89,2338.56,,,,,
7653,4/27/2025 23:40,30.84,2382.08,,,,,
7654,4/27/2025 23:41,30.84,2408.32,,,,,
7655,4/27/2025 23:42,30.89,2449.92,,,,,
7656,4/27/2025 23:43,30.89,2481.92,,,,,
7657,4/27/2025 23:44,30.89,2501.76,,,,,
7658,4/27/2025 23:45,30.84,2494.72,,,,,
7659,4/27/2025 23:46,30.89,2493.44,,,,,
7660,4/27/2025 23:47,30.89,2478.08,,,,,
7661,4/27/2025 23:48,30.89,2480,,,,,
7662,4/27/2025 23:49,30.89,2483.2,,,,,
7663,4/27/2025 23:50,30.93,2465.28,,,,,
7664,4/27/2025 23:51,30.93,2440.32,,,,,
7665,4/27/2025 23:52,30.89,2418.56,,,,,
7666,4/27/2025 23:53,30.89,2405.12,,,,,
7667,4/27/2025 23:54,30.89,2385.28,,,,,
7668,4/27/2025 23:55,30.89,2382.08,,,,,
7669,4/27/2025 23:56,30.84,2415.36,,,,,
7670,4/27/2025 23:57,30.89,2448.64,,,,,
7671,4/27/2025 23:58,30.84,2368.64,,,,,
7672,4/27/2025 23:59,30.84,2386.56,,,,,
7673,4/28/2025 0:00,30.84,2405.12,,,,,
7674,4/28/2025 0:01,30.93,2369.92,,,,,
7675,4/28/2025 0:02,30.89,2313.6,,,,,
7676,4/28/2025 0:03,30.84,2328.32,,,,,
7677,4/28/2025 0:04,30.89,2222.08,,,,,
7678,4/28/2025 0:05,30.8,2340.48,,,,,
7679,4/28/2025 0:06,30.89,2291.84,,,,,
7680,4/28/2025 0:07,30.8,2075.52,,,,,
7681,4/28/2025 0:08,30.84,2010.88,,,,,
7682,4/28/2025 0:09,30.8,1939.2,,,,,
7683,4/28/2025 0:10,30.8,1870.72,,,,,
7684,4/28/2025 0:11,30.8,1812.48,,,,,
7685,4/28/2025 0:12,30.8,1760.64,,,,,
7686,4/28/2025 0:13,30.84,1744,,,,,
7687,4/28/2025 0:14,30.8,1717.76,,,,,
7688,4/28/2025 0:15,30.8,1706.24,,,,,
7689,4/28/2025 0:16,30.8,1679.36,,,,,
7690,4/28/2025 0:17,30.8,1664.64,,,,,
7691,4/28/2025 0:18,30.8,1679.36,,,,,
7692,4/28/2025 0:19,30.8,1690.88,,,,,
7693,4/28/2025 0:20,30.84,1717.76,,,,,
7694,4/28/2025 0:21,30.8,1729.28,,,,,
7695,4/28/2025 0:22,30.8,1696,,,,,
7696,4/28/2025 0:23,30.76,1685.76,,,,,
7697,4/28/2025 0:24,30.8,1692.8,,,,,
7698,4/28/2025 0:25,30.8,1712.64,,,,,
7699,4/28/2025 0:26,30.8,1737.6,,,,,
7700,4/28/2025 0:27,30.8,1745.92,,,,,
7701,4/28/2025 0:28,30.8,1754.24,,,,,
7702,4/28/2025 0:29,30.8,1751.04,,,,,
7703,4/28/2025 0:30,30.71,1742.72,,,,,
7704,4/28/2025 0:31,30.8,1731.2,,,,,
7705,4/28/2025 0:32,30.8,1687.68,,,,,
7706,4/28/2025 0:33,30.76,1652.48,,,,,
7707,4/28/2025 0:34,30.76,1621.12,,,,,
7708,4/28/2025 0:35,30.76,1571.84,,,,,
7709,4/28/2025 0:36,30.76,1532.16,,,,,
7710,4/28/2025 0:37,30.76,1482.88,,,,,
7711,4/28/2025 0:38,30.76,1443.84,,,,,
7712,4/28/2025 0:39,30.76,1407.36,,,,,
7713,4/28/2025 0:40,30.71,1367.04,,,,,
7714,4/28/2025 0:41,30.76,1336.32,,,,,
7715,4/28/2025 0:42,30.71,1310.72,,,,,
7716,4/28/2025 0:43,30.76,1287.36,,,,,
7717,4/28/2025 0:44,30.76,1267.52,,,,,
7718,4/28/2025 0:45,30.76,1237.44,,,,,
7719,4/28/2025 0:46,30.71,1210.88,,,,,
7720,4/28/2025 0:47,30.76,1187.52,,,,,
7721,4/28/2025 0:48,30.71,1153.6,,,,,
7722,4/28/2025 0:49,30.71,1121.92,,,,,
7723,4/28/2025 0:50,30.71,1091.84,,,,,
7724,4/28/2025 0:51,30.71,1065.28,,,,,
7725,4/28/2025 0:52,30.71,1038.72,,,,,
7726,4/28/2025 0:53,30.67,1022.72,,,,,
7727,4/28/2025 0:54,30.71,1015.36,,,,,
7728,4/28/2025 0:55,30.71,1013.76,,,,,
7729,4/28/2025 0:56,30.71,1018.56,,,,,
7730,4/28/2025 0:57,30.71,1025.28,,,,,
7731,4/28/2025 0:58,30.71,1036.8,,,,,
7732,4/28/2025 0:59,30.67,1045.12,,,,,
7733,4/28/2025 1:00,30.67,1036.8,,,,,
7734,4/28/2025 1:01,30.71,1046.08,,,,,
7735,4/28/2025 1:02,30.67,1107.52,,,,,
7736,4/28/2025 1:03,30.71,1109.44,,,,,
7737,4/28/2025 1:04,30.67,1116.16,,,,,
7738,4/28/2025 1:05,30.67,1163.52,,,,,
7739,4/28/2025 1:06,30.71,1107.52,,,,,
7740,4/28/2025 1:07,30.71,1076.8,,,,,
7741,4/28/2025 1:08,30.67,1062.72,,,,,
7742,4/28/2025 1:09,30.67,1053.44,,,,,
7743,4/28/2025 1:10,30.67,1034.56,,,,,
7744,4/28/2025 1:11,30.63,1012.8,,,,,
7745,4/28/2025 1:12,30.63,993.6,,,,,
7746,4/28/2025 1:13,30.67,976.96,,,,,
7747,4/28/2025 1:14,30.67,966.08,,,,,
7748,4/28/2025 1:15,30.63,950.4,,,,,
7749,4/28/2025 1:16,30.67,932.8,,,,,
7750,4/28/2025 1:17,30.59,911.36,,,,,
7751,4/28/2025 1:18,30.67,891.2,,,,,
7752,4/28/2025 1:19,30.63,873.28,,,,,
7753,4/28/2025 1:20,30.67,867.52,,,,,
7754,4/28/2025 1:21,30.67,875.2,,,,,
7755,4/28/2025 1:22,30.63,855.04,,,,,
7756,4/28/2025 1:23,30.63,873.28,,,,,
7757,4/28/2025 1:24,30.63,954.56,,,,,
7758,4/28/2025 1:25,30.63,934.4,,,,,
7759,4/28/2025 1:26,30.59,856.64,,,,,
7760,4/28/2025 1:27,30.59,825.6,,,,,
7761,4/28/2025 1:28,30.63,799.68,,,,,
7762,4/28/2025 1:29,30.59,787.2,,,,,
7763,4/28/2025 1:30,30.59,795.52,,,,,
7764,4/28/2025 1:31,30.63,775.68,,,,,
7765,4/28/2025 1:32,30.63,748.16,,,,,
7766,4/28/2025 1:33,30.63,743.68,,,,,
7767,4/28/2025 1:34,30.59,739.52,,,,,
7768,4/28/2025 1:35,30.59,730.24,,,,,
7769,4/28/2025 1:36,30.63,724.48,,,,,
7770,4/28/2025 1:37,30.63,711.04,,,,,
7771,4/28/2025 1:38,30.54,676.8,,,,,
7772,4/28/2025 1:39,30.59,646.72,,,,,
7773,4/28/2025 1:40,30.59,619.2,,,,,
7774,4/28/2025 1:41,30.54,591.68,,,,,
7775,4/28/2025 1:42,30.54,561.28,,,,,
7776,4/28/2025 1:43,30.59,533.92,,,,,
7777,4/28/2025 1:44,30.63,502.24,,,,,
7778,4/28/2025 1:45,30.54,472.96,,,,,
7779,4/28/2025 1:46,30.59,451.04,,,,,
7780,4/28/2025 1:47,30.59,420.8,,,,,
7781,4/28/2025 1:48,30.63,392.32,,,,,
7782,4/28/2025 1:49,30.54,371.36,,,,,
7783,4/28/2025 1:50,30.63,347.2,,,,,
7784,4/28/2025 1:51,30.54,325.6,,,,,
7785,4/28/2025 1:52,30.54,302.08,,,,,
7786,4/28/2025 1:53,30.54,278,,,,,
7787,4/28/2025 1:54,30.63,253.6,,,,,
7788,4/28/2025 1:55,30.54,226.8,,,,,
7789,4/28/2025 1:56,30.54,200.96,,,,,
7790,4/28/2025 1:57,30.59,175.68,,,,,
7791,4/28/2025 1:58,30.5,149.8,,,,,
7792,4/28/2025 1:59,30.54,128.8,,,,,
7793,4/28/2025 2:00,30.54,110.36,,,,,
7794,4/28/2025 2:01,30.54,98.72,,,,,
7795,4/28/2025 2:02,30.5,93.72,,,,,
7796,4/28/2025 2:03,30.5,88.64,,,,,
7797,4/28/2025 2:04,30.54,76.46,,,,,
7798,4/28/2025 2:05,30.5,60.12,,,,,
7799,4/28/2025 2:06,30.5,46.7,,,,,
7800,4/28/2025 2:07,30.54,40.05,,,,,
7801,4/28/2025 2:08,30.59,37.92,,,,,
7802,4/28/2025 2:09,30.54,33.76,,,,,
7803,4/28/2025 2:10,30.5,28.01,,,,,
7804,4/28/2025 2:11,30.54,24.24,,,,,
7805,4/28/2025 2:12,30.5,19.82,,,,,
7806,4/28/2025 2:13,30.5,15.63,,,,,
7807,4/28/2025 2:14,30.54,12.71,,,,,
7808,4/28/2025 2:15,30.46,10.82,,,,,
7809,4/28/2025 2:16,30.54,8.94,,,,,
7810,4/28/2025 2:17,30.5,7.49,,,,,
7811,4/28/2025 2:18,30.5,6.03,,,,,
7812,4/28/2025 2:19,30.54,4.78,,,,,
7813,4/28/2025 2:20,30.54,3.74,,,,,
7814,4/28/2025 2:21,30.5,2.7,,,,,
7815,4/28/2025 2:22,30.46,2.08,,,,,
7816,4/28/2025 2:23,30.46,1.45,,,,,
7817,4/28/2025 2:24,30.54,1.04,,,,,
7818,4/28/2025 2:25,30.59,0.83,,,,,
7819,4/28/2025 2:26,30.5,0.41,,,,,
7820,4/28/2025 2:27,30.5,0.41,,,,,
7821,4/28/2025 2:28,30.5,0,,,,,
7822,4/28/2025 2:29,30.5,0,,,,,
7823,4/28/2025 2:30,30.46,0,,,,,
7824,4/28/2025 2:31,30.5,0,,,,,
7825,4/28/2025 2:32,30.5,0,,,,,
7826,4/28/2025 2:33,30.46,0,,,,,
7827,4/28/2025 2:34,30.5,0,,,,,
7828,4/28/2025 2:35,30.5,0,,,,,
7829,4/28/2025 2:36,30.5,0,,,,,
7830,4/28/2025 2:37,30.5,0,,,,,
7831,4/28/2025 2:38,30.46,0,,,,,
7832,4/28/2025 2:39,30.5,0,,,,,
7833,4/28/2025 2:40,30.5,0,,,,,
7834,4/28/2025 2:41,30.5,0,,,,,
7835,4/28/2025 2:42,30.5,0,,,,,
7836,4/28/2025 2:43,30.5,0,,,,,
7837,4/28/2025 2:44,30.5,0,,,,,
7838,4/28/2025 2:45,30.5,0,,,,,
7839,4/28/2025 2:46,30.5,0,,,,,
7840,4/28/2025 2:47,30.5,0,,,,,
7841,4/28/2025 2:48,30.54,0,,,,,
7842,4/28/2025 2:49,30.54,0,,,,,
7843,4/28/2025 2:50,30.46,0,,,,,
7844,4/28/2025 2:51,30.5,0,,,,,
7845,4/28/2025 2:52,30.46,0,,,,,
7846,4/28/2025 2:53,30.5,0,,,,,
7847,4/28/2025 2:54,30.5,0,,,,,
7848,4/28/2025 2:55,30.46,0,,,,,
7849,4/28/2025 2:56,30.5,0,,,,,
7850,4/28/2025 2:57,30.46,0,,,,,
7851,4/28/2025 2:58,30.41,0,,,,,
7852,4/28/2025 2:59,30.46,0,,,,,
7853,4/28/2025 3:00,30.46,0,,,,,
7854,4/28/2025 3:01,30.46,0,,,,,
7855,4/28/2025 3:02,30.46,0,,,,,
7856,4/28/2025 3:03,30.41,0,,,,,
7857,4/28/2025 3:04,30.5,0,,,,,
7858,4/28/2025 3:05,30.41,0,,,,,
7859,4/28/2025 3:06,30.46,0,,,,,
7860,4/28/2025 3:07,30.41,0,,,,,
7861,4/28/2025 3:08,30.41,0,,,,,
7862,4/28/2025 3:09,30.41,0,,,,,
7863,4/28/2025 3:10,30.46,0,,,,,
7864,4/28/2025 3:11,30.41,0,,,,,
7865,4/28/2025 3:12,30.46,0,,,,,
7866,4/28/2025 3:13,30.46,0,,,,,
7867,4/28/2025 3:14,30.41,0,,,,,
7868,4/28/2025 3:15,30.41,0,,,,,
7869,4/28/2025 3:16,30.41,0,,,,,
7870,4/28/2025 3:17,30.41,0,,,,,
7871,4/28/2025 3:18,30.46,0,,,,,
7872,4/28/2025 3:19,30.41,0,,,,,
7873,4/28/2025 3:20,30.41,0,,,,,
7874,4/28/2025 3:21,30.46,0,,,,,
7875,4/28/2025 3:22,30.46,0,,,,,
7876,4/28/2025 3:23,30.41,0,,,,,
7877,4/28/2025 3:24,30.41,0,,,,,
7878,4/28/2025 3:25,30.41,0,,,,,
7879,4/28/2025 3:26,30.41,0,,,,,
7880,4/28/2025 3:27,30.41,0,,,,,
7881,4/28/2025 3:28,30.41,0,,,,,
7882,4/28/2025 3:29,30.37,0,,,,,
7883,4/28/2025 3:30,30.41,0,,,,,
7884,4/28/2025 3:31,30.41,0,,,,,
7885,4/28/2025 3:32,30.41,0,,,,,
7886,4/28/2025 3:33,30.37,0,,,,,
7887,4/28/2025 3:34,30.41,0,,,,,
7888,4/28/2025 3:35,30.33,0,,,,,
7889,4/28/2025 3:36,30.37,0,,,,,
7890,4/28/2025 3:37,30.37,0,,,,,
7891,4/28/2025 3:38,30.41,0,,,,,
7892,4/28/2025 3:39,30.41,0,,,,,
7893,4/28/2025 3:40,30.37,0,,,,,
7894,4/28/2025 3:41,30.41,0,,,,,
7895,4/28/2025 3:42,30.37,0,,,,,
7896,4/28/2025 3:43,30.37,0,,,,,
7897,4/28/2025 3:44,30.37,0,,,,,
7898,4/28/2025 3:45,30.37,0,,,,,
7899,4/28/2025 3:46,30.37,0,,,,,
7900,4/28/2025 3:47,30.37,0,,,,,
7901,4/28/2025 3:48,30.37,0,,,,,
7902,4/28/2025 3:49,30.41,0,,,,,
7903,4/28/2025 3:50,30.37,0,,,,,
7904,4/28/2025 3:51,30.37,0,,,,,
7905,4/28/2025 3:52,30.37,0,,,,,
7906,4/28/2025 3:53,30.37,0,,,,,
7907,4/28/2025 3:54,30.33,0,,,,,
7908,4/28/2025 3:55,30.37,0,,,,,
7909,4/28/2025 3:56,30.37,0,,,,,
7910,4/28/2025 3:57,30.33,0,,,,,
7911,4/28/2025 3:58,30.37,0,,,,,
7912,4/28/2025 3:59,30.37,0,,,,,
7913,4/28/2025 4:00,30.37,0,,,,,
7914,4/28/2025 4:01,30.33,0,,,,,
7915,4/28/2025 4:02,30.33,0,,,,,
7916,4/28/2025 4:03,30.33,0,,,,,
7917,4/28/2025 4:04,30.33,0,,,,,
7918,4/28/2025 4:05,30.37,0,,,,,
7919,4/28/2025 4:06,30.33,0,,,,,
7920,4/28/2025 4:07,30.33,0,,,,,
7921,4/28/2025 4:08,30.33,0,,,,,
7922,4/28/2025 4:09,30.33,0,,,,,
7923,4/28/2025 4:10,30.28,0,,,,,
7924,4/28/2025 4:11,30.33,0,,,,,
7925,4/28/2025 4:12,30.33,0,,,,,
7926,4/28/2025 4:13,30.33,0,,,,,
7927,4/28/2025 4:14,30.28,0,,,,,
7928,4/28/2025 4:15,30.33,0,,,,,
7929,4/28/2025 4:16,30.33,0,,,,,
7930,4/28/2025 4:17,30.28,0,,,,,
7931,4/28/2025 4:18,30.37,0,,,,,
7932,4/28/2025 4:19,30.33,0,,,,,
7933,4/28/2025 4:20,30.28,0,,,,,
7934,4/28/2025 4:21,30.33,0,,,,,
7935,4/28/2025 4:22,30.28,0,,,,,
7936,4/28/2025 4:23,30.28,0,,,,,
7937,4/28/2025 4:24,30.37,0,,,,,
7938,4/28/2025 4:25,30.33,0,,,,,
7939,4/28/2025 4:26,30.33,0,,,,,
7940,4/28/2025 4:27,30.33,0,,,,,
7941,4/28/2025 4:28,30.33,0,,,,,
7942,4/28/2025 4:29,30.33,0,,,,,
7943,4/28/2025 4:30,30.28,0,,,,,
7944,4/28/2025 4:31,30.28,0,,,,,
7945,4/28/2025 4:32,30.33,0,,,,,
7946,4/28/2025 4:33,30.33,0,,,,,
7947,4/28/2025 4:34,30.28,0,,,,,
7948,4/28/2025 4:35,30.33,0,,,,,
7949,4/28/2025 4:36,30.28,0,,,,,
7950,4/28/2025 4:37,30.33,0,,,,,
7951,4/28/2025 4:38,30.33,0,,,,,
7952,4/28/2025 4:39,30.28,0,,,,,
7953,4/28/2025 4:40,30.28,0,,,,,
7954,4/28/2025 4:41,30.28,0,,,,,
7955,4/28/2025 4:42,30.28,0,,,,,
7956,4/28/2025 4:43,30.28,0,,,,,
7957,4/28/2025 4:44,30.28,0,,,,,
7958,4/28/2025 4:45,30.28,0,,,,,
7959,4/28/2025 4:46,30.28,0,,,,,
7960,4/28/2025 4:47,30.28,0,,,,,
7961,4/28/2025 4:48,30.28,0,,,,,
7962,4/28/2025 4:49,30.28,0,,,,,
7963,4/28/2025 4:50,30.28,0,,,,,
7964,4/28/2025 4:51,30.28,0,,,,,
7965,4/28/2025 4:52,30.24,0,,,,,
7966,4/28/2025 4:53,30.24,0,,,,,
7967,4/28/2025 4:54,30.28,0,,,,,
7968,4/28/2025 4:55,30.28,0,,,,,
7969,4/28/2025 4:56,30.28,0,,,,,
7970,4/28/2025 4:57,30.24,0,,,,,
7971,4/28/2025 4:58,30.28,0,,,,,
7972,4/28/2025 4:59,30.24,0,,,,,
7973,4/28/2025 5:00,30.2,0,,,,,
7974,4/28/2025 5:01,30.28,0,,,,,
7975,4/28/2025 5:02,30.24,0,,,,,
7976,4/28/2025 5:03,30.2,0,,,,,
7977,4/28/2025 5:04,30.28,0,,,,,
7978,4/28/2025 5:05,30.24,0,,,,,
7979,4/28/2025 5:06,30.24,0,,,,,
7980,4/28/2025 5:07,30.24,0,,,,,
7981,4/28/2025 5:08,30.28,0,,,,,
7982,4/28/2025 5:09,30.24,0,,,,,
7983,4/28/2025 5:10,30.28,0,,,,,
7984,4/28/2025 5:11,30.24,0,,,,,
7985,4/28/2025 5:12,30.24,0,,,,,
7986,4/28/2025 5:13,30.24,0,,,,,
7987,4/28/2025 5:14,30.24,0,,,,,
7988,4/28/2025 5:15,30.2,0,,,,,
7989,4/28/2025 5:16,30.28,0,,,,,
7990,4/28/2025 5:17,30.2,0,,,,,
7991,4/28/2025 5:18,30.24,0,,,,,
7992,4/28/2025 5:19,30.24,0,,,,,
7993,4/28/2025 5:20,30.24,0,,,,,
7994,4/28/2025 5:21,30.24,0,,,,,
7995,4/28/2025 5:22,30.24,0,,,,,
7996,4/28/2025 5:23,30.2,0,,,,,
7997,4/28/2025 5:24,30.28,0,,,,,
7998,4/28/2025 5:25,30.24,0,,,,,
7999,4/28/2025 5:26,30.24,0,,,,,
8000,4/28/2025 5:27,30.24,0,,,,,
8001,4/28/2025 5:28,30.28,0,,,,,
8002,4/28/2025 5:29,30.2,0,,,,,
8003,4/28/2025 5:30,30.2,0,,,,,
8004,4/28/2025 5:31,30.24,0,,,,,
8005,4/28/2025 5:32,30.24,0,,,,,
8006,4/28/2025 5:33,30.2,0,,,,,
8007,4/28/2025 5:34,30.24,0,,,,,
8008,4/28/2025 5:35,30.24,0,,,,,
8009,4/28/2025 5:36,30.2,0,,,,,
8010,4/28/2025 5:37,30.24,0,,,,,
8011,4/28/2025 5:38,30.24,0,,,,,
8012,4/28/2025 5:39,30.16,0,,,,,
8013,4/28/2025 5:40,30.2,0,,,,,
8014,4/28/2025 5:41,30.2,0,,,,,
8015,4/28/2025 5:42,30.2,0,,,,,
8016,4/28/2025 5:43,30.2,0,,,,,
8017,4/28/2025 5:44,30.2,0,,,,,
8018,4/28/2025 5:45,30.24,0,,,,,
8019,4/28/2025 5:46,30.2,0,,,,,
8020,4/28/2025 5:47,30.2,0,,,,,
8021,4/28/2025 5:48,30.2,0,,,,,
8022,4/28/2025 5:49,30.16,0,,,,,
8023,4/28/2025 5:50,30.2,0,,,,,
8024,4/28/2025 5:51,30.2,0,,,,,
8025,4/28/2025 5:52,30.2,0,,,,,
8026,4/28/2025 5:53,30.2,0,,,,,
8027,4/28/2025 5:54,30.2,0,,,,,
8028,4/28/2025 5:55,30.16,0,,,,,
8029,4/28/2025 5:56,30.16,0,,,,,
8030,4/28/2025 5:57,30.2,0,,,,,
8031,4/28/2025 5:58,30.2,0,,,,,
8032,4/28/2025 5:59,30.16,0,,,,,
8033,4/28/2025 6:00,30.24,0,,,,,
8034,4/28/2025 6:01,30.2,0,,,,,
8035,4/28/2025 6:02,30.2,0,,,,,
8036,4/28/2025 6:03,30.2,0,,,,,
8037,4/28/2025 6:04,30.24,0,,,,,
8038,4/28/2025 6:05,30.2,0,,,,,
8039,4/28/2025 6:06,30.16,0,,,,,
8040,4/28/2025 6:07,30.2,0,,,,,
8041,4/28/2025 6:08,30.2,0,,,,,
8042,4/28/2025 6:09,30.16,0,,,,,
8043,4/28/2025 6:10,30.16,0,,,,,
8044,4/28/2025 6:11,30.16,0,,,,,
8045,4/28/2025 6:12,30.16,0,,,,,
8046,4/28/2025 6:13,30.16,0,,,,,
8047,4/28/2025 6:14,30.11,0,,,,,
8048,4/28/2025 6:15,30.16,0,,,,,
8049,4/28/2025 6:16,30.16,0,,,,,
8050,4/28/2025 6:17,30.16,0,,,,,
8051,4/28/2025 6:18,30.11,0,,,,,
8052,4/28/2025 6:19,30.16,0,,,,,
8053,4/28/2025 6:20,30.16,0,,,,,
8054,4/28/2025 6:21,30.16,0,,,,,
8055,4/28/2025 6:22,30.2,0,,,,,
8056,4/28/2025 6:23,30.2,0,,,,,
8057,4/28/2025 6:24,30.11,0,,,,,
8058,4/28/2025 6:25,30.11,0,,,,,
8059,4/28/2025 6:26,30.16,0,,,,,
8060,4/28/2025 6:27,30.16,0,,,,,
8061,4/28/2025 6:28,30.16,0,,,,,
8062,4/28/2025 6:29,30.11,0,,,,,
8063,4/28/2025 6:30,30.16,0,,,,,
8064,4/28/2025 6:31,30.16,0,,,,,
8065,4/28/2025 6:32,30.16,0,,,,,
8066,4/28/2025 6:33,30.16,0,,,,,
8067,4/28/2025 6:34,30.11,0,,,,,
8068,4/28/2025 6:35,30.16,0,,,,,
8069,4/28/2025 6:36,30.16,0,,,,,
8070,4/28/2025 6:37,30.2,0,,,,,
8071,4/28/2025 6:38,30.16,0,,,,,
8072,4/28/2025 6:39,30.2,0,,,,,
8073,4/28/2025 6:40,30.16,0,,,,,
8074,4/28/2025 6:41,30.16,0,,,,,
8075,4/28/2025 6:42,30.16,0,,,,,
8076,4/28/2025 6:43,30.16,0,,,,,
8077,4/28/2025 6:44,30.16,0,,,,,
8078,4/28/2025 6:45,30.11,0,,,,,
8079,4/28/2025 6:46,30.16,0,,,,,
8080,4/28/2025 6:47,30.11,0,,,,,
8081,4/28/2025 6:48,30.16,0,,,,,
8082,4/28/2025 6:49,30.11,0,,,,,
8083,4/28/2025 6:50,30.11,0,,,,,
8084,4/28/2025 6:51,30.07,0,,,,,
8085,4/28/2025 6:52,30.16,0,,,,,
8086,4/28/2025 6:53,30.07,0,,,,,
8087,4/28/2025 6:54,30.11,0,,,,,
8088,4/28/2025 6:55,30.07,0,,,,,
8089,4/28/2025 6:56,30.11,0,,,,,
8090,4/28/2025 6:57,30.11,0,,,,,
8091,4/28/2025 6:58,30.11,0,,,,,
8092,4/28/2025 6:59,30.11,0,,,,,
8093,4/28/2025 7:00,30.07,0,,,,,
8094,4/28/2025 7:01,30.11,0,,,,,
8095,4/28/2025 7:02,30.07,0,,,,,
8096,4/28/2025 7:03,30.11,0,,,,,
8097,4/28/2025 7:04,30.11,0,,,,,
8098,4/28/2025 7:05,30.07,0,,,,,
8099,4/28/2025 7:06,30.11,0,,,,,
8100,4/28/2025 7:07,30.07,0,,,,,
8101,4/28/2025 7:08,30.03,0,,,,,
8102,4/28/2025 7:09,30.11,0,,,,,
8103,4/28/2025 7:10,30.07,0,,,,,
8104,4/28/2025 7:11,30.07,0,,,,,
8105,4/28/2025 7:12,30.07,0,,,,,
8106,4/28/2025 7:13,30.07,0,,,,,
8107,4/28/2025 7:14,30.11,0,,,,,
8108,4/28/2025 7:15,30.11,0,,,,,
8109,4/28/2025 7:16,30.07,0,,,,,
8110,4/28/2025 7:17,30.07,0,,,,,
8111,4/28/2025 7:18,30.03,0,,,,,
8112,4/28/2025 7:19,30.07,0,,,,,
8113,4/28/2025 7:20,30.07,0,,,,,
8114,4/28/2025 7:21,30.11,0,,,,,
8115,4/28/2025 7:22,30.07,0,,,,,
8116,4/28/2025 7:23,30.07,0,,,,,
8117,4/28/2025 7:24,30.07,0,,,,,
8118,4/28/2025 7:25,30.07,0,,,,,
8119,4/28/2025 7:26,30.07,0,,,,,
8120,4/28/2025 7:27,30.07,0,,,,,
8121,4/28/2025 7:28,30.11,0,,,,,
8122,4/28/2025 7:29,30.07,0,,,,,
8123,4/28/2025 7:30,30.03,0,,,,,
8124,4/28/2025 7:31,30.07,0,,,,,
8125,4/28/2025 7:32,30.11,0,,,,,
8126,4/28/2025 7:33,30.07,0,,,,,
8127,4/28/2025 7:34,30.07,0,,,,,
8128,4/28/2025 7:35,30.07,0,,,,,
8129,4/28/2025 7:36,30.07,0,,,,,
8130,4/28/2025 7:37,30.11,0,,,,,
8131,4/28/2025 7:38,30.03,0,,,,,
8132,4/28/2025 7:39,30.11,0,,,,,
8133,4/28/2025 7:40,30.07,0,,,,,
8134,4/28/2025 7:41,30.03,0,,,,,
8135,4/28/2025 7:42,30.03,0,,,,,
8136,4/28/2025 7:43,30.07,0,,,,,
8137,4/28/2025 7:44,30.07,0,,,,,
8138,4/28/2025 7:45,30.07,0,,,,,
8139,4/28/2025 7:46,30.03,0,,,,,
8140,4/28/2025 7:47,30.07,0,,,,,
8141,4/28/2025 7:48,30.03,0,,,,,
8142,4/28/2025 7:49,30.11,0,,,,,
8143,4/28/2025 7:50,30.07,0,,,,,
8144,4/28/2025 7:51,30.03,0,,,,,
8145,4/28/2025 7:52,30.07,0,,,,,
8146,4/28/2025 7:53,30.07,0,,,,,
8147,4/28/2025 7:54,30.03,0,,,,,
8148,4/28/2025 7:55,30.03,0,,,,,
8149,4/28/2025 7:56,30.03,0,,,,,
8150,4/28/2025 7:57,30.07,0,,,,,
8151,4/28/2025 7:58,30.03,0,,,,,
8152,4/28/2025 7:59,29.98,0,,,,,
8153,4/28/2025 8:00,30.03,0,,,,,
8154,4/28/2025 8:01,30.07,0,,,,,
8155,4/28/2025 8:02,30.07,0,,,,,
8156,4/28/2025 8:03,30.03,0,,,,,
8157,4/28/2025 8:04,29.98,0,,,,,
8158,4/28/2025 8:05,30.07,0,,,,,
8159,4/28/2025 8:06,30.07,0,,,,,
8160,4/28/2025 8:07,30.03,0,,,,,
8161,4/28/2025 8:08,30.07,0,,,,,
8162,4/28/2025 8:09,30.03,0,,,,,
8163,4/28/2025 8:10,30.07,0,,,,,
8164,4/28/2025 8:11,30.07,0,,,,,
8165,4/28/2025 8:12,30.11,0,,,,,
8166,4/28/2025 8:13,29.98,0,,,,,
8167,4/28/2025 8:14,30.03,0,,,,,
8168,4/28/2025 8:15,30.03,0,,,,,
8169,4/28/2025 8:16,30.07,0,,,,,
8170,4/28/2025 8:17,30.07,0,,,,,
8171,4/28/2025 8:18,29.98,0,,,,,
8172,4/28/2025 8:19,30.03,0,,,,,
8173,4/28/2025 8:20,29.98,0,,,,,
8174,4/28/2025 8:21,29.98,0,,,,,
8175,4/28/2025 8:22,30.03,0,,,,,
8176,4/28/2025 8:23,30.03,0,,,,,
8177,4/28/2025 8:24,30.07,0,,,,,
8178,4/28/2025 8:25,30.03,0,,,,,
8179,4/28/2025 8:26,30.03,0,,,,,
8180,4/28/2025 8:27,30.07,0,,,,,
8181,4/28/2025 8:28,30.07,0,,,,,
8182,4/28/2025 8:29,30.07,0,,,,,
8183,4/28/2025 8:30,30.03,0,,,,,
8184,4/28/2025 8:31,30.03,0,,,,,
8185,4/28/2025 8:32,30.03,0,,,,,
8186,4/28/2025 8:33,30.03,0,,,,,
8187,4/28/2025 8:34,30.03,0,,,,,
8188,4/28/2025 8:35,30.03,0,,,,,
8189,4/28/2025 8:36,30.03,0,,,,,
8190,4/28/2025 8:37,30.03,0,,,,,
8191,4/28/2025 8:38,30.03,0,,,,,
8192,4/28/2025 8:39,30.03,0,,,,,
8193,4/28/2025 8:40,30.07,0,,,,,
8194,4/28/2025 8:41,30.03,0,,,,,
8195,4/28/2025 8:42,30.03,0,,,,,
8196,4/28/2025 8:43,30.07,0,,,,,
8197,4/28/2025 8:44,29.98,0,,,,,
8198,4/28/2025 8:45,29.98,0,,,,,
8199,4/28/2025 8:46,30.03,0,,,,,
8200,4/28/2025 8:47,29.98,0,,,,,
8201,4/28/2025 8:48,29.98,0,,,,,
8202,4/28/2025 8:49,29.98,0,,,,,
8203,4/28/2025 8:50,30.03,0,,,,,
8204,4/28/2025 8:51,30.03,0,,,,,
8205,4/28/2025 8:52,29.98,0,,,,,
8206,4/28/2025 8:53,30.03,0,,,,,
8207,4/28/2025 8:54,30.03,0,,,,,
8208,4/28/2025 8:55,29.98,0,,,,,
8209,4/28/2025 8:56,30.03,0,,,,,
8210,4/28/2025 8:57,30.03,0,,,,,
8211,4/28/2025 8:58,29.98,0,,,,,
8212,4/28/2025 8:59,29.94,0,,,,,
8213,4/28/2025 9:00,29.98,0,,,,,
8214,4/28/2025 9:01,29.98,0,,,,,
8215,4/28/2025 9:02,29.94,0,,,,,
8216,4/28/2025 9:03,29.98,0,,,,,
8217,4/28/2025 9:04,29.98,0,,,,,
8218,4/28/2025 9:05,29.98,0,,,,,
8219,4/28/2025 9:06,30.03,0,,,,,
8220,4/28/2025 9:07,29.98,0,,,,,
8221,4/28/2025 9:08,29.98,0,,,,,
8222,4/28/2025 9:09,29.98,0,,,,,
8223,4/28/2025 9:10,29.98,0,,,,,
8224,4/28/2025 9:11,29.98,0,,,,,
8225,4/28/2025 9:12,29.94,0,,,,,
8226,4/28/2025 9:13,29.98,0,,,,,
8227,4/28/2025 9:14,29.94,0,,,,,
8228,4/28/2025 9:15,29.98,0,,,,,
8229,4/28/2025 9:16,29.98,0,,,,,
8230,4/28/2025 9:17,29.94,0,,,,,
8231,4/28/2025 9:18,29.94,0,,,,,
8232,4/28/2025 9:19,29.98,0,,,,,
8233,4/28/2025 9:20,29.98,0,,,,,
8234,4/28/2025 9:21,29.94,0,,,,,
8235,4/28/2025 9:22,29.94,0,,,,,
8236,4/28/2025 9:23,29.98,0,,,,,
8237,4/28/2025 9:24,29.94,0,,,,,
8238,4/28/2025 9:25,29.98,0,,,,,
8239,4/28/2025 9:26,29.94,0,,,,,
8240,4/28/2025 9:27,29.98,0,,,,,
8241,4/28/2025 9:28,29.94,0,,,,,
8242,4/28/2025 9:29,29.98,0,,,,,
8243,4/28/2025 9:30,29.94,0,,,,,
8244,4/28/2025 9:31,29.98,0,,,,,
8245,4/28/2025 9:32,30.03,0,,,,,
8246,4/28/2025 9:33,29.94,0,,,,,
8247,4/28/2025 9:34,29.94,0,,,,,
8248,4/28/2025 9:35,29.94,0,,,,,
8249,4/28/2025 9:36,29.94,0,,,,,
8250,4/28/2025 9:37,29.94,0,,,,,
8251,4/28/2025 9:38,29.98,0,,,,,
8252,4/28/2025 9:39,29.94,0,,,,,
8253,4/28/2025 9:40,29.94,0,,,,,
8254,4/28/2025 9:41,29.9,0,,,,,
8255,4/28/2025 9:42,29.9,0,,,,,
8256,4/28/2025 9:43,29.94,0,,,,,
8257,4/28/2025 9:44,29.9,0,,,,,
8258,4/28/2025 9:45,29.94,0,,,,,
8259,4/28/2025 9:46,29.9,0,,,,,
8260,4/28/2025 9:47,29.9,0,,,,,
8261,4/28/2025 9:48,29.9,0,,,,,
8262,4/28/2025 9:49,29.94,0,,,,,
8263,4/28/2025 9:50,29.9,0,,,,,
8264,4/28/2025 9:51,29.94,0,,,,,
8265,4/28/2025 9:52,29.94,0,,,,,
8266,4/28/2025 9:53,29.81,0,,,,,
8267,4/28/2025 9:54,29.94,0,,,,,
8268,4/28/2025 9:55,29.94,0,,,,,
8269,4/28/2025 9:56,29.94,0,,,,,
8270,4/28/2025 9:57,29.98,0,,,,,
8271,4/28/2025 9:58,29.94,0,,,,,
8272,4/28/2025 9:59,29.94,0,,,,,
8273,4/28/2025 10:00,29.9,0,,,,,
8274,4/28/2025 10:01,29.94,0,,,,,
8275,4/28/2025 10:02,29.98,0,,,,,
8276,4/28/2025 10:03,29.94,0,,,,,
8277,4/28/2025 10:04,29.9,0,,,,,
8278,4/28/2025 10:05,29.9,0,,,,,
8279,4/28/2025 10:06,29.94,0,,,,,
8280,4/28/2025 10:07,29.9,0,,,,,
8281,4/28/2025 10:08,29.9,0,,,,,
8282,4/28/2025 10:09,29.94,0,,,,,
8283,4/28/2025 10:10,29.9,0,,,,,
8284,4/28/2025 10:11,29.86,0,,,,,
8285,4/28/2025 10:12,29.94,0,,,,,
8286,4/28/2025 10:13,29.94,0,,,,,
8287,4/28/2025 10:14,29.9,0,,,,,
8288,4/28/2025 10:15,29.9,0,,,,,
8289,4/28/2025 10:16,29.86,0,,,,,
8290,4/28/2025 10:17,29.9,0,,,,,
8291,4/28/2025 10:18,29.9,0,,,,,
8292,4/28/2025 10:19,29.9,0,,,,,
8293,4/28/2025 10:20,29.94,0,,,,,
8294,4/28/2025 10:21,29.9,0,,,,,
8295,4/28/2025 10:22,29.9,0,,,,,
8296,4/28/2025 10:23,29.9,0,,,,,
8297,4/28/2025 10:24,29.9,0,,,,,
8298,4/28/2025 10:25,29.9,0,,,,,
8299,4/28/2025 10:26,29.86,0,,,,,
8300,4/28/2025 10:27,29.9,0,,,,,
8301,4/28/2025 10:28,29.9,0,,,,,
8302,4/28/2025 10:29,29.9,0,,,,,
8303,4/28/2025 10:30,29.86,0,,,,,
8304,4/28/2025 10:31,29.9,0,,,,,
8305,4/28/2025 10:32,29.9,0,,,,,
8306,4/28/2025 10:33,29.9,0,,,,,
8307,4/28/2025 10:34,29.9,0,,,,,
8308,4/28/2025 10:35,29.86,0,,,,,
8309,4/28/2025 10:36,29.9,0,,,,,
8310,4/28/2025 10:37,29.86,0,,,,,
8311,4/28/2025 10:38,29.9,0,,,,,
8312,4/28/2025 10:39,29.9,0,,,,,
8313,4/28/2025 10:40,29.86,0,,,,,
8314,4/28/2025 10:41,29.86,0,,,,,
8315,4/28/2025 10:42,29.86,0,,,,,
8316,4/28/2025 10:43,29.86,0,,,,,
8317,4/28/2025 10:44,29.86,0,,,,,
8318,4/28/2025 10:45,29.9,0,,,,,
8319,4/28/2025 10:46,29.86,0,,,,,
8320,4/28/2025 10:47,29.81,0,,,,,
8321,4/28/2025 10:48,29.86,0,,,,,
8322,4/28/2025 10:49,29.86,0,,,,,
8323,4/28/2025 10:50,29.81,0,,,,,
8324,4/28/2025 10:51,29.86,0,,,,,
8325,4/28/2025 10:52,29.86,0,,,,,
8326,4/28/2025 10:53,29.81,0,,,,,
8327,4/28/2025 10:54,29.86,0,,,,,
8328,4/28/2025 10:55,29.81,0,,,,,
8329,4/28/2025 10:56,29.81,0,,,,,
8330,4/28/2025 10:57,29.86,0,,,,,
8331,4/28/2025 10:58,29.86,0,,,,,
8332,4/28/2025 10:59,29.86,0,,,,,
8333,4/28/2025 11:00,29.81,0,,,,,
8334,4/28/2025 11:01,29.81,0,,,,,
8335,4/28/2025 11:02,29.81,0,,,,,
8336,4/28/2025 11:03,29.81,0,,,,,
8337,4/28/2025 11:04,29.86,0,,,,,
8338,4/28/2025 11:05,29.86,0,,,,,
8339,4/28/2025 11:06,29.81,0,,,,,
8340,4/28/2025 11:07,29.86,0,,,,,
8341,4/28/2025 11:08,29.86,0,,,,,
8342,4/28/2025 11:09,29.86,0,,,,,
8343,4/28/2025 11:10,29.81,0,,,,,
8344,4/28/2025 11:11,29.81,0,,,,,
8345,4/28/2025 11:12,29.77,0,,,,,
8346,4/28/2025 11:13,29.86,0,,,,,
8347,4/28/2025 11:14,29.81,0,,,,,
8348,4/28/2025 11:15,29.81,0,,,,,
8349,4/28/2025 11:16,29.86,0,,,,,
8350,4/28/2025 11:17,29.86,0,,,,,
8351,4/28/2025 11:18,29.81,0,,,,,
8352,4/28/2025 11:19,29.86,0,,,,,
8353,4/28/2025 11:20,29.81,0,,,,,
8354,4/28/2025 11:21,29.86,0,,,,,
8355,4/28/2025 11:22,29.81,0,,,,,
8356,4/28/2025 11:23,29.81,0,,,,,
8357,4/28/2025 11:24,29.86,0,,,,,
8358,4/28/2025 11:25,29.81,0,,,,,
8359,4/28/2025 11:26,29.81,0,,,,,
8360,4/28/2025 11:27,29.81,0,,,,,
8361,4/28/2025 11:28,29.77,0,,,,,
8362,4/28/2025 11:29,29.81,0,,,,,
8363,4/28/2025 11:30,29.81,0,,,,,
8364,4/28/2025 11:31,29.81,0,,,,,
8365,4/28/2025 11:32,29.81,0,,,,,
8366,4/28/2025 11:33,29.81,0,,,,,
8367,4/28/2025 11:34,29.77,0,,,,,
8368,4/28/2025 11:35,29.81,0,,,,,
8369,4/28/2025 11:36,29.81,0,,,,,
8370,4/28/2025 11:37,29.81,0,,,,,
8371,4/28/2025 11:38,29.81,0,,,,,
8372,4/28/2025 11:39,29.81,0,,,,,
8373,4/28/2025 11:40,29.81,0,,,,,
8374,4/28/2025 11:41,29.81,0,,,,,
8375,4/28/2025 11:42,29.81,0,,,,,
8376,4/28/2025 11:43,29.81,0,,,,,
8377,4/28/2025 11:44,29.81,0,,,,,
8378,4/28/2025 11:45,29.81,0,,,,,
8379,4/28/2025 11:46,29.73,0,,,,,
8380,4/28/2025 11:47,29.81,0,,,,,
8381,4/28/2025 11:48,29.77,0,,,,,
8382,4/28/2025 11:49,29.77,0,,,,,
8383,4/28/2025 11:50,29.77,0,,,,,
8384,4/28/2025 11:51,29.77,0,,,,,
8385,4/28/2025 11:52,29.77,0,,,,,
8386,4/28/2025 11:53,29.77,0,,,,,
8387,4/28/2025 11:54,29.81,0,,,,,
8388,4/28/2025 11:55,29.77,0,,,,,
8389,4/28/2025 11:56,29.77,0,,,,,
8390,4/28/2025 11:57,29.81,0,,,,,
8391,4/28/2025 11:58,29.77,0,,,,,
8392,4/28/2025 11:59,29.77,0,,,,,
8393,4/28/2025 12:00,29.81,0,,,,,
8394,4/28/2025 12:01,29.77,0,,,,,
8395,4/28/2025 12:02,29.73,0,,,,,
8396,4/28/2025 12:03,29.77,0,,,,,
8397,4/28/2025 12:04,29.73,0,,,,,
8398,4/28/2025 12:05,29.77,0,,,,,
8399,4/28/2025 12:06,29.77,0,,,,,
8400,4/28/2025 12:07,29.77,0,,,,,
8401,4/28/2025 12:08,29.73,0,,,,,
8402,4/28/2025 12:09,29.77,0,,,,,
8403,4/28/2025 12:10,29.73,0,,,,,
8404,4/28/2025 12:11,29.77,0,,,,,
8405,4/28/2025 12:12,29.73,0,,,,,
8406,4/28/2025 12:13,29.77,0,,,,,
8407,4/28/2025 12:14,29.77,0,,,,,
8408,4/28/2025 12:15,29.77,0,,,,,
8409,4/28/2025 12:16,29.73,0,,,,,
8410,4/28/2025 12:17,29.73,0,,,,,
8411,4/28/2025 12:18,29.77,0,,,,,
8412,4/28/2025 12:19,29.73,0,,,,,
8413,4/28/2025 12:20,29.73,0,,,,,
8414,4/28/2025 12:21,29.73,0,,,,,
8415,4/28/2025 12:22,29.73,0,,,,,
8416,4/28/2025 12:23,29.73,0,,,,,
8417,4/28/2025 12:24,29.73,0,,,,,
8418,4/28/2025 12:25,29.73,0,,,,,
8419,4/28/2025 12:26,29.68,0,,,,,
8420,4/28/2025 12:27,29.77,0,,,,,
8421,4/28/2025 12:28,29.64,0,,,,,
8422,4/28/2025 12:29,29.77,0,,,,,
8423,4/28/2025 12:30,29.73,0,,,,,
8424,4/28/2025 12:31,29.68,0,,,,,
8425,4/28/2025 12:32,29.73,0,,,,,
8426,4/28/2025 12:33,29.73,0,,,,,
8427,4/28/2025 12:34,29.77,0,,,,,
8428,4/28/2025 12:35,29.77,0,,,,,
8429,4/28/2025 12:36,29.68,0,,,,,
8430,4/28/2025 12:37,29.73,0,,,,,
8431,4/28/2025 12:38,29.68,0,,,,,
8432,4/28/2025 12:39,29.77,0,,,,,
8433,4/28/2025 12:40,29.73,0,,,,,
8434,4/28/2025 12:41,29.73,0,,,,,
8435,4/28/2025 12:42,29.68,0,,,,,
8436,4/28/2025 12:43,29.68,0,,,,,
8437,4/28/2025 12:44,29.73,0,,,,,
8438,4/28/2025 12:45,29.77,0,,,,,
8439,4/28/2025 12:46,29.77,0,,,,,
8440,4/28/2025 12:47,29.73,0,,,,,
8441,4/28/2025 12:48,29.68,0,,,,,
8442,4/28/2025 12:49,29.77,0,,,,,
8443,4/28/2025 12:50,29.73,0,,,,,
8444,4/28/2025 12:51,29.73,0,,,,,
8445,4/28/2025 12:52,29.73,0,,,,,
8446,4/28/2025 12:53,29.73,0,,,,,
8447,4/28/2025 12:54,29.73,0,,,,,
8448,4/28/2025 12:55,29.73,0,,,,,
8449,4/28/2025 12:56,29.73,0,,,,,
8450,4/28/2025 12:57,29.73,0,,,,,
8451,4/28/2025 12:58,29.68,0,,,,,
8452,4/28/2025 12:59,29.73,0,,,,,
8453,4/28/2025 13:00,29.68,0,,,,,
8454,4/28/2025 13:01,29.73,0,,,,,
8455,4/28/2025 13:02,29.64,0,,,,,
8456,4/28/2025 13:03,29.68,0,,,,,
8457,4/28/2025 13:04,29.73,0,,,,,
8458,4/28/2025 13:05,29.73,0,,,,,
8459,4/28/2025 13:06,29.73,0,,,,,
8460,4/28/2025 13:07,29.68,0,,,,,
8461,4/28/2025 13:08,29.73,0,,,,,
8462,4/28/2025 13:09,29.73,0,,,,,
8463,4/28/2025 13:10,29.73,0,,,,,
8464,4/28/2025 13:11,29.68,0,,,,,
8465,4/28/2025 13:12,29.68,0,,,,,
8466,4/28/2025 13:13,29.68,0,,,,,
8467,4/28/2025 13:14,29.68,0,,,,,
8468,4/28/2025 13:15,29.68,0,,,,,
8469,4/28/2025 13:16,29.68,0,,,,,
8470,4/28/2025 13:17,29.68,0,,,,,
8471,4/28/2025 13:18,29.68,0,,,,,
8472,4/28/2025 13:19,29.68,0,,,,,
8473,4/28/2025 13:20,29.68,0,,,,,
8474,4/28/2025 13:21,29.73,0,,,,,
8475,4/28/2025 13:22,29.68,0,,,,,
8476,4/28/2025 13:23,29.73,0,,,,,
8477,4/28/2025 13:24,29.64,0,,,,,
8478,4/28/2025 13:25,29.68,0,,,,,
8479,4/28/2025 13:26,29.68,0,,,,,
8480,4/28/2025 13:27,29.68,0,,,,,
8481,4/28/2025 13:28,29.68,0,,,,,
8482,4/28/2025 13:29,29.68,0,,,,,
8483,4/28/2025 13:30,29.68,0.2,,,,,
8484,4/28/2025 13:31,29.64,0.2,,,,,
8485,4/28/2025 13:32,29.64,0.41,,,,,
8486,4/28/2025 13:33,29.64,0.62,,,,,
8487,4/28/2025 13:34,29.73,0.83,,,,,
8488,4/28/2025 13:35,29.68,1.24,,,,,
8489,4/28/2025 13:36,29.64,1.87,,,,,
8490,4/28/2025 13:37,29.68,2.49,,,,,
8491,4/28/2025 13:38,29.68,3.32,,,,,
8492,4/28/2025 13:39,29.68,4.36,,,,,
8493,4/28/2025 13:40,29.64,5.61,,,,,
8494,4/28/2025 13:41,29.64,6.86,,,,,
8495,4/28/2025 13:42,29.68,8.53,,,,,
8496,4/28/2025 13:43,29.68,9.77,,,,,
8497,4/28/2025 13:44,29.68,11.44,,,,,
8498,4/28/2025 13:45,29.68,13.31,,,,,
8499,4/28/2025 13:46,29.64,14.79,,,,,
8500,4/28/2025 13:47,29.64,16.88,,,,,
8501,4/28/2025 13:48,29.64,18.75,,,,,
8502,4/28/2025 13:49,29.68,20.44,,,,,
8503,4/28/2025 13:50,29.64,22.73,,,,,
8504,4/28/2025 13:51,29.64,25.25,,,,,
8505,4/28/2025 13:52,29.64,28.81,,,,,
8506,4/28/2025 13:53,29.68,34.17,,,,,
8507,4/28/2025 13:54,29.64,39.17,,,,,
8508,4/28/2025 13:55,29.68,44.2,,,,,
8509,4/28/2025 13:56,29.73,50.46,,,,,
8510,4/28/2025 13:57,29.68,55.92,,,,,
8511,4/28/2025 13:58,29.68,61.8,,,,,
8512,4/28/2025 13:59,29.64,68.86,,,,,
8513,4/28/2025 14:00,29.68,75.58,,,,,
8514,4/28/2025 14:01,29.68,81.88,,,,,
8515,4/28/2025 14:02,29.6,87.8,,,,,
8516,4/28/2025 14:03,29.64,96.12,,,,,
8517,4/28/2025 14:04,29.68,102.88,,,,,
8518,4/28/2025 14:05,29.64,112.04,,,,,
8519,4/28/2025 14:06,29.68,118.8,,,,,
8520,4/28/2025 14:07,29.64,127.96,,,,,
8521,4/28/2025 14:08,29.64,137.12,,,,,
8522,4/28/2025 14:09,29.68,143.88,,,,,
8523,4/28/2025 14:10,29.64,151.36,,,,,
8524,4/28/2025 14:11,29.64,158.12,,,,,
8525,4/28/2025 14:12,29.64,167.28,,,,,
8526,4/28/2025 14:13,29.68,175.68,,,,,
8527,4/28/2025 14:14,29.64,185.76,,,,,
8528,4/28/2025 14:15,29.64,195.76,,,,,
8529,4/28/2025 14:16,29.64,208.24,,,,,
8530,4/28/2025 14:17,29.68,217.44,,,,,
8531,4/28/2025 14:18,29.68,226.8,,,,,
8532,4/28/2025 14:19,29.73,235.92,,,,,
8533,4/28/2025 14:20,29.64,242.56,,,,,
8534,4/28/2025 14:21,29.6,249.28,,,,,
8535,4/28/2025 14:22,29.68,254.24,,,,,
8536,4/28/2025 14:23,29.64,258.4,,,,,
8537,4/28/2025 14:24,29.64,260.24,,,,,
8538,4/28/2025 14:25,29.64,264.4,,,,,
8539,4/28/2025 14:26,29.68,269.44,,,,,
8540,4/28/2025 14:27,29.6,274.4,,,,,
8541,4/28/2025 14:28,29.64,278.56,,,,,
8542,4/28/2025 14:29,29.64,283.6,,,,,
8543,4/28/2025 14:30,29.64,286.88,,,,,
8544,4/28/2025 14:31,29.64,289.44,,,,,
8545,4/28/2025 14:32,29.68,291.92,,,,,
8546,4/28/2025 14:33,29.64,294.4,,,,,
8547,4/28/2025 14:34,29.68,299.36,,,,,
8548,4/28/2025 14:35,29.68,305.44,,,,,
8549,4/28/2025 14:36,29.6,313.76,,,,,
8550,4/28/2025 14:37,29.64,320.4,,,,,
8551,4/28/2025 14:38,29.68,329.6,,,,,
8552,4/28/2025 14:39,29.64,337.28,,,,,
8553,4/28/2025 14:40,29.64,347.2,,,,,
8554,4/28/2025 14:41,29.64,357.28,,,,,
8555,4/28/2025 14:42,29.64,368.8,,,,,
8556,4/28/2025 14:43,29.64,378.08,,,,,
8557,4/28/2025 14:44,29.6,386.56,,,,,
8558,4/28/2025 14:45,29.64,396.48,,,,,
8559,4/28/2025 14:46,29.64,404.8,,,,,
8560,4/28/2025 14:47,29.68,414.88,,,,,
8561,4/28/2025 14:48,29.64,424.96,,,,,
8562,4/28/2025 14:49,29.68,437.6,,,,,
8563,4/28/2025 14:50,29.64,449.12,,,,,
8564,4/28/2025 14:51,29.68,460.96,,,,,
8565,4/28/2025 14:52,29.64,472.64,,,,,
8566,4/28/2025 14:53,29.6,480.96,,,,,
8567,4/28/2025 14:54,29.64,490.24,,,,,
8568,4/28/2025 14:55,29.68,496,,,,,
8569,4/28/2025 14:56,29.68,500.16,,,,,
8570,4/28/2025 14:57,29.6,504.32,,,,,
8571,4/28/2025 14:58,29.64,509.28,,,,,
8572,4/28/2025 14:59,29.68,516.8,,,,,
8573,4/28/2025 15:00,29.64,523.52,,,,,
8574,4/28/2025 15:01,29.64,530.08,,,,,
8575,4/28/2025 15:02,29.68,535.04,,,,,
8576,4/28/2025 15:03,29.68,538.4,,,,,
8577,4/28/2025 15:04,29.68,540.16,,,,,
8578,4/28/2025 15:05,29.64,540.16,,,,,
8579,4/28/2025 15:06,29.68,538.4,,,,,
8580,4/28/2025 15:07,29.64,538.4,,,,,
8581,4/28/2025 15:08,29.68,539.68,,,,,
8582,4/28/2025 15:09,29.64,543.84,,,,,
8583,4/28/2025 15:10,29.68,552.96,,,,,
8584,4/28/2025 15:11,29.64,562.24,,,,,
8585,4/28/2025 15:12,29.64,572.16,,,,,
8586,4/28/2025 15:13,29.64,583.04,,,,,
8587,4/28/2025 15:14,29.64,595.52,,,,,
8588,4/28/2025 15:15,29.68,607.52,,,,,
8589,4/28/2025 15:16,29.68,620,,,,,
8590,4/28/2025 15:17,29.56,631.68,,,,,
8591,4/28/2025 15:18,29.64,643.36,,,,,
8592,4/28/2025 15:19,29.68,655.68,,,,,
8593,4/28/2025 15:20,29.68,668.16,,,,,
8594,4/28/2025 15:21,29.64,684.16,,,,,
8595,4/28/2025 15:22,29.68,701.12,,,,,
8596,4/28/2025 15:23,29.68,718.72,,,,,
8597,4/28/2025 15:24,29.64,737.6,,,,,
8598,4/28/2025 15:25,29.68,760.32,,,,,
8599,4/28/2025 15:26,29.68,784.64,,,,,
8600,4/28/2025 15:27,29.64,816.32,,,,,
8601,4/28/2025 15:28,29.68,850.88,,,,,
8602,4/28/2025 15:29,29.64,891.2,,,,,
8603,4/28/2025 15:30,29.68,933.76,,,,,
8604,4/28/2025 15:31,29.64,980.48,,,,,
8605,4/28/2025 15:32,29.68,1030.4,,,,,
8606,4/28/2025 15:33,29.64,1083.52,,,,,
8607,4/28/2025 15:34,29.64,1139.2,,,,,
8608,4/28/2025 15:35,29.64,1196.8,,,,,
8609,4/28/2025 15:36,29.68,1255.68,,,,,
8610,4/28/2025 15:37,29.68,1306.56,,,,,
8611,4/28/2025 15:38,29.64,1350.4,,,,,
8612,4/28/2025 15:39,29.64,1391.36,,,,,
8613,4/28/2025 15:40,29.68,1424,,,,,
8614,4/28/2025 15:41,29.68,1454.72,,,,,
8615,4/28/2025 15:42,29.68,1493.12,,,,,
8616,4/28/2025 15:43,29.64,1525.12,,,,,
8617,4/28/2025 15:44,29.68,1554.56,,,,,
8618,4/28/2025 15:45,29.68,1580.8,,,,,
8619,4/28/2025 15:46,29.68,1607.04,,,,,
8620,4/28/2025 15:47,29.73,1620.48,,,,,
8621,4/28/2025 15:48,29.68,1631.36,,,,,
8622,4/28/2025 15:49,29.68,1639.68,,,,,
8623,4/28/2025 15:50,29.68,1646.08,,,,,
8624,4/28/2025 15:51,29.73,1658.24,,,,,
8625,4/28/2025 15:52,29.68,1673.6,,,,,
8626,4/28/2025 15:53,29.68,1701.12,,,,,
8627,4/28/2025 15:54,29.73,1731.2,,,,,
8628,4/28/2025 15:55,29.68,1765.76,,,,,
8629,4/28/2025 15:56,29.77,1806.08,,,,,
8630,4/28/2025 15:57,29.68,1854.08,,,,,
8631,4/28/2025 15:58,29.68,1912.32,,,,,
8632,4/28/2025 15:59,29.68,1962.24,,,,,
8633,4/28/2025 16:00,29.73,2007.04,,,,,
8634,4/28/2025 16:01,29.73,2044.16,,,,,
8635,4/28/2025 16:02,29.77,2088.96,,,,,
8636,4/28/2025 16:03,29.73,2117.12,,,,,
8637,4/28/2025 16:04,29.73,2128.64,,,,,
8638,4/28/2025 16:05,29.77,2145.28,,,,,
8639,4/28/2025 16:06,29.73,2142.08,,,,,
8640,4/28/2025 16:07,29.73,2127.36,,,,,
8641,4/28/2025 16:08,29.68,2092.16,,,,,
8642,4/28/2025 16:09,29.73,2037.12,,,,,
8643,4/28/2025 16:10,29.73,1982.08,,,,,
8644,4/28/2025 16:11,29.73,1928.96,,,,,
8645,4/28/2025 16:12,29.73,1889.28,,,,,
8646,4/28/2025 16:13,29.73,1848.96,,,,,
8647,4/28/2025 16:14,29.73,1815.68,,,,,
8648,4/28/2025 16:15,29.68,1790.72,,,,,
8649,4/28/2025 16:16,29.77,1779.2,,,,,
8650,4/28/2025 16:17,29.73,1772.8,,,,,
8651,4/28/2025 16:18,29.73,1779.2,,,,,
8652,4/28/2025 16:19,29.68,1790.72,,,,,
8653,4/28/2025 16:20,29.68,1799.04,,,,,
8654,4/28/2025 16:21,29.68,1818.88,,,,,
8655,4/28/2025 16:22,29.77,1857.28,,,,,
8656,4/28/2025 16:23,29.73,1902.72,,,,,
8657,4/28/2025 16:24,29.73,1939.2,,,,,
8658,4/28/2025 16:25,29.73,1972.48,,,,,
8659,4/28/2025 16:26,29.77,2023.68,,,,,
8660,4/28/2025 16:27,29.73,2100.48,,,,,
8661,4/28/2025 16:28,29.73,2173.44,,,,,
8662,4/28/2025 16:29,29.73,2227.2,,,,,
8663,4/28/2025 16:30,29.73,2260.48,,,,,
8664,4/28/2025 16:31,29.77,2285.44,,,,,
8665,4/28/2025 16:32,29.73,2300.16,,,,,
8666,4/28/2025 16:33,29.73,2286.72,,,,,
8667,4/28/2025 16:34,29.77,2232.32,,,,,
8668,4/28/2025 16:35,29.81,2235.52,,,,,
8669,4/28/2025 16:36,29.77,2252.16,,,,,
8670,4/28/2025 16:37,29.73,2215.04,,,,,
8671,4/28/2025 16:38,29.68,2233.6,,,,,
8672,4/28/2025 16:39,29.77,2250.24,,,,,
8673,4/28/2025 16:40,29.77,2273.92,,,,,
8674,4/28/2025 16:41,29.73,2295.04,,,,,
8675,4/28/2025 16:42,29.73,2336.64,,,,,
8676,4/28/2025 16:43,29.73,2390.4,,,,,
8677,4/28/2025 16:44,29.73,2449.92,,,,,
8678,4/28/2025 16:45,29.77,2465.28,,,,,
8679,4/28/2025 16:46,29.77,2531.84,,,,,
8680,4/28/2025 16:47,29.73,2546.56,,,,,
8681,4/28/2025 16:48,29.77,2606.72,,,,,
8682,4/28/2025 16:49,29.81,2632.96,,,,,
8683,4/28/2025 16:50,29.77,2609.92,,,,,
8684,4/28/2025 16:51,29.77,2618.24,,,,,
8685,4/28/2025 16:52,29.81,2698.24,,,,,
8686,4/28/2025 16:53,29.81,2584.96,,,,,
8687,4/28/2025 16:54,29.77,2568.32,,,,,
8688,4/28/2025 16:55,29.81,2516.48,,,,,
8689,4/28/2025 16:56,29.77,2411.52,,,,,
8690,4/28/2025 16:57,29.77,2336.64,,,,,
8691,4/28/2025 16:58,29.77,2340.48,,,,,
8692,4/28/2025 16:59,29.81,2293.76,,,,,
8693,4/28/2025 17:00,29.77,2318.72,,,,,
8694,4/28/2025 17:01,29.77,2238.72,,,,,
8695,4/28/2025 17:02,29.81,2211.84,,,,,
8696,4/28/2025 17:03,29.77,2224,,,,,
8697,4/28/2025 17:04,29.77,2261.76,,,,,
8698,4/28/2025 17:05,29.77,2233.6,,,,,
8699,4/28/2025 17:06,29.81,2216.96,,,,,
8700,4/28/2025 17:07,29.81,2185.6,,,,,
8701,4/28/2025 17:08,29.81,2186.88,,,,,
8702,4/28/2025 17:09,29.77,2218.88,,,,,
8703,4/28/2025 17:10,29.77,2275.2,,,,,
8704,4/28/2025 17:11,29.77,2311.68,,,,,
8705,4/28/2025 17:12,29.81,2358.4,,,,,
8706,4/28/2025 17:13,29.81,2378.24,,,,,
8707,4/28/2025 17:14,29.77,2398.72,,,,,
8708,4/28/2025 17:15,29.77,2391.68,,,,,
8709,4/28/2025 17:16,29.77,2400,,,,,
8710,4/28/2025 17:17,29.73,2307.2,,,,,
8711,4/28/2025 17:18,29.77,2344.96,,,,,
8712,4/28/2025 17:19,29.77,2415.36,,,,,
8713,4/28/2025 17:20,29.81,2494.72,,,,,
8714,4/28/2025 17:21,29.81,2515.2,,,,,
8715,4/28/2025 17:22,29.77,2609.92,,,,,
8716,4/28/2025 17:23,29.81,2634.24,,,,,
8717,4/28/2025 17:24,29.77,2531.84,,,,,
8718,4/28/2025 17:25,29.81,2558.08,,,,,
8719,4/28/2025 17:26,29.77,2548.48,,,,,
8720,4/28/2025 17:27,29.81,2516.48,,,,,
8721,4/28/2025 17:28,29.86,2656,,,,,
8722,4/28/2025 17:29,29.81,2722.56,,,,,
8723,4/28/2025 17:30,29.81,2823.68,,,,,
8724,4/28/2025 17:31,29.86,2894.08,,,,,
8725,4/28/2025 17:32,29.77,2900.48,,,,,
8726,4/28/2025 17:33,29.86,2883.84,,,,,
8727,4/28/2025 17:34,29.86,2922.24,,,,,
8728,4/28/2025 17:35,29.81,2908.16,,,,,
8729,4/28/2025 17:36,29.86,2944,,,,,
8730,4/28/2025 17:37,29.86,2928.64,,,,,
8731,4/28/2025 17:38,29.86,2908.16,,,,,
8732,4/28/2025 17:39,29.86,2897.92,,,,,
8733,4/28/2025 17:40,29.86,2912,,,,,
8734,4/28/2025 17:41,29.86,3121.92,,,,,
8735,4/28/2025 17:42,29.86,3105.28,,,,,
8736,4/28/2025 17:43,29.86,3136,,,,,
8737,4/28/2025 17:44,29.86,3107.84,,,,,
8738,4/28/2025 17:45,29.9,3207.68,,,,,
8739,4/28/2025 17:46,29.86,3315.2,,,,,
8740,4/28/2025 17:47,29.9,3308.8,,,,,
8741,4/28/2025 17:48,29.9,3307.52,,,,,
8742,4/28/2025 17:49,29.9,3324.16,,,,,
8743,4/28/2025 17:50,29.86,3288.32,,,,,
8744,4/28/2025 17:51,29.94,3271.68,,,,,
8745,4/28/2025 17:52,29.9,3276.8,,,,,
8746,4/28/2025 17:53,29.9,3293.44,,,,,
8747,4/28/2025 17:54,29.86,3330.56,,,,,
8748,4/28/2025 17:55,29.9,3333.12,,,,,
8749,4/28/2025 17:56,29.9,3293.44,,,,,
8750,4/28/2025 17:57,29.9,3243.52,,,,,
8751,4/28/2025 17:58,29.9,3238.4,,,,,
8752,4/28/2025 17:59,29.94,3299.84,,,,,
8753,4/28/2025 18:00,29.9,3358.72,,,,,
8754,4/28/2025 18:01,29.94,3375.36,,,,,
8755,4/28/2025 18:02,29.94,3376.64,,,,,
8756,4/28/2025 18:03,29.94,3452.16,,,,,
8757,4/28/2025 18:04,29.94,3495.68,,,,,
8758,4/28/2025 18:05,29.94,3392,,,,,
8759,4/28/2025 18:06,29.9,3371.52,,,,,
8760,4/28/2025 18:07,29.94,3292.16,,,,,
8761,4/28/2025 18:08,29.94,3348.48,,,,,
8762,4/28/2025 18:09,29.94,3398.4,,,,,
8763,4/28/2025 18:10,29.94,3379.2,,,,,
8764,4/28/2025 18:11,29.94,3319.04,,,,,
8765,4/28/2025 18:12,29.9,3253.76,,,,,
8766,4/28/2025 18:13,29.94,3176.96,,,,,
8767,4/28/2025 18:14,29.94,3144.96,,,,,
8768,4/28/2025 18:15,29.98,3097.6,,,,,
8769,4/28/2025 18:16,29.94,3078.4,,,,,
8770,4/28/2025 18:17,29.94,3124.48,,,,,
8771,4/28/2025 18:18,29.94,2915.84,,,,,
8772,4/28/2025 18:19,29.98,3028.48,,,,,
8773,4/28/2025 18:20,29.9,3111.68,,,,,
8774,4/28/2025 18:21,29.94,3110.4,,,,,
8775,4/28/2025 18:22,29.94,3130.88,,,,,
8776,4/28/2025 18:23,29.94,3121.92,,,,,
8777,4/28/2025 18:24,29.94,3193.6,,,,,
8778,4/28/2025 18:25,29.94,3202.56,,,,,
8779,4/28/2025 18:26,29.98,3210.24,,,,,
8780,4/28/2025 18:27,29.94,3243.52,,,,,
8781,4/28/2025 18:28,29.94,3303.68,,,,,
8782,4/28/2025 18:29,29.94,3370.24,,,,,
8783,4/28/2025 18:30,29.98,3412.48,,,,,
8784,4/28/2025 18:31,30.03,3468.8,,,,,
8785,4/28/2025 18:32,29.98,3528.96,,,,,
8786,4/28/2025 18:33,29.94,3585.28,,,,,
8787,4/28/2025 18:34,29.98,3651.84,,,,,
8788,4/28/2025 18:35,29.98,3664.64,,,,,
8789,4/28/2025 18:36,30.03,3701.76,,,,,
8790,4/28/2025 18:37,29.94,3731.2,,,,,
8791,4/28/2025 18:38,30.03,3770.88,,,,,
8792,4/28/2025 18:39,29.98,3801.6,,,,,
8793,4/28/2025 18:40,30.03,3857.92,,,,,
8794,4/28/2025 18:41,30.03,3845.12,,,,,
8795,4/28/2025 18:42,30.03,3984.64,,,,,
8796,4/28/2025 18:43,29.98,4051.2,,,,,
8797,4/28/2025 18:44,29.98,4124.16,,,,,
8798,4/28/2025 18:45,30.03,3855.36,,,,,
8799,4/28/2025 18:46,30.03,3984.64,,,,,
8800,4/28/2025 18:47,30.03,4163.84,,,,,
8801,4/28/2025 18:48,30.03,4227.84,,,,,
8802,4/28/2025 18:49,30.03,4090.88,,,,,
8803,4/28/2025 18:50,30.07,3778.56,,,,,
8804,4/28/2025 18:51,29.98,3745.28,,,,,
8805,4/28/2025 18:52,30.07,3787.52,,,,,
8806,4/28/2025 18:53,29.98,4144.64,,,,,
8807,4/28/2025 18:54,30.07,4337.92,,,,,
8808,4/28/2025 18:55,30.03,4970.24,,,,,
8809,4/28/2025 18:56,30.03,4972.8,,,,,
8810,4/28/2025 18:57,30.07,5358.08,,,,,
8811,4/28/2025 18:58,30.11,5306.88,,,,,
8812,4/28/2025 18:59,30.07,4926.72,,,,,
8813,4/28/2025 19:00,30.11,5754.88,,,,,
8814,4/28/2025 19:01,30.11,4853.76,,,,,
8815,4/28/2025 19:02,30.07,4806.4,,,,,
8816,4/28/2025 19:03,30.11,4839.68,,,,,
8817,4/28/2025 19:04,30.16,4986.88,,,,,
8818,4/28/2025 19:05,30.11,5020.16,,,,,
8819,4/28/2025 19:06,30.16,5186.56,,,,,
8820,4/28/2025 19:07,30.16,5207.04,,,,,
8821,4/28/2025 19:08,30.11,5076.48,,,,,
8822,4/28/2025 19:09,30.11,5056,,,,,
8823,4/28/2025 19:10,30.16,4870.4,,,,,
8824,4/28/2025 19:11,30.11,4773.12,,,,,
8825,4/28/2025 19:12,30.16,4567.04,,,,,
8826,4/28/2025 19:13,30.16,4194.56,,,,,
8827,4/28/2025 19:14,30.11,4167.68,,,,,
8828,4/28/2025 19:15,30.11,4357.12,,,,,
8829,4/28/2025 19:16,30.16,4640,,,,,
8830,4/28/2025 19:17,30.16,5082.88,,,,,
8831,4/28/2025 19:18,30.11,5253.12,,,,,
8832,4/28/2025 19:19,30.16,5795.84,,,,,
8833,4/28/2025 19:20,30.16,6387.2,,,,,
8834,4/28/2025 19:21,30.2,6653.44,,,,,
8835,4/28/2025 19:22,30.24,7175.68,,,,,
8836,4/28/2025 19:23,30.24,7869.44,,,,,
8837,4/28/2025 19:24,30.28,8156.16,,,,,
8838,4/28/2025 19:25,30.28,8481.28,,,,,
8839,4/28/2025 19:26,30.28,8135.68,,,,,
8840,4/28/2025 19:27,30.28,7782.4,,,,,
8841,4/28/2025 19:28,30.33,7482.88,,,,,
8842,4/28/2025 19:29,30.28,7063.04,,,,,
8843,4/28/2025 19:30,30.37,7063.04,,,,,
8844,4/28/2025 19:31,30.33,7183.36,,,,,
8845,4/28/2025 19:32,30.28,7669.76,,,,,
8846,4/28/2025 19:33,30.33,8023.04,,,,,
8847,4/28/2025 19:34,30.33,9420.8,,,,,
8848,4/28/2025 19:35,30.41,9845.76,,,,,
8849,4/28/2025 19:36,30.41,9553.92,,,,,
8850,4/28/2025 19:37,30.41,8921.6,,,,,
8851,4/28/2025 19:38,30.41,9994.24,,,,,
8852,4/28/2025 19:39,30.41,11089.92,,,,,
8853,4/28/2025 19:40,30.46,11013.12,,,,,
8854,4/28/2025 19:41,30.5,10572.8,,,,,
8855,4/28/2025 19:42,30.41,11064.32,,,,,
8856,4/28/2025 19:43,30.41,9474.56,,,,,
8857,4/28/2025 19:44,30.41,9620.48,,,,,
8858,4/28/2025 19:45,30.46,10516.48,,,,,
8859,4/28/2025 19:46,30.5,11791.36,,,,,
8860,4/28/2025 19:47,30.5,11392,,,,,
8861,4/28/2025 19:48,30.5,13475.84,,,,,
8862,4/28/2025 19:49,30.54,13665.28,,,,,
8863,4/28/2025 19:50,30.59,12743.68,,,,,
8864,4/28/2025 19:51,30.5,9666.56,,,,,
8865,4/28/2025 19:52,30.54,11955.2,,,,,
8866,4/28/2025 19:53,30.59,14812.16,,,,,
8867,4/28/2025 19:54,30.67,16337.92,,,,,
8868,4/28/2025 19:55,30.63,13102.08,,,,,
8869,4/28/2025 19:56,30.63,11043.84,,,,,
8870,4/28/2025 19:57,30.59,11709.44,,,,,
8871,4/28/2025 19:58,30.63,10895.36,,,,,
8872,4/28/2025 19:59,30.63,12180.48,,,,,
8873,4/28/2025 20:00,30.59,15590.4,,,,,
8874,4/28/2025 20:01,30.63,11934.72,,,,,
8875,4/28/2025 20:02,30.63,11724.8,,,,,
8876,4/28/2025 20:03,30.67,13102.08,,,,,
8877,4/28/2025 20:04,30.59,12748.8,,,,,
8878,4/28/2025 20:05,30.67,15232,,,,,
8879,4/28/2025 20:06,30.67,13655.04,,,,,
8880,4/28/2025 20:07,30.71,18549.76,,,,,
8881,4/28/2025 20:08,30.76,14592,,,,,
8882,4/28/2025 20:09,30.76,13967.36,,,,,
8883,4/28/2025 20:10,30.71,12549.12,,,,,
8884,4/28/2025 20:11,30.67,11504.64,,,,,
8885,4/28/2025 20:12,30.67,8168.96,,,,,
8886,4/28/2025 20:13,30.63,6287.36,,,,,
8887,4/28/2025 20:14,30.54,6051.84,,,,,
8888,4/28/2025 20:15,30.59,6156.8,,,,,
8889,4/28/2025 20:16,30.59,6359.04,,,,,
8890,4/28/2025 20:17,30.5,6581.76,,,,,
8891,4/28/2025 20:18,30.54,6597.12,,,,,
8892,4/28/2025 20:19,30.54,6167.04,,,,,
8893,4/28/2025 20:20,30.5,5875.2,,,,,
8894,4/28/2025 20:21,30.54,5783.04,,,,,
8895,4/28/2025 20:22,30.54,5944.32,,,,,
8896,4/28/2025 20:23,30.5,6182.4,,,,,
8897,4/28/2025 20:24,30.54,7828.48,,,,,
8898,4/28/2025 20:25,30.59,6940.16,,,,,
8899,4/28/2025 20:26,30.54,8094.72,,,,,
8900,4/28/2025 20:27,30.67,11079.68,,,,,
8901,4/28/2025 20:28,30.71,19415.04,,,,,
8902,4/28/2025 20:29,30.8,17868.8,,,,,
8903,4/28/2025 20:30,30.84,17617.92,,,,,
8904,4/28/2025 20:31,30.84,18007.04,,,,,
8905,4/28/2025 20:32,30.84,10782.72,,,,,
8906,4/28/2025 20:33,30.71,8289.28,,,,,
8907,4/28/2025 20:34,30.76,8161.28,,,,,
8908,4/28/2025 20:35,30.71,10360.32,,,,,
8909,4/28/2025 20:36,30.76,13701.12,,,,,
8910,4/28/2025 20:37,30.8,14561.28,,,,,
8911,4/28/2025 20:38,30.76,10147.84,,,,,
8912,4/28/2025 20:39,30.76,8581.12,,,,,
8913,4/28/2025 20:40,30.71,9845.76,,,,,
8914,4/28/2025 20:41,30.71,13962.24,,,,,
8915,4/28/2025 20:42,30.76,8002.56,,,,,
8916,4/28/2025 20:43,30.71,19215.36,,,,,
8917,4/28/2025 20:44,30.84,19968,,,,,
8918,4/28/2025 20:45,30.93,24350.72,,,,,
8919,4/28/2025 20:46,30.97,15831.04,,,,,
8920,4/28/2025 20:47,30.97,14832.64,,,,,
8921,4/28/2025 20:48,30.93,17121.28,,,,,
8922,4/28/2025 20:49,30.97,20674.56,,,,,
8923,4/28/2025 20:50,31.06,21739.52,,,,,
8924,4/28/2025 20:51,31.01,17295.36,,,,,
8925,4/28/2025 20:52,31.06,22722.56,,,,,
8926,4/28/2025 20:53,31.1,19932.16,,,,,
8927,4/28/2025 20:54,31.06,17710.08,,,,,
8928,4/28/2025 20:55,31.01,13363.2,,,,,
8929,4/28/2025 20:56,31.06,16143.36,,,,,
8930,4/28/2025 20:57,31.06,17331.2,,,,,
8931,4/28/2025 20:58,31.06,16911.36,,,,,
8932,4/28/2025 20:59,31.1,19225.6,,,,,
8933,4/28/2025 21:00,31.1,15104,,,,,
8934,4/28/2025 21:01,31.06,15902.72,,,,,
8935,4/28/2025 21:02,30.93,7756.8,,,,,
8936,4/28/2025 21:03,30.89,7050.24,,,,,
8937,4/28/2025 21:04,30.93,9953.28,,,,,
8938,4/28/2025 21:05,30.8,5363.2,,,,,
8939,4/28/2025 21:06,30.76,4853.76,,,,,
8940,4/28/2025 21:07,30.76,4430.08,,,,,
8941,4/28/2025 21:08,30.76,4467.2,,,,,
8942,4/28/2025 21:09,30.76,5296.64,,,,,
8943,4/28/2025 21:10,30.76,5488.64,,,,,
8944,4/28/2025 21:11,30.71,7157.76,,,,,
8945,4/28/2025 21:12,30.71,4290.56,,,,,
8946,4/28/2025 21:13,30.71,5086.72,,,,,
8947,4/28/2025 21:14,30.67,5542.4,,,,,
8948,4/28/2025 21:15,30.67,5652.48,,,,,
8949,4/28/2025 21:16,30.71,6177.28,,,,,
8950,4/28/2025 21:17,30.71,8576,,,,,
8951,4/28/2025 21:18,30.76,8701.44,,,,,
8952,4/28/2025 21:19,30.8,7761.92,,,,,
8953,4/28/2025 21:20,30.76,7096.32,,,,,
8954,4/28/2025 21:21,30.8,6594.56,,,,,
8955,4/28/2025 21:22,30.8,7037.44,,,,,
8956,4/28/2025 21:23,30.76,7208.96,,,,,
8957,4/28/2025 21:24,30.76,7848.96,,,,,
8958,4/28/2025 21:25,30.8,7828.48,,,,,
8959,4/28/2025 21:26,30.8,7948.8,,,,,
8960,4/28/2025 21:27,30.8,8721.92,,,,,
8961,4/28/2025 21:28,30.8,8194.56,,,,,
8962,4/28/2025 21:29,30.84,6924.8,,,,,
8963,4/28/2025 21:30,30.8,6720,,,,,
8964,4/28/2025 21:31,30.28,106.32,,,,,
8965,4/28/2025 21:32,29,192.64,,,,,
8966,4/28/2025 21:32,,,,Logged,Logged,,
8967,4/28/2025 21:32,,,,,,Logged,Logged
