#,Date-Time (PDT),Temperature   (°C),Light   (lux),Started,Button Down,Button Up,Host Connected,End of File
1,04/22/2025 16:10:26,26.42,115.16,Logged,,,,
2,04/22/2025 16:11:26,25.99,14.74,,,,,
3,04/22/2025 16:12:26,24.88,14.76,,,,,
4,04/22/2025 16:13:26,24.32,15.38,,,,,
5,04/22/2025 16:14:26,23.94,15.58,,,,,
6,04/22/2025 16:15:26,23.64,15.99,,,,,
7,04/22/2025 16:16:26,23.46,15.99,,,,,
8,04/22/2025 16:17:26,23.34,16.40,,,,,
9,04/22/2025 16:18:26,23.29,16.40,,,,,
10,04/22/2025 16:19:26,23.25,15.79,,,,,
11,04/22/2025 16:20:26,23.16,15.58,,,,,
12,04/22/2025 16:21:26,23.16,16.81,,,,,
13,04/22/2025 16:22:26,23.16,16.20,,,,,
14,04/22/2025 16:23:26,23.16,16.20,,,,,
15,04/22/2025 16:24:26,23.21,16.40,,,,,
16,04/22/2025 16:25:26,23.25,16.81,,,,,
17,04/22/2025 16:26:26,23.29,17.22,,,,,
18,04/22/2025 16:27:26,23.29,16.61,,,,,
19,04/22/2025 16:28:26,23.29,16.40,,,,,
20,04/22/2025 16:29:26,23.34,16.81,,,,,
21,04/22/2025 16:30:26,23.38,16.40,,,,,
22,04/22/2025 16:31:26,23.38,16.40,,,,,
23,04/22/2025 16:32:26,23.42,17.84,,,,,
24,04/22/2025 16:33:26,23.46,18.65,,,,,
25,04/22/2025 16:34:26,23.46,18.45,,,,,
26,04/22/2025 16:35:26,23.51,18.25,,,,,
27,04/22/2025 16:36:26,23.51,17.02,,,,,
28,04/22/2025 16:37:26,23.51,16.81,,,,,
29,04/22/2025 16:38:26,23.55,17.02,,,,,
30,04/22/2025 16:39:26,23.59,17.84,,,,,
31,04/22/2025 16:40:26,23.59,18.25,,,,,
32,04/22/2025 16:41:26,23.64,18.25,,,,,
33,04/22/2025 16:42:26,24.62,2112.64,,,,,
34,04/22/2025 16:43:26,26.64,7303.68,,,,,
35,04/22/2025 16:44:26,26.98,427.04,,,,,
36,04/22/2025 16:45:26,28.40,7395.84,,,,,
37,04/22/2025 16:46:26,29.17,3764.48,,,,,
38,04/22/2025 16:47:26,29.64,3842.56,,,,,
39,04/22/2025 16:48:26,29.98,3504.64,,,,,
40,04/22/2025 16:49:26,30.24,3315.20,,,,,
41,04/22/2025 16:50:26,30.37,3429.12,,,,,
42,04/22/2025 16:51:26,30.54,3393.28,,,,,
43,04/22/2025 16:52:26,30.63,2990.08,,,,,
44,04/22/2025 16:53:26,30.67,2688.00,,,,,
45,04/22/2025 16:54:26,30.71,2181.76,,,,,
46,04/22/2025 16:55:26,30.76,2496.00,,,,,
47,04/22/2025 16:56:26,30.76,2491.52,,,,,
48,04/22/2025 16:57:26,30.80,2229.12,,,,,
49,04/22/2025 16:58:26,30.80,2276.48,,,,,
50,04/22/2025 16:59:26,30.80,2553.60,,,,,
51,04/22/2025 17:00:26,30.84,2935.04,,,,,
52,04/22/2025 17:01:26,30.84,2767.36,,,,,
53,04/22/2025 17:02:26,30.84,2992.64,,,,,
54,04/22/2025 17:03:26,30.80,2867.20,,,,,
55,04/22/2025 17:04:26,30.84,2726.40,,,,,
56,04/22/2025 17:05:26,30.89,2677.76,,,,,
57,04/22/2025 17:06:26,30.84,2946.56,,,,,
58,04/22/2025 17:07:26,30.84,2845.44,,,,,
59,04/22/2025 17:08:26,30.89,2555.52,,,,,
60,04/22/2025 17:09:26,30.89,3262.72,,,,,
61,04/22/2025 17:10:26,30.89,3138.56,,,,,
62,04/22/2025 17:11:26,30.93,3511.04,,,,,
63,04/22/2025 17:12:26,30.84,3823.36,,,,,
64,04/22/2025 17:13:26,30.89,3691.52,,,,,
65,04/22/2025 17:14:26,30.84,3198.72,,,,,
66,04/22/2025 17:15:26,30.89,2922.24,,,,,
67,04/22/2025 17:16:26,30.89,2960.64,,,,,
68,04/22/2025 17:17:26,30.93,3416.32,,,,,
69,04/22/2025 17:18:26,30.89,3445.76,,,,,
70,04/22/2025 17:19:26,30.93,3443.20,,,,,
71,04/22/2025 17:20:26,30.93,3845.12,,,,,
72,04/22/2025 17:21:26,30.93,3502.08,,,,,
73,04/22/2025 17:22:26,30.93,3960.32,,,,,
74,04/22/2025 17:23:26,30.89,3304.96,,,,,
75,04/22/2025 17:24:26,30.93,3000.32,,,,,
76,04/22/2025 17:25:26,30.93,2940.16,,,,,
77,04/22/2025 17:26:26,30.93,2901.76,,,,,
78,04/22/2025 17:27:26,30.93,2453.76,,,,,
79,04/22/2025 17:28:26,30.93,2515.84,,,,,
80,04/22/2025 17:29:26,30.97,2743.04,,,,,
81,04/22/2025 17:30:26,30.93,3024.64,,,,,
82,04/22/2025 17:31:26,30.97,3682.56,,,,,
83,04/22/2025 17:32:26,30.93,4113.92,,,,,
84,04/22/2025 17:33:26,30.97,4212.48,,,,,
85,04/22/2025 17:34:26,30.97,4069.12,,,,,
86,04/22/2025 17:35:26,30.97,3651.84,,,,,
87,04/22/2025 17:36:26,31.01,2947.84,,,,,
88,04/22/2025 17:37:26,30.97,3265.28,,,,,
89,04/22/2025 17:38:26,31.01,3279.36,,,,,
90,04/22/2025 17:39:26,30.97,2693.12,,,,,
91,04/22/2025 17:40:26,31.01,2649.60,,,,,
92,04/22/2025 17:41:26,30.93,2494.72,,,,,
93,04/22/2025 17:42:26,30.93,2643.20,,,,,
94,04/22/2025 17:43:26,31.01,3006.72,,,,,
95,04/22/2025 17:44:26,30.97,3712.00,,,,,
96,04/22/2025 17:45:26,30.97,3275.52,,,,,
97,04/22/2025 17:46:26,30.93,3059.20,,,,,
98,04/22/2025 17:47:26,31.06,3228.16,,,,,
99,04/22/2025 17:48:26,31.01,3013.12,,,,,
100,04/22/2025 17:49:26,31.01,2649.60,,,,,
101,04/22/2025 17:50:26,31.06,2504.32,,,,,
102,04/22/2025 17:51:26,30.97,2550.40,,,,,
103,04/22/2025 17:52:26,31.01,2958.08,,,,,
104,04/22/2025 17:53:26,31.06,3080.96,,,,,
105,04/22/2025 17:54:26,31.01,3162.88,,,,,
106,04/22/2025 17:55:26,31.06,3449.60,,,,,
107,04/22/2025 17:56:26,31.06,3672.32,,,,,
108,04/22/2025 17:57:26,31.06,3639.04,,,,,
109,04/22/2025 17:58:26,31.10,3458.56,,,,,
110,04/22/2025 17:59:26,31.06,3146.24,,,,,
111,04/22/2025 18:00:26,31.06,2661.12,,,,,
112,04/22/2025 18:01:26,31.06,2611.20,,,,,
113,04/22/2025 18:02:26,31.10,3272.96,,,,,
114,04/22/2025 18:03:26,31.06,3829.76,,,,,
115,04/22/2025 18:04:26,31.06,3537.92,,,,,
116,04/22/2025 18:05:26,31.06,3328.00,,,,,
117,04/22/2025 18:06:26,31.10,3973.12,,,,,
118,04/22/2025 18:07:26,31.06,3855.36,,,,,
119,04/22/2025 18:08:26,31.06,3548.16,,,,,
120,04/22/2025 18:09:26,31.01,3121.92,,,,,
121,04/22/2025 18:10:26,31.06,3718.40,,,,,
122,04/22/2025 18:11:26,31.10,4121.60,,,,,
123,04/22/2025 18:12:26,31.10,3567.36,,,,,
124,04/22/2025 18:13:26,31.10,3993.60,,,,,
125,04/22/2025 18:14:26,31.14,4000.00,,,,,
126,04/22/2025 18:15:26,31.10,4956.16,,,,,
127,04/22/2025 18:16:26,31.14,5445.12,,,,,
128,04/22/2025 18:17:26,31.14,4802.56,,,,,
129,04/22/2025 18:18:26,31.10,3891.20,,,,,
130,04/22/2025 18:19:26,31.14,4821.76,,,,,
131,04/22/2025 18:20:26,31.19,4321.28,,,,,
132,04/22/2025 18:21:26,31.19,3907.84,,,,,
133,04/22/2025 18:22:26,31.06,3891.20,,,,,
134,04/22/2025 18:23:26,31.14,3937.28,,,,,
135,04/22/2025 18:24:26,31.14,3878.40,,,,,
136,04/22/2025 18:25:26,31.14,3947.52,,,,,
137,04/22/2025 18:26:26,31.10,4544.00,,,,,
138,04/22/2025 18:27:26,31.14,4727.04,,,,,
139,04/22/2025 18:28:26,31.14,3744.00,,,,,
140,04/22/2025 18:29:26,31.14,3825.92,,,,,
141,04/22/2025 18:30:26,31.14,3976.96,,,,,
142,04/22/2025 18:31:26,31.19,3793.92,,,,,
143,04/22/2025 18:32:26,31.19,3682.56,,,,,
144,04/22/2025 18:33:26,31.14,3701.76,,,,,
145,04/22/2025 18:34:26,31.14,3015.68,,,,,
146,04/22/2025 18:35:26,31.14,2234.24,,,,,
147,04/22/2025 18:36:26,31.19,3796.48,,,,,
148,04/22/2025 18:37:26,31.19,3436.80,,,,,
149,04/22/2025 18:38:26,31.19,3456.00,,,,,
150,04/22/2025 18:39:26,31.19,4090.88,,,,,
151,04/22/2025 18:40:26,31.23,5073.92,,,,,
152,04/22/2025 18:41:26,31.23,5611.52,,,,,
153,04/22/2025 18:42:26,31.23,4960.00,,,,,
154,04/22/2025 18:43:26,31.19,4422.40,,,,,
155,04/22/2025 18:44:26,31.23,4529.92,,,,,
156,04/22/2025 18:45:26,31.23,5064.96,,,,,
157,04/22/2025 18:46:26,31.23,4769.28,,,,,
158,04/22/2025 18:47:26,31.23,5281.28,,,,,
159,04/22/2025 18:48:26,31.23,5248.00,,,,,
160,04/22/2025 18:49:26,31.31,5880.32,,,,,
161,04/22/2025 18:50:26,31.31,3783.68,,,,,
162,04/22/2025 18:51:26,31.27,3927.04,,,,,
163,04/22/2025 18:52:26,31.27,3878.40,,,,,
164,04/22/2025 18:53:26,31.23,3770.88,,,,,
165,04/22/2025 18:54:26,31.23,3970.56,,,,,
166,04/22/2025 18:55:26,31.23,4336.64,,,,,
167,04/22/2025 18:56:26,31.23,4084.48,,,,,
168,04/22/2025 18:57:26,31.27,7168.00,,,,,
169,04/22/2025 18:58:26,31.31,7272.96,,,,,
170,04/22/2025 18:59:26,31.31,5885.44,,,,,
171,04/22/2025 19:00:26,31.27,5601.28,,,,,
172,04/22/2025 19:01:26,31.31,4609.28,,,,,
173,04/22/2025 19:02:26,31.27,4130.56,,,,,
174,04/22/2025 19:03:26,31.23,2492.80,,,,,
175,04/22/2025 19:04:26,31.23,4195.84,,,,,
176,04/22/2025 19:05:26,31.27,4485.12,,,,,
177,04/22/2025 19:06:26,31.27,2451.84,,,,,
178,04/22/2025 19:07:26,31.27,5411.84,,,,,
179,04/22/2025 19:08:26,31.27,5322.24,,,,,
180,04/22/2025 19:09:26,31.31,4865.28,,,,,
181,04/22/2025 19:10:26,31.31,5178.88,,,,,
182,04/22/2025 19:11:26,31.31,5575.68,,,,,
183,04/22/2025 19:12:26,31.27,5667.84,,,,,
184,04/22/2025 19:13:26,31.31,5470.72,,,,,
185,04/22/2025 19:14:26,31.36,5363.20,,,,,
186,04/22/2025 19:15:26,31.31,5195.52,,,,,
187,04/22/2025 19:16:26,31.36,5378.56,,,,,
188,04/22/2025 19:17:26,31.40,5440.00,,,,,
189,04/22/2025 19:18:26,31.36,5539.84,,,,,
190,04/22/2025 19:19:26,31.31,5711.36,,,,,
191,04/22/2025 19:20:26,31.31,5580.80,,,,,
192,04/22/2025 19:21:26,31.36,5317.12,,,,,
193,04/22/2025 19:22:26,31.40,5153.28,,,,,
194,04/22/2025 19:23:26,31.40,5205.76,,,,,
195,04/22/2025 19:24:26,31.36,5521.92,,,,,
196,04/22/2025 19:25:26,31.36,5096.96,,,,,
197,04/22/2025 19:26:26,31.31,2465.28,,,,,
198,04/22/2025 19:27:26,31.36,6366.72,,,,,
199,04/22/2025 19:28:26,31.40,6307.84,,,,,
200,04/22/2025 19:29:26,31.40,6231.04,,,,,
201,04/22/2025 19:30:26,31.40,6049.28,,,,,
202,04/22/2025 19:31:26,31.44,5972.48,,,,,
203,04/22/2025 19:32:26,31.40,6141.44,,,,,
204,04/22/2025 19:33:26,31.44,6760.96,,,,,
205,04/22/2025 19:34:26,31.44,7016.96,,,,,
206,04/22/2025 19:35:26,31.44,5957.12,,,,,
207,04/22/2025 19:36:26,31.44,7631.36,,,,,
208,04/22/2025 19:37:26,31.44,8084.48,,,,,
209,04/22/2025 19:38:26,31.49,8634.88,,,,,
210,04/22/2025 19:39:26,31.44,8373.76,,,,,
211,04/22/2025 19:40:26,31.49,8496.64,,,,,
212,04/22/2025 19:41:26,31.53,8353.28,,,,,
213,04/22/2025 19:42:26,31.49,8017.92,,,,,
214,04/22/2025 19:43:26,31.53,7626.24,,,,,
215,04/22/2025 19:44:26,31.49,7718.40,,,,,
216,04/22/2025 19:45:26,31.49,8307.20,,,,,
217,04/22/2025 19:46:26,31.49,8104.96,,,,,
218,04/22/2025 19:47:26,31.53,9021.44,,,,,
219,04/22/2025 19:48:26,31.57,8806.40,,,,,
220,04/22/2025 19:49:26,31.44,3013.12,,,,,
221,04/22/2025 19:50:26,31.49,10024.96,,,,,
222,04/22/2025 19:51:26,31.57,7311.36,,,,,
223,04/22/2025 19:52:26,31.57,10685.44,,,,,
224,04/22/2025 19:53:26,31.61,10598.40,,,,,
225,04/22/2025 19:54:26,31.57,11033.60,,,,,
226,04/22/2025 19:55:26,31.57,9630.72,,,,,
227,04/22/2025 19:56:26,31.49,4674.56,,,,,
228,04/22/2025 19:57:26,31.53,6315.52,,,,,
229,04/22/2025 19:58:26,31.53,10273.28,,,,,
230,04/22/2025 19:59:26,31.61,9533.44,,,,,
231,04/22/2025 20:00:26,31.70,10869.76,,,,,
232,04/22/2025 20:01:26,31.61,8542.72,,,,,
233,04/22/2025 20:02:26,31.57,6341.12,,,,,
234,04/22/2025 20:03:26,31.61,9328.64,,,,,
235,04/22/2025 20:04:26,31.61,9256.96,,,,,
236,04/22/2025 20:05:26,31.66,10854.40,,,,,
237,04/22/2025 20:06:26,31.61,5813.76,,,,,
238,04/22/2025 20:07:26,31.66,12108.80,,,,,
239,04/22/2025 20:08:26,31.70,12728.32,,,,,
240,04/22/2025 20:09:26,31.74,12364.80,,,,,
241,04/22/2025 20:10:26,31.74,11248.64,,,,,
242,04/22/2025 20:11:26,31.74,11340.80,,,,,
243,04/22/2025 20:12:26,31.79,11361.28,,,,,
244,04/22/2025 20:13:26,31.74,5440.00,,,,,
245,04/22/2025 20:14:26,31.74,12344.32,,,,,
246,04/22/2025 20:15:26,31.79,12334.08,,,,,
247,04/22/2025 20:16:26,31.83,11228.16,,,,,
248,04/22/2025 20:17:26,31.83,8197.12,,,,,
249,04/22/2025 20:18:26,31.70,12380.16,,,,,
250,04/22/2025 20:19:26,31.79,12559.36,,,,,
251,04/22/2025 20:20:26,31.79,13122.56,,,,,
252,04/22/2025 20:21:26,31.83,13593.60,,,,,
253,04/22/2025 20:22:26,31.87,13711.36,,,,,
254,04/22/2025 20:23:26,31.87,13143.04,,,,,
255,04/22/2025 20:24:26,31.87,13137.92,,,,,
256,04/22/2025 20:25:26,31.83,13716.48,,,,,
257,04/22/2025 20:26:26,31.87,13798.40,,,,,
258,04/22/2025 20:27:26,31.92,14668.80,,,,,
259,04/22/2025 20:28:26,31.92,14453.76,,,,,
260,04/22/2025 20:29:26,31.96,14643.20,,,,,
261,04/22/2025 20:30:26,31.96,14858.24,,,,,
262,04/22/2025 20:31:26,31.96,15467.52,,,,,
263,04/22/2025 20:32:26,31.96,15580.16,,,,,
264,04/22/2025 20:33:26,31.87,15887.36,,,,,
265,04/22/2025 20:34:26,32.00,16942.08,,,,,
266,04/22/2025 20:35:26,32.00,14039.04,,,,,
267,04/22/2025 20:36:26,32.00,17111.04,,,,,
268,04/22/2025 20:37:26,32.00,15180.80,,,,,
269,04/22/2025 20:38:26,31.96,15738.88,,,,,
270,04/22/2025 20:39:26,31.96,16465.92,,,,,
271,04/22/2025 20:40:26,32.09,16184.32,,,,,
272,04/22/2025 20:41:26,32.09,15600.64,,,,,
273,04/22/2025 20:42:26,32.04,12037.12,,,,,
274,04/22/2025 20:43:26,31.96,5639.68,,,,,
275,04/22/2025 20:44:26,31.83,9546.24,,,,,
276,04/22/2025 20:45:26,31.87,14008.32,,,,,
277,04/22/2025 20:46:26,31.96,14090.24,,,,,
278,04/22/2025 20:47:26,32.00,13598.72,,,,,
279,04/22/2025 20:48:26,32.00,13465.60,,,,,
280,04/22/2025 20:49:26,32.00,13173.76,,,,,
281,04/22/2025 20:50:26,32.04,13178.88,,,,,
282,04/22/2025 20:51:26,32.04,13199.36,,,,,
283,04/22/2025 20:52:26,32.04,13312.00,,,,,
284,04/22/2025 20:53:26,32.09,13952.00,,,,,
285,04/22/2025 20:54:26,32.04,10260.48,,,,,
286,04/22/2025 20:55:26,31.92,6138.88,,,,,
287,04/22/2025 20:56:26,31.96,8629.76,,,,,
288,04/22/2025 20:57:26,32.00,15815.68,,,,,
289,04/22/2025 20:58:26,32.04,14858.24,,,,,
290,04/22/2025 20:59:26,32.09,14499.84,,,,,
291,04/22/2025 21:00:26,32.04,15083.52,,,,,
292,04/22/2025 21:01:26,32.09,15467.52,,,,,
293,04/22/2025 21:02:26,32.09,15380.48,,,,,
294,04/22/2025 21:03:26,32.04,15134.72,,,,,
295,04/22/2025 21:04:26,32.09,15262.72,,,,,
296,04/22/2025 21:05:26,32.13,15590.40,,,,,
297,04/22/2025 21:06:26,32.13,16307.20,,,,,
298,04/22/2025 21:07:26,32.17,16501.76,,,,,
299,04/22/2025 21:08:26,32.09,15590.40,,,,,
300,04/22/2025 21:09:26,32.17,15912.96,,,,,
301,04/22/2025 21:10:26,32.00,12241.92,,,,,
302,04/22/2025 21:11:26,32.09,18088.96,,,,,
303,04/22/2025 21:12:26,32.17,17576.96,,,,,
304,04/22/2025 21:13:26,32.13,17008.64,,,,,
305,04/22/2025 21:14:26,32.17,16645.12,,,,,
306,04/22/2025 21:15:26,32.17,16747.52,,,,,
307,04/22/2025 21:16:26,32.17,16870.40,,,,,
308,04/22/2025 21:17:26,32.17,17228.80,,,,,
309,04/22/2025 21:18:26,32.13,17249.28,,,,,
310,04/22/2025 21:19:26,32.13,17387.52,,,,,
311,04/22/2025 21:20:26,32.13,17320.96,,,,,
312,04/22/2025 21:21:26,32.17,11550.72,,,,,
313,04/22/2025 21:22:26,32.17,18877.44,,,,,
314,04/22/2025 21:23:26,32.22,20157.44,,,,,
315,04/22/2025 21:24:26,32.22,19686.40,,,,,
316,04/22/2025 21:25:26,32.22,16097.28,,,,,
317,04/22/2025 21:26:26,32.04,5132.80,,,,,
318,04/22/2025 21:27:26,32.09,19379.20,,,,,
319,04/22/2025 21:28:26,32.22,19932.16,,,,,
320,04/22/2025 21:29:26,32.22,20546.56,,,,,
321,04/22/2025 21:30:26,32.26,20131.84,,,,,
322,04/22/2025 21:31:26,31.96,3223.04,,,,,
323,04/22/2025 21:32:26,32.13,21544.96,,,,,
324,04/22/2025 21:33:26,32.22,21493.76,,,,,
325,04/22/2025 21:34:26,32.26,21596.16,,,,,
326,04/22/2025 21:35:26,32.30,21944.32,,,,,
327,04/22/2025 21:36:26,32.22,21493.76,,,,,
328,04/22/2025 21:37:26,32.22,21370.88,,,,,
329,04/22/2025 21:38:26,32.30,21002.24,,,,,
330,04/22/2025 21:39:26,32.22,21125.12,,,,,
331,04/22/2025 21:40:26,32.26,21288.96,,,,,
332,04/22/2025 21:41:26,32.26,17500.16,,,,,
333,04/22/2025 21:42:26,32.22,21678.08,,,,,
334,04/22/2025 21:43:26,32.09,13644.80,,,,,
335,04/22/2025 21:44:26,32.04,6773.76,,,,,
336,04/22/2025 21:45:26,32.09,20695.04,,,,,
337,04/22/2025 21:46:26,32.09,19921.92,,,,,
338,04/22/2025 21:47:26,32.17,19461.12,,,,,
339,04/22/2025 21:48:26,32.22,19512.32,,,,,
340,04/22/2025 21:49:26,32.22,20858.88,,,,,
341,04/22/2025 21:50:26,32.22,20551.68,,,,,
342,04/22/2025 21:51:26,32.22,19660.80,,,,,
343,04/22/2025 21:52:26,32.17,17203.20,,,,,
344,04/22/2025 21:53:26,32.17,16588.80,,,,,
345,04/22/2025 21:54:26,32.22,19496.96,,,,,
346,04/22/2025 21:55:26,32.22,18933.76,,,,,
347,04/22/2025 21:56:26,32.26,18396.16,,,,,
348,04/22/2025 21:57:26,32.30,21504.00,,,,,
349,04/22/2025 21:58:26,32.26,23101.44,,,,,
350,04/22/2025 21:59:26,32.17,6223.36,,,,,
351,04/22/2025 22:00:26,32.00,6003.20,,,,,
352,04/22/2025 22:01:26,31.87,5542.40,,,,,
353,04/22/2025 22:02:26,31.83,3708.16,,,,,
354,04/22/2025 22:03:26,31.70,2915.84,,,,,
355,04/22/2025 22:04:26,31.66,3443.20,,,,,
356,04/22/2025 22:05:26,31.70,7488.00,,,,,
357,04/22/2025 22:06:26,31.79,17740.80,,,,,
358,04/22/2025 22:07:26,32.00,21504.00,,,,,
359,04/22/2025 22:08:26,32.04,21944.32,,,,,
360,04/22/2025 22:09:26,32.13,20244.48,,,,,
361,04/22/2025 22:10:26,32.17,20085.76,,,,,
362,04/22/2025 22:11:26,32.17,19952.64,,,,,
363,04/22/2025 22:12:26,32.17,20270.08,,,,,
364,04/22/2025 22:13:26,32.17,20049.92,,,,,
365,04/22/2025 22:14:26,32.22,19865.60,,,,,
366,04/22/2025 22:15:26,32.17,20034.56,,,,,
367,04/22/2025 22:16:26,32.26,19394.56,,,,,
368,04/22/2025 22:17:26,32.17,19584.00,,,,,
369,04/22/2025 22:18:26,32.22,19420.16,,,,,
370,04/22/2025 22:19:26,32.17,19952.64,,,,,
371,04/22/2025 22:20:26,32.22,20433.92,,,,,
372,04/22/2025 22:21:26,32.17,19706.88,,,,,
373,04/22/2025 22:22:26,32.22,19307.52,,,,,
374,04/22/2025 22:23:26,32.17,19235.84,,,,,
375,04/22/2025 22:24:26,32.22,19660.80,,,,,
376,04/22/2025 22:25:26,32.17,20014.08,,,,,
377,04/22/2025 22:26:26,32.13,19563.52,,,,,
378,04/22/2025 22:27:26,32.17,19706.88,,,,,
379,04/22/2025 22:28:26,32.09,19850.24,,,,,
380,04/22/2025 22:29:26,31.92,4428.80,,,,,
381,04/22/2025 22:30:26,31.96,18841.60,,,,,
382,04/22/2025 22:31:26,32.04,18073.60,,,,,
383,04/22/2025 22:32:26,32.09,17807.36,,,,,
384,04/22/2025 22:33:26,32.04,17167.36,,,,,
385,04/22/2025 22:34:26,32.04,16752.64,,,,,
386,04/22/2025 22:35:26,32.09,17039.36,,,,,
387,04/22/2025 22:36:26,31.83,6622.72,,,,,
388,04/22/2025 22:37:26,31.87,6430.72,,,,,
389,04/22/2025 22:38:26,31.79,4723.20,,,,,
390,04/22/2025 22:39:26,31.92,19072.00,,,,,
391,04/22/2025 22:40:26,32.00,10813.44,,,,,
392,04/22/2025 22:41:26,31.96,19614.72,,,,,
393,04/22/2025 22:42:26,32.04,19404.80,,,,,
394,04/22/2025 22:43:26,32.04,19609.60,,,,,
395,04/22/2025 22:44:26,31.83,3987.20,,,,,
396,04/22/2025 22:45:26,31.74,3374.08,,,,,
397,04/22/2025 22:46:26,31.87,19543.04,,,,,
398,04/22/2025 22:47:26,31.92,19425.28,,,,,
399,04/22/2025 22:48:26,32.00,18984.96,,,,,
400,04/22/2025 22:49:26,31.87,18775.04,,,,,
401,04/22/2025 22:50:26,31.92,14453.76,,,,,
402,04/22/2025 22:51:26,31.79,6807.04,,,,,
403,04/22/2025 22:52:26,31.83,18319.36,,,,,
404,04/22/2025 22:53:26,31.92,17346.56,,,,,
405,04/22/2025 22:54:26,31.92,17249.28,,,,,
406,04/22/2025 22:55:26,31.83,5647.36,,,,,
407,04/22/2025 22:56:26,31.70,8058.88,,,,,
408,04/22/2025 22:57:26,31.61,5672.96,,,,,
409,04/22/2025 22:58:26,31.83,16665.60,,,,,
410,04/22/2025 22:59:26,31.92,16081.92,,,,,
411,04/22/2025 23:00:26,31.92,15677.44,,,,,
412,04/22/2025 23:01:26,31.92,15784.96,,,,,
413,04/22/2025 23:02:26,31.92,14274.56,,,,,
414,04/22/2025 23:03:26,31.79,8634.88,,,,,
415,04/22/2025 23:04:26,31.74,6814.72,,,,,
416,04/22/2025 23:05:26,31.66,7928.32,,,,,
417,04/22/2025 23:06:26,31.66,7744.00,,,,,
418,04/22/2025 23:07:26,31.61,3334.40,,,,,
419,04/22/2025 23:08:26,31.49,3006.72,,,,,
420,04/22/2025 23:09:26,31.44,3079.68,,,,,
421,04/22/2025 23:10:26,31.49,3777.28,,,,,
422,04/22/2025 23:11:26,31.57,11694.08,,,,,
423,04/22/2025 23:12:26,31.61,8248.32,,,,,
424,04/22/2025 23:13:26,31.57,3521.28,,,,,
425,04/22/2025 23:14:26,31.44,2240.64,,,,,
426,04/22/2025 23:15:26,31.57,12538.88,,,,,
427,04/22/2025 23:16:26,31.61,11873.28,,,,,
428,04/22/2025 23:17:26,31.53,4058.88,,,,,
429,04/22/2025 23:18:26,31.44,3123.20,,,,,
430,04/22/2025 23:19:26,31.40,2094.72,,,,,
431,04/22/2025 23:20:26,31.40,1755.52,,,,,
432,04/22/2025 23:21:26,31.36,1765.76,,,,,
433,04/22/2025 23:22:26,31.36,1759.36,,,,,
434,04/22/2025 23:23:26,31.36,1845.76,,,,,
435,04/22/2025 23:24:26,31.36,2439.04,,,,,
436,04/22/2025 23:25:26,31.31,2224.00,,,,,
437,04/22/2025 23:26:26,31.31,3308.80,,,,,
438,04/22/2025 23:27:26,31.31,3914.24,,,,,
439,04/22/2025 23:28:26,31.36,4330.24,,,,,
440,04/22/2025 23:29:26,31.44,6092.80,,,,,
441,04/22/2025 23:30:26,31.40,7744.00,,,,,
442,04/22/2025 23:31:26,31.49,7567.36,,,,,
443,04/22/2025 23:32:26,31.44,7408.64,,,,,
444,04/22/2025 23:33:26,31.44,3436.80,,,,,
445,04/22/2025 23:34:26,31.40,4609.28,,,,,
446,04/22/2025 23:35:26,31.40,2011.52,,,,,
447,04/22/2025 23:36:26,31.31,1409.28,,,,,
448,04/22/2025 23:37:26,31.31,3733.76,,,,,
449,04/22/2025 23:38:26,31.36,3731.20,,,,,
450,04/22/2025 23:39:26,31.31,3485.44,,,,,
451,04/22/2025 23:40:26,31.31,3390.72,,,,,
452,04/22/2025 23:41:26,31.27,3253.76,,,,,
453,04/22/2025 23:42:26,31.31,2755.84,,,,,
454,04/22/2025 23:43:26,31.31,2904.32,,,,,
455,04/22/2025 23:44:26,31.31,2942.72,,,,,
456,04/22/2025 23:45:26,31.27,3239.68,,,,,
457,04/22/2025 23:46:26,31.31,3082.24,,,,,
458,04/22/2025 23:47:26,31.27,2888.96,,,,,
459,04/22/2025 23:48:26,31.31,2881.28,,,,,
460,04/22/2025 23:49:26,31.27,2708.48,,,,,
461,04/22/2025 23:50:26,31.23,2474.88,,,,,
462,04/22/2025 23:51:26,31.19,2611.20,,,,,
463,04/22/2025 23:52:26,31.23,2681.60,,,,,
464,04/22/2025 23:53:26,31.23,2863.36,,,,,
465,04/22/2025 23:54:26,31.23,2792.96,,,,,
466,04/22/2025 23:55:26,31.23,2836.48,,,,,
467,04/22/2025 23:56:26,31.23,2570.24,,,,,
468,04/22/2025 23:57:26,31.23,2664.96,,,,,
469,04/22/2025 23:58:26,31.19,2922.24,,,,,
470,04/22/2025 23:59:26,31.23,3472.64,,,,,
471,04/23/2025 00:00:26,31.23,3498.24,,,,,
472,04/23/2025 00:01:26,31.27,3374.08,,,,,
473,04/23/2025 00:02:26,31.23,3116.80,,,,,
474,04/23/2025 00:03:26,31.23,2818.56,,,,,
475,04/23/2025 00:04:26,31.19,2514.56,,,,,
476,04/23/2025 00:05:26,31.19,2304.64,,,,,
477,04/23/2025 00:06:26,31.14,2080.00,,,,,
478,04/23/2025 00:07:26,31.14,1889.92,,,,,
479,04/23/2025 00:08:26,31.23,1786.88,,,,,
480,04/23/2025 00:09:26,31.14,1737.60,,,,,
481,04/23/2025 00:10:26,31.14,1652.48,,,,,
482,04/23/2025 00:11:26,31.14,1601.28,,,,,
483,04/23/2025 00:12:26,31.10,1523.84,,,,,
484,04/23/2025 00:13:26,31.14,1449.60,,,,,
485,04/23/2025 00:14:26,31.14,1415.68,,,,,
486,04/23/2025 00:15:26,31.10,1397.76,,,,,
487,04/23/2025 00:16:26,31.10,1359.36,,,,,
488,04/23/2025 00:17:26,31.10,1415.04,,,,,
489,04/23/2025 00:18:26,31.10,1438.72,,,,,
490,04/23/2025 00:19:26,31.10,1452.16,,,,,
491,04/23/2025 00:20:26,31.10,1457.92,,,,,
492,04/23/2025 00:21:26,31.14,1496.96,,,,,
493,04/23/2025 00:22:26,31.10,1622.40,,,,,
494,04/23/2025 00:23:26,31.10,1755.52,,,,,
495,04/23/2025 00:24:26,31.10,1895.04,,,,,
496,04/23/2025 00:25:26,31.10,2003.20,,,,,
497,04/23/2025 00:26:26,31.10,2009.60,,,,,
498,04/23/2025 00:27:26,31.10,1932.80,,,,,
499,04/23/2025 00:28:26,31.10,1866.88,,,,,
500,04/23/2025 00:29:26,31.14,1795.20,,,,,
501,04/23/2025 00:30:26,31.10,1722.88,,,,,
502,04/23/2025 00:31:26,31.06,1642.88,,,,,
503,04/23/2025 00:32:26,31.10,1596.80,,,,,
504,04/23/2025 00:33:26,31.10,1597.44,,,,,
505,04/23/2025 00:34:26,31.10,1628.16,,,,,
506,04/23/2025 00:35:26,31.10,1657.60,,,,,
507,04/23/2025 00:36:26,31.10,1657.60,,,,,
508,04/23/2025 00:37:26,31.06,1585.28,,,,,
509,04/23/2025 00:38:26,31.10,1414.40,,,,,
510,04/23/2025 00:39:26,31.06,1350.40,,,,,
511,04/23/2025 00:40:26,31.06,1374.08,,,,,
512,04/23/2025 00:41:26,31.10,1352.96,,,,,
513,04/23/2025 00:42:26,31.06,1289.92,,,,,
514,04/23/2025 00:43:26,31.01,1214.40,,,,,
515,04/23/2025 00:44:26,31.06,1168.00,,,,,
516,04/23/2025 00:45:26,31.06,1130.88,,,,,
517,04/23/2025 00:46:26,31.06,1104.00,,,,,
518,04/23/2025 00:47:26,31.06,1092.48,,,,,
519,04/23/2025 00:48:26,31.01,1045.12,,,,,
520,04/23/2025 00:49:26,31.01,1012.16,,,,,
521,04/23/2025 00:50:26,30.93,987.52,,,,,
522,04/23/2025 00:51:26,31.06,1001.60,,,,,
523,04/23/2025 00:52:26,31.01,1158.08,,,,,
524,04/23/2025 00:53:26,31.01,1214.40,,,,,
525,04/23/2025 00:54:26,31.01,1194.88,,,,,
526,04/23/2025 00:55:26,31.01,1149.12,,,,,
527,04/23/2025 00:56:26,30.97,1165.44,,,,,
528,04/23/2025 00:57:26,31.01,1209.60,,,,,
529,04/23/2025 00:58:26,30.93,1164.48,,,,,
530,04/23/2025 00:59:26,31.01,1117.12,,,,,
531,04/23/2025 01:00:26,30.97,1086.72,,,,,
532,04/23/2025 01:01:26,30.93,1070.40,,,,,
533,04/23/2025 01:02:26,30.97,1062.08,,,,,
534,04/23/2025 01:03:26,30.97,1063.68,,,,,
535,04/23/2025 01:04:26,30.93,1060.48,,,,,
536,04/23/2025 01:05:26,30.97,1054.72,,,,,
537,04/23/2025 01:06:26,30.93,854.08,,,,,
538,04/23/2025 01:07:26,30.97,878.72,,,,,
539,04/23/2025 01:08:26,30.93,959.04,,,,,
540,04/23/2025 01:09:26,30.97,861.44,,,,,
541,04/23/2025 01:10:26,30.93,1040.96,,,,,
542,04/23/2025 01:11:26,30.89,1043.20,,,,,
543,04/23/2025 01:12:26,30.89,1012.16,,,,,
544,04/23/2025 01:13:26,30.97,848.32,,,,,
545,04/23/2025 01:14:26,30.93,824.64,,,,,
546,04/23/2025 01:15:26,30.89,844.16,,,,,
547,04/23/2025 01:16:26,30.89,1008.96,,,,,
548,04/23/2025 01:17:26,30.93,1162.24,,,,,
549,04/23/2025 01:18:26,30.93,1256.32,,,,,
550,04/23/2025 01:19:26,30.97,1397.76,,,,,
551,04/23/2025 01:20:26,30.93,1362.56,,,,,
552,04/23/2025 01:21:26,30.89,1224.32,,,,,
553,04/23/2025 01:22:26,30.89,1114.56,,,,,
554,04/23/2025 01:23:26,30.89,1082.56,,,,,
555,04/23/2025 01:24:26,30.84,981.12,,,,,
556,04/23/2025 01:25:26,30.89,852.48,,,,,
557,04/23/2025 01:26:26,30.89,757.44,,,,,
558,04/23/2025 01:27:26,30.84,773.76,,,,,
559,04/23/2025 01:28:26,30.84,831.36,,,,,
560,04/23/2025 01:29:26,30.84,808.32,,,,,
561,04/23/2025 01:30:26,30.84,720.32,,,,,
562,04/23/2025 01:31:26,30.84,685.76,,,,,
563,04/23/2025 01:32:26,30.84,622.40,,,,,
564,04/23/2025 01:33:26,30.84,596.64,,,,,
565,04/23/2025 01:34:26,30.80,595.04,,,,,
566,04/23/2025 01:35:26,30.80,590.88,,,,,
567,04/23/2025 01:36:26,30.80,543.36,,,,,
568,04/23/2025 01:37:26,30.80,488.16,,,,,
569,04/23/2025 01:38:26,30.80,448.80,,,,,
570,04/23/2025 01:39:26,30.76,436.96,,,,,
571,04/23/2025 01:40:26,30.84,433.60,,,,,
572,04/23/2025 01:41:26,30.84,404.96,,,,,
573,04/23/2025 01:42:26,30.80,370.56,,,,,
574,04/23/2025 01:43:26,30.80,346.56,,,,,
575,04/23/2025 01:44:26,30.76,326.80,,,,,
576,04/23/2025 01:45:26,30.80,316.16,,,,,
577,04/23/2025 01:46:26,30.76,321.84,,,,,
578,04/23/2025 01:47:26,30.76,337.44,,,,,
579,04/23/2025 01:48:26,30.84,321.84,,,,,
580,04/23/2025 01:49:26,30.80,296.24,,,,,
581,04/23/2025 01:50:26,30.80,275.76,,,,,
582,04/23/2025 01:51:26,30.76,250.16,,,,,
583,04/23/2025 01:52:26,30.76,226.40,,,,,
584,04/23/2025 01:53:26,30.76,208.24,,,,,
585,04/23/2025 01:54:26,30.76,189.36,,,,,
586,04/23/2025 01:55:26,30.76,177.68,,,,,
587,04/23/2025 01:56:26,30.80,167.04,,,,,
588,04/23/2025 01:57:26,30.76,165.28,,,,,
589,04/23/2025 01:58:26,30.80,151.40,,,,,
590,04/23/2025 01:59:26,30.76,135.76,,,,,
591,04/23/2025 02:00:26,30.71,118.44,,,,,
592,04/23/2025 02:01:26,30.71,102.04,,,,,
593,04/23/2025 02:02:26,30.76,83.92,,,,,
594,04/23/2025 02:03:26,30.80,70.74,,,,,
595,04/23/2025 02:04:26,30.76,60.04,,,,,
596,04/23/2025 02:05:26,30.80,55.08,,,,,
597,04/23/2025 02:06:26,30.67,48.06,,,,,
598,04/23/2025 02:07:26,30.76,42.74,,,,,
599,04/23/2025 02:08:26,30.71,34.50,,,,,
600,04/23/2025 02:09:26,30.71,29.94,,,,,
601,04/23/2025 02:10:26,30.76,27.08,,,,,
602,04/23/2025 02:11:26,30.71,20.29,,,,,
603,04/23/2025 02:12:26,30.71,17.81,,,,,
604,04/23/2025 02:13:26,30.76,15.15,,,,,
605,04/23/2025 02:14:26,30.71,13.92,,,,,
606,04/23/2025 02:15:26,30.76,10.44,,,,,
607,04/23/2025 02:16:26,30.67,9.00,,,,,
608,04/23/2025 02:17:26,30.71,7.37,,,,,
609,04/23/2025 02:18:26,30.67,5.52,,,,,
610,04/23/2025 02:19:26,30.71,4.70,,,,,
611,04/23/2025 02:20:26,30.76,3.89,,,,,
612,04/23/2025 02:21:26,30.71,3.07,,,,,
613,04/23/2025 02:22:26,30.71,2.45,,,,,
614,04/23/2025 02:23:26,30.71,1.84,,,,,
615,04/23/2025 02:24:26,30.71,1.63,,,,,
616,04/23/2025 02:25:26,30.67,1.02,,,,,
617,04/23/2025 02:26:26,30.71,0.61,,,,,
618,04/23/2025 02:27:26,30.71,0.61,,,,,
619,04/23/2025 02:28:26,30.71,0.40,,,,,
620,04/23/2025 02:29:26,30.67,0.20,,,,,
621,04/23/2025 02:30:26,30.71,0.20,,,,,
622,04/23/2025 02:31:26,30.71,0.20,,,,,
623,04/23/2025 02:32:26,30.67,0.00,,,,,
624,04/23/2025 02:33:26,30.67,0.00,,,,,
625,04/23/2025 02:34:26,30.71,0.00,,,,,
626,04/23/2025 02:35:26,30.71,0.00,,,,,
627,04/23/2025 02:36:26,30.67,0.00,,,,,
628,04/23/2025 02:37:26,30.71,0.00,,,,,
629,04/23/2025 02:38:26,30.67,0.00,,,,,
630,04/23/2025 02:39:26,30.67,0.00,,,,,
631,04/23/2025 02:40:26,30.71,0.00,,,,,
632,04/23/2025 02:41:26,30.76,0.00,,,,,
633,04/23/2025 02:42:26,30.71,0.00,,,,,
634,04/23/2025 02:43:26,30.71,0.00,,,,,
635,04/23/2025 02:44:26,30.76,0.00,,,,,
636,04/23/2025 02:45:26,30.76,0.00,,,,,
637,04/23/2025 02:46:26,30.67,0.00,,,,,
638,04/23/2025 02:47:26,30.71,0.00,,,,,
639,04/23/2025 02:48:26,30.71,0.00,,,,,
640,04/23/2025 02:49:26,30.76,0.00,,,,,
641,04/23/2025 02:50:26,30.71,0.00,,,,,
642,04/23/2025 02:51:26,30.71,0.00,,,,,
643,04/23/2025 02:52:26,30.67,0.00,,,,,
644,04/23/2025 02:53:26,30.71,0.00,,,,,
645,04/23/2025 02:54:26,30.71,0.00,,,,,
646,04/23/2025 02:55:26,30.76,0.00,,,,,
647,04/23/2025 02:56:26,30.76,0.00,,,,,
648,04/23/2025 02:57:26,30.76,0.00,,,,,
649,04/23/2025 02:58:26,30.76,0.00,,,,,
650,04/23/2025 02:59:26,30.76,0.00,,,,,
651,04/23/2025 03:00:26,30.76,0.00,,,,,
652,04/23/2025 03:01:26,30.80,0.00,,,,,
653,04/23/2025 03:02:26,30.80,0.00,,,,,
654,04/23/2025 03:03:26,30.76,0.00,,,,,
655,04/23/2025 03:04:26,30.84,0.00,,,,,
656,04/23/2025 03:05:26,30.84,0.00,,,,,
657,04/23/2025 03:06:26,30.76,0.00,,,,,
658,04/23/2025 03:07:26,30.80,0.00,,,,,
659,04/23/2025 03:08:26,30.80,0.00,,,,,
660,04/23/2025 03:09:26,30.84,0.00,,,,,
661,04/23/2025 03:10:26,30.84,0.00,,,,,
662,04/23/2025 03:11:26,30.84,0.00,,,,,
663,04/23/2025 03:12:26,30.84,0.00,,,,,
664,04/23/2025 03:13:26,30.84,0.00,,,,,
665,04/23/2025 03:14:26,30.80,0.00,,,,,
666,04/23/2025 03:15:26,30.84,0.00,,,,,
667,04/23/2025 03:16:26,30.84,0.00,,,,,
668,04/23/2025 03:17:26,30.84,0.20,,,,,
669,04/23/2025 03:18:26,30.89,0.00,,,,,
670,04/23/2025 03:19:26,30.89,0.00,,,,,
671,04/23/2025 03:20:26,30.89,0.00,,,,,
672,04/23/2025 03:21:26,30.89,0.00,,,,,
673,04/23/2025 03:22:26,30.89,0.00,,,,,
674,04/23/2025 03:23:26,30.93,0.00,,,,,
675,04/23/2025 03:24:26,30.93,0.00,,,,,
676,04/23/2025 03:25:26,30.93,0.00,,,,,
677,04/23/2025 03:26:26,30.93,0.00,,,,,
678,04/23/2025 03:27:26,30.97,0.00,,,,,
679,04/23/2025 03:28:26,30.93,0.00,,,,,
680,04/23/2025 03:29:26,30.93,0.00,,,,,
681,04/23/2025 03:30:26,30.93,0.00,,,,,
682,04/23/2025 03:31:26,30.93,0.00,,,,,
683,04/23/2025 03:32:26,30.97,0.00,,,,,
684,04/23/2025 03:33:26,30.93,0.00,,,,,
685,04/23/2025 03:34:26,30.89,0.00,,,,,
686,04/23/2025 03:35:26,30.97,0.00,,,,,
687,04/23/2025 03:36:26,30.93,0.00,,,,,
688,04/23/2025 03:37:26,30.97,0.00,,,,,
689,04/23/2025 03:38:26,30.97,0.00,,,,,
690,04/23/2025 03:39:26,31.01,0.00,,,,,
691,04/23/2025 03:40:26,30.97,0.00,,,,,
692,04/23/2025 03:41:26,30.97,0.00,,,,,
693,04/23/2025 03:42:26,30.97,0.00,,,,,
694,04/23/2025 03:43:26,30.97,0.00,,,,,
695,04/23/2025 03:44:26,31.01,0.00,,,,,
696,04/23/2025 03:45:26,31.01,0.00,,,,,
697,04/23/2025 03:46:26,31.01,0.00,,,,,
698,04/23/2025 03:47:26,31.01,0.00,,,,,
699,04/23/2025 03:48:26,31.06,0.00,,,,,
700,04/23/2025 03:49:26,31.01,0.00,,,,,
701,04/23/2025 03:50:26,31.01,0.00,,,,,
702,04/23/2025 03:51:26,31.06,0.00,,,,,
703,04/23/2025 03:52:26,30.97,0.00,,,,,
704,04/23/2025 03:53:26,31.01,0.00,,,,,
705,04/23/2025 03:54:26,30.97,0.00,,,,,
706,04/23/2025 03:55:26,31.01,0.20,,,,,
707,04/23/2025 03:56:26,31.01,0.00,,,,,
708,04/23/2025 03:57:26,31.01,0.00,,,,,
709,04/23/2025 03:58:26,31.01,0.00,,,,,
710,04/23/2025 03:59:26,31.06,0.00,,,,,
711,04/23/2025 04:00:26,31.01,0.00,,,,,
712,04/23/2025 04:01:26,31.01,0.00,,,,,
713,04/23/2025 04:02:26,31.06,0.00,,,,,
714,04/23/2025 04:03:26,31.10,0.00,,,,,
715,04/23/2025 04:04:26,31.06,0.00,,,,,
716,04/23/2025 04:05:26,31.06,0.00,,,,,
717,04/23/2025 04:06:26,31.06,0.00,,,,,
718,04/23/2025 04:07:26,31.06,0.00,,,,,
719,04/23/2025 04:08:26,31.06,0.00,,,,,
720,04/23/2025 04:09:26,31.10,0.00,,,,,
721,04/23/2025 04:10:26,31.10,0.00,,,,,
722,04/23/2025 04:11:26,31.10,0.00,,,,,
723,04/23/2025 04:12:26,31.06,0.00,,,,,
724,04/23/2025 04:13:26,31.10,0.00,,,,,
725,04/23/2025 04:14:26,31.06,0.00,,,,,
726,04/23/2025 04:15:26,31.06,0.00,,,,,
727,04/23/2025 04:16:26,31.10,0.00,,,,,
728,04/23/2025 04:17:26,31.10,0.00,,,,,
729,04/23/2025 04:18:26,31.10,0.00,,,,,
730,04/23/2025 04:19:26,31.06,0.00,,,,,
731,04/23/2025 04:20:26,31.10,0.00,,,,,
732,04/23/2025 04:21:26,31.14,0.00,,,,,
733,04/23/2025 04:22:26,31.14,0.00,,,,,
734,04/23/2025 04:23:26,31.14,0.00,,,,,
735,04/23/2025 04:24:26,31.14,0.00,,,,,
736,04/23/2025 04:25:26,31.06,0.00,,,,,
737,04/23/2025 04:26:26,31.06,0.00,,,,,
738,04/23/2025 04:27:26,31.10,0.00,,,,,
739,04/23/2025 04:28:26,31.14,0.00,,,,,
740,04/23/2025 04:29:26,31.14,0.00,,,,,
741,04/23/2025 04:30:26,31.14,0.00,,,,,
742,04/23/2025 04:31:26,31.14,0.00,,,,,
743,04/23/2025 04:32:26,31.14,0.00,,,,,
744,04/23/2025 04:33:26,31.06,0.00,,,,,
745,04/23/2025 04:34:26,31.14,0.00,,,,,
746,04/23/2025 04:35:26,31.14,0.00,,,,,
747,04/23/2025 04:36:26,31.14,0.00,,,,,
748,04/23/2025 04:37:26,31.14,0.00,,,,,
749,04/23/2025 04:38:26,31.14,0.00,,,,,
750,04/23/2025 04:39:26,31.10,0.00,,,,,
751,04/23/2025 04:40:26,31.10,0.00,,,,,
752,04/23/2025 04:41:26,31.14,0.00,,,,,
753,04/23/2025 04:42:26,31.14,0.00,,,,,
754,04/23/2025 04:43:26,31.14,0.00,,,,,
755,04/23/2025 04:44:26,31.14,0.00,,,,,
756,04/23/2025 04:45:26,31.14,0.00,,,,,
757,04/23/2025 04:46:26,31.14,0.00,,,,,
758,04/23/2025 04:47:26,31.14,0.00,,,,,
759,04/23/2025 04:48:26,31.10,0.20,,,,,
760,04/23/2025 04:49:26,31.14,0.00,,,,,
761,04/23/2025 04:50:26,31.19,0.00,,,,,
762,04/23/2025 04:51:26,31.14,0.00,,,,,
763,04/23/2025 04:52:26,31.14,0.00,,,,,
764,04/23/2025 04:53:26,31.14,0.00,,,,,
765,04/23/2025 04:54:26,31.19,0.00,,,,,
766,04/23/2025 04:55:26,31.14,0.00,,,,,
767,04/23/2025 04:56:26,31.14,0.00,,,,,
768,04/23/2025 04:57:26,31.23,0.00,,,,,
769,04/23/2025 04:58:26,31.14,0.00,,,,,
770,04/23/2025 04:59:26,31.14,0.00,,,,,
771,04/23/2025 05:00:26,31.19,0.00,,,,,
772,04/23/2025 05:01:26,31.14,0.00,,,,,
773,04/23/2025 05:02:26,31.19,0.00,,,,,
774,04/23/2025 05:03:26,31.19,0.00,,,,,
775,04/23/2025 05:04:26,31.19,0.00,,,,,
776,04/23/2025 05:05:26,31.19,0.00,,,,,
777,04/23/2025 05:06:26,31.19,0.00,,,,,
778,04/23/2025 05:07:26,31.19,0.00,,,,,
779,04/23/2025 05:08:26,31.14,0.00,,,,,
780,04/23/2025 05:09:26,31.14,0.00,,,,,
781,04/23/2025 05:10:26,31.10,0.00,,,,,
782,04/23/2025 05:11:26,31.14,0.00,,,,,
783,04/23/2025 05:12:26,31.14,0.00,,,,,
784,04/23/2025 05:13:26,31.10,0.00,,,,,
785,04/23/2025 05:14:26,31.14,0.00,,,,,
786,04/23/2025 05:15:26,31.14,0.00,,,,,
787,04/23/2025 05:16:26,31.14,0.00,,,,,
788,04/23/2025 05:17:26,31.14,0.00,,,,,
789,04/23/2025 05:18:26,31.14,0.00,,,,,
790,04/23/2025 05:19:26,31.14,0.00,,,,,
791,04/23/2025 05:20:26,31.10,0.00,,,,,
792,04/23/2025 05:21:26,31.10,0.00,,,,,
793,04/23/2025 05:22:26,31.10,0.00,,,,,
794,04/23/2025 05:23:26,31.10,0.00,,,,,
795,04/23/2025 05:24:26,31.10,0.00,,,,,
796,04/23/2025 05:25:26,31.06,0.00,,,,,
797,04/23/2025 05:26:26,31.14,0.20,,,,,
798,04/23/2025 05:27:26,31.10,0.00,,,,,
799,04/23/2025 05:28:26,31.06,0.00,,,,,
800,04/23/2025 05:29:26,31.10,0.00,,,,,
801,04/23/2025 05:30:26,31.06,0.00,,,,,
802,04/23/2025 05:31:26,31.10,0.00,,,,,
803,04/23/2025 05:32:26,31.10,0.00,,,,,
804,04/23/2025 05:33:26,31.10,0.00,,,,,
805,04/23/2025 05:34:26,31.06,0.00,,,,,
806,04/23/2025 05:35:26,31.10,0.00,,,,,
807,04/23/2025 05:36:26,31.10,0.00,,,,,
808,04/23/2025 05:37:26,31.06,0.00,,,,,
809,04/23/2025 05:38:26,31.06,0.00,,,,,
810,04/23/2025 05:39:26,31.10,0.00,,,,,
811,04/23/2025 05:40:26,31.01,0.00,,,,,
812,04/23/2025 05:41:26,31.14,0.00,,,,,
813,04/23/2025 05:42:26,31.01,0.00,,,,,
814,04/23/2025 05:43:26,31.01,0.00,,,,,
815,04/23/2025 05:44:26,31.01,0.00,,,,,
816,04/23/2025 05:45:26,31.06,0.00,,,,,
817,04/23/2025 05:46:26,31.10,0.00,,,,,
818,04/23/2025 05:47:26,31.06,0.00,,,,,
819,04/23/2025 05:48:26,31.06,0.00,,,,,
820,04/23/2025 05:49:26,31.06,0.00,,,,,
821,04/23/2025 05:50:26,31.06,0.00,,,,,
822,04/23/2025 05:51:26,31.06,0.00,,,,,
823,04/23/2025 05:52:26,31.06,0.00,,,,,
824,04/23/2025 05:53:26,31.06,0.00,,,,,
825,04/23/2025 05:54:26,31.06,0.00,,,,,
826,04/23/2025 05:55:26,31.01,0.00,,,,,
827,04/23/2025 05:56:26,31.01,0.00,,,,,
828,04/23/2025 05:57:26,31.01,0.00,,,,,
829,04/23/2025 05:58:26,31.01,0.00,,,,,
830,04/23/2025 05:59:26,31.06,0.00,,,,,
831,04/23/2025 06:00:26,31.01,0.00,,,,,
832,04/23/2025 06:01:26,31.06,0.00,,,,,
833,04/23/2025 06:02:26,31.01,0.00,,,,,
834,04/23/2025 06:03:26,31.01,0.00,,,,,
835,04/23/2025 06:04:26,31.06,0.20,,,,,
836,04/23/2025 06:05:26,31.06,0.00,,,,,
837,04/23/2025 06:06:26,31.01,0.00,,,,,
838,04/23/2025 06:07:26,31.01,0.00,,,,,
839,04/23/2025 06:08:26,31.01,0.00,,,,,
840,04/23/2025 06:09:26,31.06,0.00,,,,,
841,04/23/2025 06:10:26,31.06,0.00,,,,,
842,04/23/2025 06:11:26,31.06,0.00,,,,,
843,04/23/2025 06:12:26,31.01,0.00,,,,,
844,04/23/2025 06:13:26,31.01,0.00,,,,,
845,04/23/2025 06:14:26,30.97,0.00,,,,,
846,04/23/2025 06:15:26,31.06,0.00,,,,,
847,04/23/2025 06:16:26,31.01,0.00,,,,,
848,04/23/2025 06:17:26,31.01,0.00,,,,,
849,04/23/2025 06:18:26,31.01,0.00,,,,,
850,04/23/2025 06:19:26,31.01,0.20,,,,,
851,04/23/2025 06:20:26,30.97,0.00,,,,,
852,04/23/2025 06:21:26,31.01,0.00,,,,,
853,04/23/2025 06:22:26,30.97,0.00,,,,,
854,04/23/2025 06:23:26,31.01,0.00,,,,,
855,04/23/2025 06:24:26,31.01,0.00,,,,,
856,04/23/2025 06:25:26,31.01,0.00,,,,,
857,04/23/2025 06:26:26,31.06,0.00,,,,,
858,04/23/2025 06:27:26,30.97,0.00,,,,,
859,04/23/2025 06:28:26,31.01,0.00,,,,,
860,04/23/2025 06:29:26,30.97,0.00,,,,,
861,04/23/2025 06:30:26,31.01,0.00,,,,,
862,04/23/2025 06:31:26,30.97,0.00,,,,,
863,04/23/2025 06:32:26,31.01,0.00,,,,,
864,04/23/2025 06:33:26,30.97,0.00,,,,,
865,04/23/2025 06:34:26,30.97,0.00,,,,,
866,04/23/2025 06:35:26,31.01,0.00,,,,,
867,04/23/2025 06:36:26,31.01,0.00,,,,,
868,04/23/2025 06:37:26,31.01,0.00,,,,,
869,04/23/2025 06:38:26,30.93,0.00,,,,,
870,04/23/2025 06:39:26,31.01,0.00,,,,,
871,04/23/2025 06:40:26,31.01,0.00,,,,,
872,04/23/2025 06:41:26,30.97,0.00,,,,,
873,04/23/2025 06:42:26,31.01,0.00,,,,,
874,04/23/2025 06:43:26,30.97,0.00,,,,,
875,04/23/2025 06:44:26,31.01,0.00,,,,,
876,04/23/2025 06:45:26,30.97,0.00,,,,,
877,04/23/2025 06:46:26,31.01,0.00,,,,,
878,04/23/2025 06:47:26,30.97,0.00,,,,,
879,04/23/2025 06:48:26,31.06,0.00,,,,,
880,04/23/2025 06:49:26,30.97,0.00,,,,,
881,04/23/2025 06:50:26,30.97,0.00,,,,,
882,04/23/2025 06:51:26,30.93,0.00,,,,,
883,04/23/2025 06:52:26,31.01,0.00,,,,,
884,04/23/2025 06:53:26,31.01,0.00,,,,,
885,04/23/2025 06:54:26,30.97,0.00,,,,,
886,04/23/2025 06:55:26,30.97,0.00,,,,,
887,04/23/2025 06:56:26,30.97,0.00,,,,,
888,04/23/2025 06:57:26,30.93,0.20,,,,,
889,04/23/2025 06:58:26,30.97,0.00,,,,,
890,04/23/2025 06:59:26,30.97,0.00,,,,,
891,04/23/2025 07:00:26,31.01,0.00,,,,,
892,04/23/2025 07:01:26,30.97,0.00,,,,,
893,04/23/2025 07:02:26,31.01,0.00,,,,,
894,04/23/2025 07:03:26,31.01,0.00,,,,,
895,04/23/2025 07:04:26,31.01,0.00,,,,,
896,04/23/2025 07:05:26,30.97,0.00,,,,,
897,04/23/2025 07:06:26,30.97,0.00,,,,,
898,04/23/2025 07:07:26,30.97,0.00,,,,,
899,04/23/2025 07:08:26,30.93,0.00,,,,,
900,04/23/2025 07:09:26,30.97,0.00,,,,,
901,04/23/2025 07:10:26,30.97,0.00,,,,,
902,04/23/2025 07:11:26,30.93,0.00,,,,,
903,04/23/2025 07:12:26,30.97,0.00,,,,,
904,04/23/2025 07:13:26,31.01,0.00,,,,,
905,04/23/2025 07:14:26,30.97,0.00,,,,,
906,04/23/2025 07:15:26,31.01,0.00,,,,,
907,04/23/2025 07:16:26,31.06,0.00,,,,,
908,04/23/2025 07:17:26,30.97,0.00,,,,,
909,04/23/2025 07:18:26,31.01,0.00,,,,,
910,04/23/2025 07:19:26,30.97,0.00,,,,,
911,04/23/2025 07:20:26,30.97,0.00,,,,,
912,04/23/2025 07:21:26,30.97,0.00,,,,,
913,04/23/2025 07:22:26,30.97,0.00,,,,,
914,04/23/2025 07:23:26,30.97,0.00,,,,,
915,04/23/2025 07:24:26,31.01,0.00,,,,,
916,04/23/2025 07:25:26,30.97,0.00,,,,,
917,04/23/2025 07:26:26,31.01,0.00,,,,,
918,04/23/2025 07:27:26,31.06,0.00,,,,,
919,04/23/2025 07:28:26,30.97,0.00,,,,,
920,04/23/2025 07:29:26,31.01,0.00,,,,,
921,04/23/2025 07:30:26,31.06,0.00,,,,,
922,04/23/2025 07:31:26,31.01,0.00,,,,,
923,04/23/2025 07:32:26,31.01,0.00,,,,,
924,04/23/2025 07:33:26,30.97,0.00,,,,,
925,04/23/2025 07:34:26,31.06,0.00,,,,,
926,04/23/2025 07:35:26,31.01,0.20,,,,,
927,04/23/2025 07:36:26,31.01,0.00,,,,,
928,04/23/2025 07:37:26,31.01,0.00,,,,,
929,04/23/2025 07:38:26,30.97,0.00,,,,,
930,04/23/2025 07:39:26,30.97,0.00,,,,,
931,04/23/2025 07:40:26,30.97,0.00,,,,,
932,04/23/2025 07:41:26,30.93,0.00,,,,,
933,04/23/2025 07:42:26,30.97,0.00,,,,,
934,04/23/2025 07:43:26,30.97,0.00,,,,,
935,04/23/2025 07:44:26,31.01,0.00,,,,,
936,04/23/2025 07:45:26,31.01,0.00,,,,,
937,04/23/2025 07:46:26,31.01,0.00,,,,,
938,04/23/2025 07:47:26,30.97,0.00,,,,,
939,04/23/2025 07:48:26,31.01,0.00,,,,,
940,04/23/2025 07:49:26,31.06,0.00,,,,,
941,04/23/2025 07:50:26,31.01,0.00,,,,,
942,04/23/2025 07:51:26,31.01,0.00,,,,,
943,04/23/2025 07:52:26,31.01,0.00,,,,,
944,04/23/2025 07:53:26,31.01,0.00,,,,,
945,04/23/2025 07:54:26,31.06,0.00,,,,,
946,04/23/2025 07:55:26,31.01,0.00,,,,,
947,04/23/2025 07:56:26,30.97,0.00,,,,,
948,04/23/2025 07:57:26,31.06,0.00,,,,,
949,04/23/2025 07:58:26,30.97,0.00,,,,,
950,04/23/2025 07:59:26,31.01,0.00,,,,,
951,04/23/2025 08:00:26,30.97,0.00,,,,,
952,04/23/2025 08:01:26,31.06,0.00,,,,,
953,04/23/2025 08:02:26,31.01,0.00,,,,,
954,04/23/2025 08:03:26,31.01,0.00,,,,,
955,04/23/2025 08:04:26,30.97,0.00,,,,,
956,04/23/2025 08:05:26,31.01,0.00,,,,,
957,04/23/2025 08:06:26,30.97,0.00,,,,,
958,04/23/2025 08:07:26,30.97,0.00,,,,,
959,04/23/2025 08:08:26,31.01,0.00,,,,,
960,04/23/2025 08:09:26,31.01,0.00,,,,,
961,04/23/2025 08:10:26,31.01,0.00,,,,,
962,04/23/2025 08:11:26,30.97,0.00,,,,,
963,04/23/2025 08:12:26,30.97,0.00,,,,,
964,04/23/2025 08:13:26,31.01,0.00,,,,,
965,04/23/2025 08:14:26,31.01,0.00,,,,,
966,04/23/2025 08:15:26,31.01,0.00,,,,,
967,04/23/2025 08:16:26,30.93,0.00,,,,,
968,04/23/2025 08:17:26,30.97,0.00,,,,,
969,04/23/2025 08:18:26,30.93,0.00,,,,,
970,04/23/2025 08:19:26,30.93,0.00,,,,,
971,04/23/2025 08:20:26,30.93,0.00,,,,,
972,04/23/2025 08:21:26,30.93,0.00,,,,,
973,04/23/2025 08:22:26,30.89,0.00,,,,,
974,04/23/2025 08:23:26,30.93,0.00,,,,,
975,04/23/2025 08:24:26,30.89,0.00,,,,,
976,04/23/2025 08:25:26,30.89,0.00,,,,,
977,04/23/2025 08:26:26,30.89,0.00,,,,,
978,04/23/2025 08:27:26,30.89,0.00,,,,,
979,04/23/2025 08:28:26,30.93,0.20,,,,,
980,04/23/2025 08:29:26,30.84,0.00,,,,,
981,04/23/2025 08:30:26,30.84,0.00,,,,,
982,04/23/2025 08:31:26,30.84,0.00,,,,,
983,04/23/2025 08:32:26,30.84,0.00,,,,,
984,04/23/2025 08:33:26,30.84,0.00,,,,,
985,04/23/2025 08:34:26,30.80,0.00,,,,,
986,04/23/2025 08:35:26,30.80,0.00,,,,,
987,04/23/2025 08:36:26,30.84,0.00,,,,,
988,04/23/2025 08:37:26,30.84,0.00,,,,,
989,04/23/2025 08:38:26,30.89,0.00,,,,,
990,04/23/2025 08:39:26,30.84,0.00,,,,,
991,04/23/2025 08:40:26,30.84,0.00,,,,,
992,04/23/2025 08:41:26,30.84,0.00,,,,,
993,04/23/2025 08:42:26,30.80,0.00,,,,,
994,04/23/2025 08:43:26,30.80,0.00,,,,,
995,04/23/2025 08:44:26,30.84,0.00,,,,,
996,04/23/2025 08:45:26,30.80,0.00,,,,,
997,04/23/2025 08:46:26,30.80,0.00,,,,,
998,04/23/2025 08:47:26,30.76,0.00,,,,,
999,04/23/2025 08:48:26,30.76,0.00,,,,,
1000,04/23/2025 08:49:26,30.80,0.00,,,,,
1001,04/23/2025 08:50:26,30.76,0.00,,,,,
1002,04/23/2025 08:51:26,30.76,0.00,,,,,
1003,04/23/2025 08:52:26,30.80,0.00,,,,,
1004,04/23/2025 08:53:26,30.76,0.00,,,,,
1005,04/23/2025 08:54:26,30.76,0.00,,,,,
1006,04/23/2025 08:55:26,30.76,0.00,,,,,
1007,04/23/2025 08:56:26,30.76,0.00,,,,,
1008,04/23/2025 08:57:26,30.76,0.00,,,,,
1009,04/23/2025 08:58:26,30.76,0.00,,,,,
1010,04/23/2025 08:59:26,30.76,0.00,,,,,
1011,04/23/2025 09:00:26,30.76,0.00,,,,,
1012,04/23/2025 09:01:26,30.76,0.00,,,,,
1013,04/23/2025 09:02:26,30.76,0.00,,,,,
1014,04/23/2025 09:03:26,30.76,0.00,,,,,
1015,04/23/2025 09:04:26,30.76,0.00,,,,,
1016,04/23/2025 09:05:26,30.71,0.00,,,,,
1017,04/23/2025 09:06:26,30.71,0.20,,,,,
1018,04/23/2025 09:07:26,30.76,0.00,,,,,
1019,04/23/2025 09:08:26,30.71,0.00,,,,,
1020,04/23/2025 09:09:26,30.76,0.00,,,,,
1021,04/23/2025 09:10:26,30.71,0.00,,,,,
1022,04/23/2025 09:11:26,30.71,0.00,,,,,
1023,04/23/2025 09:12:26,30.76,0.00,,,,,
1024,04/23/2025 09:13:26,30.76,0.00,,,,,
1025,04/23/2025 09:14:26,30.71,0.00,,,,,
1026,04/23/2025 09:15:26,30.71,0.00,,,,,
1027,04/23/2025 09:16:26,30.67,0.00,,,,,
1028,04/23/2025 09:17:26,30.71,0.00,,,,,
1029,04/23/2025 09:18:26,30.71,0.00,,,,,
1030,04/23/2025 09:19:26,30.71,0.00,,,,,
1031,04/23/2025 09:20:26,30.71,0.00,,,,,
1032,04/23/2025 09:21:26,30.71,0.00,,,,,
1033,04/23/2025 09:22:26,30.67,0.00,,,,,
1034,04/23/2025 09:23:26,30.67,0.00,,,,,
1035,04/23/2025 09:24:26,30.71,0.00,,,,,
1036,04/23/2025 09:25:26,30.71,0.00,,,,,
1037,04/23/2025 09:26:26,30.76,0.00,,,,,
1038,04/23/2025 09:27:26,30.71,0.00,,,,,
1039,04/23/2025 09:28:26,30.71,0.00,,,,,
1040,04/23/2025 09:29:26,30.67,0.00,,,,,
1041,04/23/2025 09:30:26,30.67,0.00,,,,,
1042,04/23/2025 09:31:26,30.71,0.00,,,,,
1043,04/23/2025 09:32:26,30.67,0.00,,,,,
1044,04/23/2025 09:33:26,30.67,0.00,,,,,
1045,04/23/2025 09:34:26,30.67,0.00,,,,,
1046,04/23/2025 09:35:26,30.67,0.00,,,,,
1047,04/23/2025 09:36:26,30.63,0.00,,,,,
1048,04/23/2025 09:37:26,30.67,0.00,,,,,
1049,04/23/2025 09:38:26,30.59,0.00,,,,,
1050,04/23/2025 09:39:26,30.63,0.00,,,,,
1051,04/23/2025 09:40:26,30.63,0.00,,,,,
1052,04/23/2025 09:41:26,30.63,0.00,,,,,
1053,04/23/2025 09:42:26,30.63,0.00,,,,,
1054,04/23/2025 09:43:26,30.59,0.00,,,,,
1055,04/23/2025 09:44:26,30.63,0.00,,,,,
1056,04/23/2025 09:45:26,30.63,0.00,,,,,
1057,04/23/2025 09:46:26,30.63,0.00,,,,,
1058,04/23/2025 09:47:26,30.63,0.00,,,,,
1059,04/23/2025 09:48:26,30.63,0.00,,,,,
1060,04/23/2025 09:49:26,30.59,0.00,,,,,
1061,04/23/2025 09:50:26,30.63,0.00,,,,,
1062,04/23/2025 09:51:26,30.63,0.00,,,,,
1063,04/23/2025 09:52:26,30.63,0.00,,,,,
1064,04/23/2025 09:53:26,30.59,0.00,,,,,
1065,04/23/2025 09:54:26,30.63,0.00,,,,,
1066,04/23/2025 09:55:26,30.67,0.00,,,,,
1067,04/23/2025 09:56:26,30.59,0.00,,,,,
1068,04/23/2025 09:57:26,30.63,0.00,,,,,
1069,04/23/2025 09:58:26,30.59,0.00,,,,,
1070,04/23/2025 09:59:26,30.59,0.20,,,,,
1071,04/23/2025 10:00:26,30.63,0.00,,,,,
1072,04/23/2025 10:01:26,30.67,0.00,,,,,
1073,04/23/2025 10:02:26,30.67,0.00,,,,,
1074,04/23/2025 10:03:26,30.59,0.00,,,,,
1075,04/23/2025 10:04:26,30.67,0.00,,,,,
1076,04/23/2025 10:05:26,30.63,0.00,,,,,
1077,04/23/2025 10:06:26,30.63,0.00,,,,,
1078,04/23/2025 10:07:26,30.59,0.00,,,,,
1079,04/23/2025 10:08:26,30.67,0.00,,,,,
1080,04/23/2025 10:09:26,30.63,0.00,,,,,
1081,04/23/2025 10:10:26,30.59,0.00,,,,,
1082,04/23/2025 10:11:26,30.59,0.00,,,,,
1083,04/23/2025 10:12:26,30.63,0.00,,,,,
1084,04/23/2025 10:13:26,30.63,0.00,,,,,
1085,04/23/2025 10:14:26,30.63,0.00,,,,,
1086,04/23/2025 10:15:26,30.63,0.00,,,,,
1087,04/23/2025 10:16:26,30.63,0.00,,,,,
1088,04/23/2025 10:17:26,30.63,0.00,,,,,
1089,04/23/2025 10:18:26,30.63,0.00,,,,,
1090,04/23/2025 10:19:26,30.63,0.00,,,,,
1091,04/23/2025 10:20:26,30.63,0.00,,,,,
1092,04/23/2025 10:21:26,30.59,0.00,,,,,
1093,04/23/2025 10:22:26,30.59,0.00,,,,,
1094,04/23/2025 10:23:26,30.63,0.00,,,,,
1095,04/23/2025 10:24:26,30.59,0.00,,,,,
1096,04/23/2025 10:25:26,30.63,0.00,,,,,
1097,04/23/2025 10:26:26,30.63,0.00,,,,,
1098,04/23/2025 10:27:26,30.59,0.00,,,,,
1099,04/23/2025 10:28:26,30.67,0.00,,,,,
1100,04/23/2025 10:29:26,30.63,0.00,,,,,
1101,04/23/2025 10:30:26,30.63,0.00,,,,,
1102,04/23/2025 10:31:26,30.63,0.00,,,,,
1103,04/23/2025 10:32:26,30.67,0.00,,,,,
1104,04/23/2025 10:33:26,30.67,0.00,,,,,
1105,04/23/2025 10:34:26,30.67,0.00,,,,,
1106,04/23/2025 10:35:26,30.63,0.00,,,,,
1107,04/23/2025 10:36:26,30.67,0.00,,,,,
1108,04/23/2025 10:37:26,30.63,0.20,,,,,
1109,04/23/2025 10:38:26,30.67,0.00,,,,,
1110,04/23/2025 10:39:26,30.63,0.00,,,,,
1111,04/23/2025 10:40:26,30.67,0.00,,,,,
1112,04/23/2025 10:41:26,30.63,0.00,,,,,
1113,04/23/2025 10:42:26,30.63,0.00,,,,,
1114,04/23/2025 10:43:26,30.63,0.00,,,,,
1115,04/23/2025 10:44:26,30.67,0.00,,,,,
1116,04/23/2025 10:45:26,30.63,0.00,,,,,
1117,04/23/2025 10:46:26,30.63,0.00,,,,,
1118,04/23/2025 10:47:26,30.63,0.00,,,,,
1119,04/23/2025 10:48:26,30.67,0.00,,,,,
1120,04/23/2025 10:49:26,30.63,0.00,,,,,
1121,04/23/2025 10:50:26,30.63,0.00,,,,,
1122,04/23/2025 10:51:26,30.63,0.00,,,,,
1123,04/23/2025 10:52:26,30.67,0.00,,,,,
1124,04/23/2025 10:53:26,30.67,0.00,,,,,
1125,04/23/2025 10:54:26,30.63,0.00,,,,,
1126,04/23/2025 10:55:26,30.63,0.00,,,,,
1127,04/23/2025 10:56:26,30.63,0.00,,,,,
1128,04/23/2025 10:57:26,30.59,0.00,,,,,
1129,04/23/2025 10:58:26,30.63,0.00,,,,,
1130,04/23/2025 10:59:26,30.63,0.00,,,,,
1131,04/23/2025 11:00:26,30.67,0.00,,,,,
1132,04/23/2025 11:01:26,30.67,0.00,,,,,
1133,04/23/2025 11:02:26,30.63,0.00,,,,,
1134,04/23/2025 11:03:26,30.63,0.00,,,,,
1135,04/23/2025 11:04:26,30.67,0.00,,,,,
1136,04/23/2025 11:05:26,30.67,0.00,,,,,
1137,04/23/2025 11:06:26,30.67,0.00,,,,,
1138,04/23/2025 11:07:26,30.67,0.00,,,,,
1139,04/23/2025 11:08:26,30.59,0.00,,,,,
1140,04/23/2025 11:09:26,30.67,0.00,,,,,
1141,04/23/2025 11:10:26,30.63,0.00,,,,,
1142,04/23/2025 11:11:26,30.63,0.00,,,,,
1143,04/23/2025 11:12:26,30.63,0.00,,,,,
1144,04/23/2025 11:13:26,30.63,0.00,,,,,
1145,04/23/2025 11:14:26,30.63,0.00,,,,,
1146,04/23/2025 11:15:26,30.63,0.00,,,,,
1147,04/23/2025 11:16:26,30.67,0.00,,,,,
1148,04/23/2025 11:17:26,30.67,0.00,,,,,
1149,04/23/2025 11:18:26,30.67,0.00,,,,,
1150,04/23/2025 11:19:26,30.67,0.00,,,,,
1151,04/23/2025 11:20:26,30.63,0.00,,,,,
1152,04/23/2025 11:21:26,30.63,0.00,,,,,
1153,04/23/2025 11:22:26,30.63,0.00,,,,,
1154,04/23/2025 11:23:26,30.67,0.00,,,,,
1155,04/23/2025 11:24:26,30.67,0.00,,,,,
1156,04/23/2025 11:25:26,30.59,0.00,,,,,
1157,04/23/2025 11:26:26,30.67,0.00,,,,,
1158,04/23/2025 11:27:26,30.63,0.00,,,,,
1159,04/23/2025 11:28:26,30.63,0.00,,,,,
1160,04/23/2025 11:29:26,30.63,0.00,,,,,
1161,04/23/2025 11:30:26,30.63,0.20,,,,,
1162,04/23/2025 11:31:26,30.63,0.00,,,,,
1163,04/23/2025 11:32:26,30.63,0.00,,,,,
1164,04/23/2025 11:33:26,30.63,0.00,,,,,
1165,04/23/2025 11:34:26,30.59,0.00,,,,,
1166,04/23/2025 11:35:26,30.59,0.00,,,,,
1167,04/23/2025 11:36:26,30.63,0.00,,,,,
1168,04/23/2025 11:37:26,30.63,0.00,,,,,
1169,04/23/2025 11:38:26,30.67,0.00,,,,,
1170,04/23/2025 11:39:26,30.63,0.00,,,,,
1171,04/23/2025 11:40:26,30.59,0.00,,,,,
1172,04/23/2025 11:41:26,30.63,0.00,,,,,
1173,04/23/2025 11:42:26,30.59,0.00,,,,,
1174,04/23/2025 11:43:26,30.59,0.00,,,,,
1175,04/23/2025 11:44:26,30.63,0.00,,,,,
1176,04/23/2025 11:45:26,30.63,0.00,,,,,
1177,04/23/2025 11:46:26,30.59,0.00,,,,,
1178,04/23/2025 11:47:26,30.63,0.00,,,,,
1179,04/23/2025 11:48:26,30.59,0.00,,,,,
1180,04/23/2025 11:49:26,30.63,0.00,,,,,
1181,04/23/2025 11:50:26,30.63,0.00,,,,,
1182,04/23/2025 11:51:26,30.63,0.00,,,,,
1183,04/23/2025 11:52:26,30.63,0.00,,,,,
1184,04/23/2025 11:53:26,30.67,0.00,,,,,
1185,04/23/2025 11:54:26,30.67,0.00,,,,,
1186,04/23/2025 11:55:26,30.59,0.00,,,,,
1187,04/23/2025 11:56:26,30.59,0.00,,,,,
1188,04/23/2025 11:57:26,30.63,0.00,,,,,
1189,04/23/2025 11:58:26,30.54,0.00,,,,,
1190,04/23/2025 11:59:26,30.59,0.00,,,,,
1191,04/23/2025 12:00:26,30.63,0.00,,,,,
1192,04/23/2025 12:01:26,30.63,0.00,,,,,
1193,04/23/2025 12:02:26,30.63,0.00,,,,,
1194,04/23/2025 12:03:26,30.59,0.00,,,,,
1195,04/23/2025 12:04:26,30.59,0.00,,,,,
1196,04/23/2025 12:05:26,30.63,0.00,,,,,
1197,04/23/2025 12:06:26,30.59,0.00,,,,,
1198,04/23/2025 12:07:26,30.59,0.00,,,,,
1199,04/23/2025 12:08:26,30.59,0.20,,,,,
1200,04/23/2025 12:09:26,30.63,0.00,,,,,
1201,04/23/2025 12:10:26,30.59,0.00,,,,,
1202,04/23/2025 12:11:26,30.59,0.00,,,,,
1203,04/23/2025 12:12:26,30.59,0.00,,,,,
1204,04/23/2025 12:13:26,30.59,0.00,,,,,
1205,04/23/2025 12:14:26,30.59,0.00,,,,,
1206,04/23/2025 12:15:26,30.59,0.00,,,,,
1207,04/23/2025 12:16:26,30.59,0.00,,,,,
1208,04/23/2025 12:17:26,30.59,0.00,,,,,
1209,04/23/2025 12:18:26,30.59,0.00,,,,,
1210,04/23/2025 12:19:26,30.54,0.00,,,,,
1211,04/23/2025 12:20:26,30.63,0.00,,,,,
1212,04/23/2025 12:21:26,30.63,0.00,,,,,
1213,04/23/2025 12:22:26,30.54,0.00,,,,,
1214,04/23/2025 12:23:26,30.63,0.00,,,,,
1215,04/23/2025 12:24:26,30.54,0.00,,,,,
1216,04/23/2025 12:25:26,30.59,0.00,,,,,
1217,04/23/2025 12:26:26,30.59,0.00,,,,,
1218,04/23/2025 12:27:26,30.63,0.00,,,,,
1219,04/23/2025 12:28:26,30.54,0.00,,,,,
1220,04/23/2025 12:29:26,30.59,0.00,,,,,
1221,04/23/2025 12:30:26,30.59,0.00,,,,,
1222,04/23/2025 12:31:26,30.54,0.00,,,,,
1223,04/23/2025 12:32:26,30.59,0.00,,,,,
1224,04/23/2025 12:33:26,30.54,0.00,,,,,
1225,04/23/2025 12:34:26,30.59,0.00,,,,,
1226,04/23/2025 12:35:26,30.59,0.00,,,,,
1227,04/23/2025 12:36:26,30.54,0.00,,,,,
1228,04/23/2025 12:37:26,30.59,0.00,,,,,
1229,04/23/2025 12:38:26,30.59,0.00,,,,,
1230,04/23/2025 12:39:26,30.59,0.00,,,,,
1231,04/23/2025 12:40:26,30.54,0.00,,,,,
1232,04/23/2025 12:41:26,30.54,0.00,,,,,
1233,04/23/2025 12:42:26,30.50,0.00,,,,,
1234,04/23/2025 12:43:26,30.54,0.00,,,,,
1235,04/23/2025 12:44:26,30.59,0.00,,,,,
1236,04/23/2025 12:45:26,30.54,0.00,,,,,
1237,04/23/2025 12:46:26,30.54,0.00,,,,,
1238,04/23/2025 12:47:26,30.59,0.00,,,,,
1239,04/23/2025 12:48:26,30.54,0.00,,,,,
1240,04/23/2025 12:49:26,30.54,0.00,,,,,
1241,04/23/2025 12:50:26,30.50,0.00,,,,,
1242,04/23/2025 12:51:26,30.54,0.00,,,,,
1243,04/23/2025 12:52:26,30.59,0.00,,,,,
1244,04/23/2025 12:53:26,30.54,0.00,,,,,
1245,04/23/2025 12:54:26,30.54,0.00,,,,,
1246,04/23/2025 12:55:26,30.54,0.00,,,,,
1247,04/23/2025 12:56:26,30.54,0.00,,,,,
1248,04/23/2025 12:57:26,30.54,0.00,,,,,
1249,04/23/2025 12:58:26,30.54,0.00,,,,,
1250,04/23/2025 12:59:26,30.54,0.00,,,,,
1251,04/23/2025 13:00:26,30.54,0.00,,,,,
1252,04/23/2025 13:01:26,30.50,0.20,,,,,
1253,04/23/2025 13:02:26,30.50,0.00,,,,,
1254,04/23/2025 13:03:26,30.50,0.00,,,,,
1255,04/23/2025 13:04:26,30.46,0.00,,,,,
1256,04/23/2025 13:05:26,30.50,0.00,,,,,
1257,04/23/2025 13:06:26,30.50,0.00,,,,,
1258,04/23/2025 13:07:26,30.46,0.00,,,,,
1259,04/23/2025 13:08:26,30.54,0.00,,,,,
1260,04/23/2025 13:09:26,30.50,0.00,,,,,
1261,04/23/2025 13:10:26,30.54,0.00,,,,,
1262,04/23/2025 13:11:26,30.54,0.00,,,,,
1263,04/23/2025 13:12:26,30.54,0.00,,,,,
1264,04/23/2025 13:13:26,30.41,0.00,,,,,
1265,04/23/2025 13:14:26,30.46,0.00,,,,,
1266,04/23/2025 13:15:26,30.50,0.00,,,,,
1267,04/23/2025 13:16:26,30.46,0.00,,,,,
1268,04/23/2025 13:17:26,30.54,0.00,,,,,
1269,04/23/2025 13:18:26,30.46,0.00,,,,,
1270,04/23/2025 13:19:26,30.50,0.00,,,,,
1271,04/23/2025 13:20:26,30.50,0.00,,,,,
1272,04/23/2025 13:21:26,30.46,0.00,,,,,
1273,04/23/2025 13:22:26,30.46,0.00,,,,,
1274,04/23/2025 13:23:26,30.50,0.00,,,,,
1275,04/23/2025 13:24:26,30.41,0.00,,,,,
1276,04/23/2025 13:25:26,30.50,0.00,,,,,
1277,04/23/2025 13:26:26,30.46,0.00,,,,,
1278,04/23/2025 13:27:26,30.46,0.00,,,,,
1279,04/23/2025 13:28:26,30.46,0.20,,,,,
1280,04/23/2025 13:29:26,30.46,0.20,,,,,
1281,04/23/2025 13:30:26,30.41,0.40,,,,,
1282,04/23/2025 13:31:26,30.46,0.40,,,,,
1283,04/23/2025 13:32:26,30.50,0.61,,,,,
1284,04/23/2025 13:33:26,30.46,1.02,,,,,
1285,04/23/2025 13:34:26,30.46,1.43,,,,,
1286,04/23/2025 13:35:26,30.46,1.84,,,,,
1287,04/23/2025 13:36:26,30.50,2.45,,,,,
1288,04/23/2025 13:37:26,30.46,3.27,,,,,
1289,04/23/2025 13:38:26,30.46,4.50,,,,,
1290,04/23/2025 13:39:26,30.50,6.14,,,,,
1291,04/23/2025 13:40:26,30.46,7.37,,,,,
1292,04/23/2025 13:41:26,30.46,9.41,,,,,
1293,04/23/2025 13:42:26,30.46,11.87,,,,,
1294,04/23/2025 13:43:26,30.46,15.76,,,,,
1295,04/23/2025 13:44:26,30.46,20.70,,,,,
1296,04/23/2025 13:45:26,30.41,25.44,,,,,
1297,04/23/2025 13:46:26,30.50,30.76,,,,,
1298,04/23/2025 13:47:26,30.46,33.68,,,,,
1299,04/23/2025 13:48:26,30.46,37.01,,,,,
1300,04/23/2025 13:49:26,30.46,42.74,,,,,
1301,04/23/2025 13:50:26,30.50,50.56,,,,,
1302,04/23/2025 13:51:26,30.41,60.44,,,,,
1303,04/23/2025 13:52:26,30.46,68.28,,,,,
1304,04/23/2025 13:53:26,30.46,75.66,,,,,
1305,04/23/2025 13:54:26,30.46,83.12,,,,,
1306,04/23/2025 13:55:26,30.50,93.76,,,,,
1307,04/23/2025 13:56:26,30.46,105.32,,,,,
1308,04/23/2025 13:57:26,30.41,119.24,,,,,
1309,04/23/2025 13:58:26,30.46,132.48,,,,,
1310,04/23/2025 13:59:26,30.50,149.76,,,,,
1311,04/23/2025 14:00:26,30.46,163.76,,,,,
1312,04/23/2025 14:01:26,30.46,176.88,,,,,
1313,04/23/2025 14:02:26,30.46,186.88,,,,,
1314,04/23/2025 14:03:26,30.46,202.48,,,,,
1315,04/23/2025 14:04:26,30.50,217.20,,,,,
1316,04/23/2025 14:05:26,30.50,232.16,,,,,
1317,04/23/2025 14:06:26,30.50,246.88,,,,,
1318,04/23/2025 14:07:26,30.46,263.28,,,,,
1319,04/23/2025 14:08:26,30.41,277.44,,,,,
1320,04/23/2025 14:09:26,30.46,292.96,,,,,
1321,04/23/2025 14:10:26,30.46,306.88,,,,,
1322,04/23/2025 14:11:26,30.41,319.44,,,,,
1323,04/23/2025 14:12:26,30.41,332.48,,,,,
1324,04/23/2025 14:13:26,30.46,345.60,,,,,
1325,04/23/2025 14:14:26,30.46,358.08,,,,,
1326,04/23/2025 14:15:26,30.41,373.44,,,,,
1327,04/23/2025 14:16:26,30.46,386.08,,,,,
1328,04/23/2025 14:17:26,30.50,397.60,,,,,
1329,04/23/2025 14:18:26,30.46,408.16,,,,,
1330,04/23/2025 14:19:26,30.46,419.68,,,,,
1331,04/23/2025 14:20:26,30.41,435.20,,,,,
1332,04/23/2025 14:21:26,30.46,446.72,,,,,
1333,04/23/2025 14:22:26,30.41,459.84,,,,,
1334,04/23/2025 14:23:26,30.46,473.28,,,,,
1335,04/23/2025 14:24:26,30.46,485.60,,,,,
1336,04/23/2025 14:25:26,30.46,499.52,,,,,
1337,04/23/2025 14:26:26,30.50,517.60,,,,,
1338,04/23/2025 14:27:26,30.46,527.36,,,,,
1339,04/23/2025 14:28:26,30.50,524.96,,,,,
1340,04/23/2025 14:29:26,30.54,548.32,,,,,
1341,04/23/2025 14:30:26,30.46,562.24,,,,,
1342,04/23/2025 14:31:26,30.50,600.64,,,,,
1343,04/23/2025 14:32:26,30.50,642.88,,,,,
1344,04/23/2025 14:33:26,30.46,642.08,,,,,
1345,04/23/2025 14:34:26,30.46,657.60,,,,,
1346,04/23/2025 14:35:26,30.46,708.80,,,,,
1347,04/23/2025 14:36:26,30.46,751.04,,,,,
1348,04/23/2025 14:37:26,30.46,772.16,,,,,
1349,04/23/2025 14:38:26,30.46,705.60,,,,,
1350,04/23/2025 14:39:26,30.46,669.12,,,,,
1351,04/23/2025 14:40:26,30.46,660.80,,,,,
1352,04/23/2025 14:41:26,30.46,726.08,,,,,
1353,04/23/2025 14:42:26,30.41,828.80,,,,,
1354,04/23/2025 14:43:26,30.50,862.40,,,,,
1355,04/23/2025 14:44:26,30.46,892.48,,,,,
1356,04/23/2025 14:45:26,30.50,972.80,,,,,
1357,04/23/2025 14:46:26,30.54,1104.00,,,,,
1358,04/23/2025 14:47:26,30.50,1228.48,,,,,
1359,04/23/2025 14:48:26,30.50,1118.72,,,,,
1360,04/23/2025 14:49:26,30.46,904.96,,,,,
1361,04/23/2025 14:50:26,30.50,856.64,,,,,
1362,04/23/2025 14:51:26,30.46,852.48,,,,,
1363,04/23/2025 14:52:26,30.46,858.24,,,,,
1364,04/23/2025 14:53:26,30.50,871.36,,,,,
1365,04/23/2025 14:54:26,30.50,875.52,,,,,
1366,04/23/2025 14:55:26,30.50,881.92,,,,,
1367,04/23/2025 14:56:26,30.54,841.92,,,,,
1368,04/23/2025 14:57:26,30.50,919.68,,,,,
1369,04/23/2025 14:58:26,30.50,952.32,,,,,
1370,04/23/2025 14:59:26,30.50,873.92,,,,,
1371,04/23/2025 15:00:26,30.46,826.24,,,,,
1372,04/23/2025 15:01:26,30.50,832.96,,,,,
1373,04/23/2025 15:02:26,30.46,835.20,,,,,
1374,04/23/2025 15:03:26,30.50,829.44,,,,,
1375,04/23/2025 15:04:26,30.46,819.84,,,,,
1376,04/23/2025 15:05:26,30.50,821.44,,,,,
1377,04/23/2025 15:06:26,30.46,830.40,,,,,
1378,04/23/2025 15:07:26,30.41,800.96,,,,,
1379,04/23/2025 15:08:26,30.46,800.00,,,,,
1380,04/23/2025 15:09:26,30.41,800.00,,,,,
1381,04/23/2025 15:10:26,30.46,800.00,,,,,
1382,04/23/2025 15:11:26,30.54,801.60,,,,,
1383,04/23/2025 15:12:26,30.46,800.00,,,,,
1384,04/23/2025 15:13:26,30.46,800.00,,,,,
1385,04/23/2025 15:14:26,30.50,786.24,,,,,
1386,04/23/2025 15:15:26,30.50,774.72,,,,,
1387,04/23/2025 15:16:26,30.50,757.44,,,,,
1388,04/23/2025 15:17:26,30.46,749.44,,,,,
1389,04/23/2025 15:18:26,30.46,730.88,,,,,
1390,04/23/2025 15:19:26,30.41,717.76,,,,,
1391,04/23/2025 15:20:26,30.46,696.96,,,,,
1392,04/23/2025 15:21:26,30.50,669.12,,,,,
1393,04/23/2025 15:22:26,30.46,622.88,,,,,
1394,04/23/2025 15:23:26,30.46,531.52,,,,,
1395,04/23/2025 15:24:26,30.46,470.88,,,,,
1396,04/23/2025 15:25:26,30.46,514.24,,,,,
1397,04/23/2025 15:26:26,30.46,624.00,,,,,
1398,04/23/2025 15:27:26,30.54,786.24,,,,,
1399,04/23/2025 15:28:26,30.50,1021.12,,,,,
1400,04/23/2025 15:29:26,30.46,1275.20,,,,,
1401,04/23/2025 15:30:26,30.50,1496.96,,,,,
1402,04/23/2025 15:31:26,30.50,1739.52,,,,,
1403,04/23/2025 15:32:26,30.50,2009.60,,,,,
1404,04/23/2025 15:33:26,30.46,2266.88,,,,,
1405,04/23/2025 15:34:26,30.54,2328.96,,,,,
1406,04/23/2025 15:35:26,30.54,2520.96,,,,,
1407,04/23/2025 15:36:26,30.54,2896.64,,,,,
1408,04/23/2025 15:37:26,30.59,3340.80,,,,,
1409,04/23/2025 15:38:26,30.59,3550.72,,,,,
1410,04/23/2025 15:39:26,30.59,3466.24,,,,,
1411,04/23/2025 15:40:26,30.63,3662.08,,,,,
1412,04/23/2025 15:41:26,30.54,3645.44,,,,,
1413,04/23/2025 15:42:26,30.59,3521.28,,,,,
1414,04/23/2025 15:43:26,30.59,3622.40,,,,,
1415,04/23/2025 15:44:26,30.59,3616.00,,,,,
1416,04/23/2025 15:45:26,30.59,3384.32,,,,,
1417,04/23/2025 15:46:26,30.59,3120.64,,,,,
1418,04/23/2025 15:47:26,30.54,2717.44,,,,,
1419,04/23/2025 15:48:26,30.63,2440.32,,,,,
1420,04/23/2025 15:49:26,30.54,2239.36,,,,,
1421,04/23/2025 15:50:26,30.54,2060.80,,,,,
1422,04/23/2025 15:51:26,30.50,1953.92,,,,,
1423,04/23/2025 15:52:26,30.59,2040.96,,,,,
1424,04/23/2025 15:53:26,30.59,2052.48,,,,,
1425,04/23/2025 15:54:26,30.50,2161.92,,,,,
1426,04/23/2025 15:55:26,30.54,2394.88,,,,,
1427,04/23/2025 15:56:26,30.59,2463.36,,,,,
1428,04/23/2025 15:57:26,30.59,2328.96,,,,,
1429,04/23/2025 15:58:26,30.54,1901.44,,,,,
1430,04/23/2025 15:59:26,30.54,2103.04,,,,,
1431,04/23/2025 16:00:26,30.54,2117.76,,,,,
1432,04/23/2025 16:01:26,30.59,2352.00,,,,,
1433,04/23/2025 16:02:26,30.54,2515.84,,,,,
1434,04/23/2025 16:03:26,30.59,2524.16,,,,,
1435,04/23/2025 16:04:26,30.54,2428.80,,,,,
1436,04/23/2025 16:05:26,30.54,2365.44,,,,,
1437,04/23/2025 16:06:26,30.54,2266.88,,,,,
1438,04/23/2025 16:07:26,30.54,2109.44,,,,,
1439,04/23/2025 16:08:26,30.54,1983.36,,,,,
1440,04/23/2025 16:09:26,30.54,1970.56,,,,,
1441,04/23/2025 16:10:26,30.59,1944.32,,,,,
1442,04/23/2025 16:11:26,30.50,1962.24,,,,,
1443,04/23/2025 16:12:26,30.54,2073.60,,,,,
1444,04/23/2025 16:13:26,30.54,2324.48,,,,,
1445,04/23/2025 16:14:26,30.59,2492.80,,,,,
1446,04/23/2025 16:15:26,30.54,2600.96,,,,,
1447,04/23/2025 16:16:26,30.59,2720.00,,,,,
1448,04/23/2025 16:17:26,30.54,2784.00,,,,,
1449,04/23/2025 16:18:26,30.54,2964.48,,,,,
1450,04/23/2025 16:19:26,30.63,3288.32,,,,,
1451,04/23/2025 16:20:26,30.63,3508.48,,,,,
1452,04/23/2025 16:21:26,30.59,3481.60,,,,,
1453,04/23/2025 16:22:26,30.63,3384.32,,,,,
1454,04/23/2025 16:23:26,30.63,3246.08,,,,,
1455,04/23/2025 16:24:26,30.59,3170.56,,,,,
1456,04/23/2025 16:25:26,30.67,3239.68,,,,,
1457,04/23/2025 16:26:26,30.67,3208.96,,,,,
1458,04/23/2025 16:27:26,30.63,3577.60,,,,,
1459,04/23/2025 16:28:26,30.71,3527.68,,,,,
1460,04/23/2025 16:29:26,30.63,3590.40,,,,,
1461,04/23/2025 16:30:26,30.63,4039.68,,,,,
1462,04/23/2025 16:31:26,30.67,3848.96,,,,,
1463,04/23/2025 16:32:26,30.67,3809.28,,,,,
1464,04/23/2025 16:33:26,30.71,3901.44,,,,,
1465,04/23/2025 16:34:26,30.67,3770.88,,,,,
1466,04/23/2025 16:35:26,30.71,3754.24,,,,,
1467,04/23/2025 16:36:26,30.71,3695.36,,,,,
1468,04/23/2025 16:37:26,30.71,3642.88,,,,,
1469,04/23/2025 16:38:26,30.67,3550.72,,,,,
1470,04/23/2025 16:39:26,30.71,3527.68,,,,,
1471,04/23/2025 16:40:26,30.76,3511.04,,,,,
1472,04/23/2025 16:41:26,30.71,3475.20,,,,,
1473,04/23/2025 16:42:26,30.71,3413.76,,,,,
1474,04/23/2025 16:43:26,30.76,3374.08,,,,,
1475,04/23/2025 16:44:26,30.71,3386.88,,,,,
1476,04/23/2025 16:45:26,30.71,3151.36,,,,,
1477,04/23/2025 16:46:26,30.71,3407.36,,,,,
1478,04/23/2025 16:47:26,30.76,3376.64,,,,,
1479,04/23/2025 16:48:26,30.76,3403.52,,,,,
1480,04/23/2025 16:49:26,30.71,3479.04,,,,,
1481,04/23/2025 16:50:26,30.76,3361.28,,,,,
1482,04/23/2025 16:51:26,30.76,3420.16,,,,,
1483,04/23/2025 16:52:26,30.80,3370.24,,,,,
1484,04/23/2025 16:53:26,30.76,3479.04,,,,,
1485,04/23/2025 16:54:26,30.76,3525.12,,,,,
1486,04/23/2025 16:55:26,30.80,3619.84,,,,,
1487,04/23/2025 16:56:26,30.80,3630.08,,,,,
1488,04/23/2025 16:57:26,30.80,3563.52,,,,,
1489,04/23/2025 16:58:26,30.80,3475.20,,,,,
1490,04/23/2025 16:59:26,30.80,3384.32,,,,,
1491,04/23/2025 17:00:26,30.80,4439.04,,,,,
1492,04/23/2025 17:01:26,30.84,4599.04,,,,,
1493,04/23/2025 17:02:26,30.80,3861.76,,,,,
1494,04/23/2025 17:03:26,30.84,4241.92,,,,,
1495,04/23/2025 17:04:26,30.84,4546.56,,,,,
1496,04/23/2025 17:05:26,30.84,4638.72,,,,,
1497,04/23/2025 17:06:26,30.84,4838.40,,,,,
1498,04/23/2025 17:07:26,30.89,5365.76,,,,,
1499,04/23/2025 17:08:26,30.89,5185.28,,,,,
1500,04/23/2025 17:09:26,30.93,5096.96,,,,,
1501,04/23/2025 17:10:26,30.89,4930.56,,,,,
1502,04/23/2025 17:11:26,30.93,4281.60,,,,,
1503,04/23/2025 17:12:26,30.89,3334.40,,,,,
1504,04/23/2025 17:13:26,30.89,3544.32,,,,,
1505,04/23/2025 17:14:26,30.89,3328.00,,,,,
1506,04/23/2025 17:15:26,30.89,3045.12,,,,,
1507,04/23/2025 17:16:26,30.84,3842.56,,,,,
1508,04/23/2025 17:17:26,30.89,4340.48,,,,,
1509,04/23/2025 17:18:26,30.89,4317.44,,,,,
1510,04/23/2025 17:19:26,30.93,4693.76,,,,,
1511,04/23/2025 17:20:26,30.93,4894.72,,,,,
1512,04/23/2025 17:21:26,30.93,5048.32,,,,,
1513,04/23/2025 17:22:26,30.93,5616.64,,,,,
1514,04/23/2025 17:23:26,30.97,4632.32,,,,,
1515,04/23/2025 17:24:26,30.97,3384.32,,,,,
1516,04/23/2025 17:25:26,30.89,3518.72,,,,,
1517,04/23/2025 17:26:26,30.84,3836.16,,,,,
1518,04/23/2025 17:27:26,30.93,4232.96,,,,,
1519,04/23/2025 17:28:26,30.89,4061.44,,,,,
1520,04/23/2025 17:29:26,30.93,3554.56,,,,,
1521,04/23/2025 17:30:26,30.93,2506.24,,,,,
1522,04/23/2025 17:31:26,30.93,3042.56,,,,,
1523,04/23/2025 17:32:26,30.93,3092.48,,,,,
1524,04/23/2025 17:33:26,30.93,3272.96,,,,,
1525,04/23/2025 17:34:26,30.97,3508.48,,,,,
1526,04/23/2025 17:35:26,30.97,3662.08,,,,,
1527,04/23/2025 17:36:26,30.97,3793.92,,,,,
1528,04/23/2025 17:37:26,30.97,4048.64,,,,,
1529,04/23/2025 17:38:26,30.97,3655.68,,,,,
1530,04/23/2025 17:39:26,30.93,2689.28,,,,,
1531,04/23/2025 17:40:26,30.93,2283.52,,,,,
1532,04/23/2025 17:41:26,30.97,2053.76,,,,,
1533,04/23/2025 17:42:26,30.93,2049.28,,,,,
1534,04/23/2025 17:43:26,30.89,1955.84,,,,,
1535,04/23/2025 17:44:26,30.93,2124.16,,,,,
1536,04/23/2025 17:45:26,30.93,2194.56,,,,,
1537,04/23/2025 17:46:26,30.97,2196.48,,,,,
1538,04/23/2025 17:47:26,30.93,2394.88,,,,,
1539,04/23/2025 17:48:26,30.93,2496.00,,,,,
1540,04/23/2025 17:49:26,30.93,2570.24,,,,,
1541,04/23/2025 17:50:26,30.93,2656.00,,,,,
1542,04/23/2025 17:51:26,30.93,2929.92,,,,,
1543,04/23/2025 17:52:26,30.97,2947.84,,,,,
1544,04/23/2025 17:53:26,30.97,3047.68,,,,,
1545,04/23/2025 17:54:26,30.93,3045.12,,,,,
1546,04/23/2025 17:55:26,30.97,2841.60,,,,,
1547,04/23/2025 17:56:26,31.01,3060.48,,,,,
1548,04/23/2025 17:57:26,31.01,4202.24,,,,,
1549,04/23/2025 17:58:26,31.01,5624.32,,,,,
1550,04/23/2025 17:59:26,31.06,6799.36,,,,,
1551,04/23/2025 18:00:26,31.10,5757.44,,,,,
1552,04/23/2025 18:01:26,31.10,5987.84,,,,,
1553,04/23/2025 18:02:26,31.10,5276.16,,,,,
1554,04/23/2025 18:03:26,31.06,5754.88,,,,,
1555,04/23/2025 18:04:26,31.10,4913.92,,,,,
1556,04/23/2025 18:05:26,31.10,4985.60,,,,,
1557,04/23/2025 18:06:26,31.14,5555.20,,,,,
1558,04/23/2025 18:07:26,31.14,5050.88,,,,,
1559,04/23/2025 18:08:26,31.10,4737.28,,,,,
1560,04/23/2025 18:09:26,31.14,5306.88,,,,,
1561,04/23/2025 18:10:26,31.19,5250.56,,,,,
1562,04/23/2025 18:11:26,31.14,5414.40,,,,,
1563,04/23/2025 18:12:26,31.14,5176.32,,,,,
1564,04/23/2025 18:13:26,31.14,3733.76,,,,,
1565,04/23/2025 18:14:26,31.10,3064.32,,,,,
1566,04/23/2025 18:15:26,31.10,3600.64,,,,,
1567,04/23/2025 18:16:26,31.10,3436.80,,,,,
1568,04/23/2025 18:17:26,31.10,3281.92,,,,,
1569,04/23/2025 18:18:26,31.10,3109.12,,,,,
1570,04/23/2025 18:19:26,31.10,3016.96,,,,,
1571,04/23/2025 18:20:26,31.06,2892.80,,,,,
1572,04/23/2025 18:21:26,31.10,2858.24,,,,,
1573,04/23/2025 18:22:26,31.06,2863.36,,,,,
1574,04/23/2025 18:23:26,31.06,2814.72,,,,,
1575,04/23/2025 18:24:26,31.10,2824.96,,,,,
1576,04/23/2025 18:25:26,31.10,2860.80,,,,,
1577,04/23/2025 18:26:26,31.06,3272.96,,,,,
1578,04/23/2025 18:27:26,31.10,2842.88,,,,,
1579,04/23/2025 18:28:26,31.10,2946.56,,,,,
1580,04/23/2025 18:29:26,31.10,3626.24,,,,,
1581,04/23/2025 18:30:26,31.10,3901.44,,,,,
1582,04/23/2025 18:31:26,31.14,3357.44,,,,,
1583,04/23/2025 18:32:26,31.14,3121.92,,,,,
1584,04/23/2025 18:33:26,31.10,3083.52,,,,,
1585,04/23/2025 18:34:26,31.10,3080.96,,,,,
1586,04/23/2025 18:35:26,31.10,2918.40,,,,,
1587,04/23/2025 18:36:26,31.10,2922.24,,,,,
1588,04/23/2025 18:37:26,31.06,3136.00,,,,,
1589,04/23/2025 18:38:26,31.14,3006.72,,,,,
1590,04/23/2025 18:39:26,31.14,3034.88,,,,,
1591,04/23/2025 18:40:26,31.14,3083.52,,,,,
1592,04/23/2025 18:41:26,31.10,3139.84,,,,,
1593,04/23/2025 18:42:26,31.14,3211.52,,,,,
1594,04/23/2025 18:43:26,31.19,3262.72,,,,,
1595,04/23/2025 18:44:26,31.14,3304.96,,,,,
1596,04/23/2025 18:45:26,31.14,3246.08,,,,,
1597,04/23/2025 18:46:26,31.14,3249.92,,,,,
1598,04/23/2025 18:47:26,31.19,3363.84,,,,,
1599,04/23/2025 18:48:26,31.14,3426.56,,,,,
1600,04/23/2025 18:49:26,31.10,3479.04,,,,,
1601,04/23/2025 18:50:26,31.19,4117.76,,,,,
1602,04/23/2025 18:51:26,31.23,4340.48,,,,,
1603,04/23/2025 18:52:26,31.19,3770.88,,,,,
1604,04/23/2025 18:53:26,31.23,3531.52,,,,,
1605,04/23/2025 18:54:26,31.23,3639.04,,,,,
1606,04/23/2025 18:55:26,31.14,3882.24,,,,,
1607,04/23/2025 18:56:26,31.23,4609.28,,,,,
1608,04/23/2025 18:57:26,31.27,4275.20,,,,,
1609,04/23/2025 18:58:26,31.27,4090.88,,,,,
1610,04/23/2025 18:59:26,31.23,4130.56,,,,,
1611,04/23/2025 19:00:26,31.27,4098.56,,,,,
1612,04/23/2025 19:01:26,31.23,4344.32,,,,,
1613,04/23/2025 19:02:26,31.27,4710.40,,,,,
1614,04/23/2025 19:03:26,31.27,4485.12,,,,,
1615,04/23/2025 19:04:26,31.23,4867.84,,,,,
1616,04/23/2025 19:05:26,31.31,5457.92,,,,,
1617,04/23/2025 19:06:26,31.27,5071.36,,,,,
1618,04/23/2025 19:07:26,31.31,5012.48,,,,,
1619,04/23/2025 19:08:26,31.31,4887.04,,,,,
1620,04/23/2025 19:09:26,31.31,5182.72,,,,,
1621,04/23/2025 19:10:26,31.36,6435.84,,,,,
1622,04/23/2025 19:11:26,31.31,5916.16,,,,,
1623,04/23/2025 19:12:26,31.36,5729.28,,,,,
1624,04/23/2025 19:13:26,31.40,5388.80,,,,,
1625,04/23/2025 19:14:26,31.36,3655.68,,,,,
1626,04/23/2025 19:15:26,31.40,5734.40,,,,,
1627,04/23/2025 19:16:26,31.40,6018.56,,,,,
1628,04/23/2025 19:17:26,31.36,6044.16,,,,,
1629,04/23/2025 19:18:26,31.31,5685.76,,,,,
1630,04/23/2025 19:19:26,31.40,5839.36,,,,,
1631,04/23/2025 19:20:26,31.40,6563.84,,,,,
1632,04/23/2025 19:21:26,31.44,7063.04,,,,,
1633,04/23/2025 19:22:26,31.44,7101.44,,,,,
1634,04/23/2025 19:23:26,31.44,6090.24,,,,,
1635,04/23/2025 19:24:26,31.44,6423.04,,,,,
1636,04/23/2025 19:25:26,31.44,6714.88,,,,,
1637,04/23/2025 19:26:26,31.44,7357.44,,,,,
1638,04/23/2025 19:27:26,31.49,7390.72,,,,,
1639,04/23/2025 19:28:26,31.49,7869.44,,,,,
1640,04/23/2025 19:29:26,31.49,7646.72,,,,,
1641,04/23/2025 19:30:26,31.49,7646.72,,,,,
1642,04/23/2025 19:31:26,31.53,7214.08,,,,,
1643,04/23/2025 19:32:26,31.49,7403.52,,,,,
1644,04/23/2025 19:33:26,31.49,8181.76,,,,,
1645,04/23/2025 19:34:26,31.57,8555.52,,,,,
1646,04/23/2025 19:35:26,31.53,7874.56,,,,,
1647,04/23/2025 19:36:26,31.53,7467.52,,,,,
1648,04/23/2025 19:37:26,31.44,3550.72,,,,,
1649,04/23/2025 19:38:26,31.53,8320.00,,,,,
1650,04/23/2025 19:39:26,31.49,7685.12,,,,,
1651,04/23/2025 19:40:26,31.53,7639.04,,,,,
1652,04/23/2025 19:41:26,31.57,7718.40,,,,,
1653,04/23/2025 19:42:26,31.53,8176.64,,,,,
1654,04/23/2025 19:43:26,31.57,8798.72,,,,,
1655,04/23/2025 19:44:26,31.61,9671.68,,,,,
1656,04/23/2025 19:45:26,31.61,9118.72,,,,,
1657,04/23/2025 19:46:26,31.61,8957.44,,,,,
1658,04/23/2025 19:47:26,31.61,8916.48,,,,,
1659,04/23/2025 19:48:26,31.61,4592.64,,,,,
1660,04/23/2025 19:49:26,31.53,9446.40,,,,,
1661,04/23/2025 19:50:26,31.66,10895.36,,,,,
1662,04/23/2025 19:51:26,31.66,10319.36,,,,,
1663,04/23/2025 19:52:26,31.66,10598.40,,,,,
1664,04/23/2025 19:53:26,31.70,10024.96,,,,,
1665,04/23/2025 19:54:26,31.61,5685.76,,,,,
1666,04/23/2025 19:55:26,31.66,12154.88,,,,,
1667,04/23/2025 19:56:26,31.70,12088.32,,,,,
1668,04/23/2025 19:57:26,31.74,12231.68,,,,,
1669,04/23/2025 19:58:26,31.79,12554.24,,,,,
1670,04/23/2025 19:59:26,31.79,11709.44,,,,,
1671,04/23/2025 20:00:26,31.79,11852.80,,,,,
1672,04/23/2025 20:01:26,31.79,11653.12,,,,,
1673,04/23/2025 20:02:26,31.79,11576.32,,,,,
1674,04/23/2025 20:03:26,31.79,11233.28,,,,,
1675,04/23/2025 20:04:26,31.83,11361.28,,,,,
1676,04/23/2025 20:05:26,31.79,11806.72,,,,,
1677,04/23/2025 20:06:26,31.83,12861.44,,,,,
1678,04/23/2025 20:07:26,31.83,12989.44,,,,,
1679,04/23/2025 20:08:26,31.87,13122.56,,,,,
1680,04/23/2025 20:09:26,31.83,13383.68,,,,,
1681,04/23/2025 20:10:26,31.92,13793.28,,,,,
1682,04/23/2025 20:11:26,31.92,13972.48,,,,,
1683,04/23/2025 20:12:26,31.83,8412.16,,,,,
1684,04/23/2025 20:13:26,31.92,14039.04,,,,,
1685,04/23/2025 20:14:26,31.92,14279.68,,,,,
1686,04/23/2025 20:15:26,31.92,14392.32,,,,,
1687,04/23/2025 20:16:26,31.92,14622.72,,,,,
1688,04/23/2025 20:17:26,31.96,15191.04,,,,,
1689,04/23/2025 20:18:26,31.96,15621.12,,,,,
1690,04/23/2025 20:19:26,32.00,15728.64,,,,,
1691,04/23/2025 20:20:26,32.04,15784.96,,,,,
1692,04/23/2025 20:21:26,32.00,15918.08,,,,,
1693,04/23/2025 20:22:26,32.09,16394.24,,,,,
1694,04/23/2025 20:23:26,32.09,17315.84,,,,,
1695,04/23/2025 20:24:26,32.09,18114.56,,,,,
1696,04/23/2025 20:25:26,32.09,17853.44,,,,,
1697,04/23/2025 20:26:26,32.09,18196.48,,,,,
1698,04/23/2025 20:27:26,32.13,17914.88,,,,,
1699,04/23/2025 20:28:26,32.13,18017.28,,,,,
1700,04/23/2025 20:29:26,32.13,18483.20,,,,,
1701,04/23/2025 20:30:26,32.13,18549.76,,,,,
1702,04/23/2025 20:31:26,32.17,19512.32,,,,,
1703,04/23/2025 20:32:26,32.17,15365.12,,,,,
1704,04/23/2025 20:33:26,32.00,15605.76,,,,,
1705,04/23/2025 20:34:26,32.17,21473.28,,,,,
1706,04/23/2025 20:35:26,32.22,22384.64,,,,,
1707,04/23/2025 20:36:26,32.30,22251.52,,,,,
1708,04/23/2025 20:37:26,32.30,22538.24,,,,,
1709,04/23/2025 20:38:26,32.39,23142.40,,,,,
1710,04/23/2025 20:39:26,32.34,23336.96,,,,,
1711,04/23/2025 20:40:26,32.34,23142.40,,,,,
1712,04/23/2025 20:41:26,32.34,12866.56,,,,,
1713,04/23/2025 20:42:26,32.34,24760.32,,,,,
1714,04/23/2025 20:43:26,32.30,8583.68,,,,,
1715,04/23/2025 20:44:26,32.39,24535.04,,,,,
1716,04/23/2025 20:45:26,32.43,23654.40,,,,,
1717,04/23/2025 20:46:26,32.43,23531.52,,,,,
1718,04/23/2025 20:47:26,32.47,23746.56,,,,,
1719,04/23/2025 20:48:26,32.47,23889.92,,,,,
1720,04/23/2025 20:49:26,32.43,23664.64,,,,,
1721,04/23/2025 20:50:26,32.47,23418.88,,,,,
1722,04/23/2025 20:51:26,32.43,23234.56,,,,,
1723,04/23/2025 20:52:26,32.47,22845.44,,,,,
1724,04/23/2025 20:53:26,32.47,21534.72,,,,,
1725,04/23/2025 20:54:26,32.47,21288.96,,,,,
1726,04/23/2025 20:55:26,32.43,21821.44,,,,,
1727,04/23/2025 20:56:26,32.43,21452.80,,,,,
1728,04/23/2025 20:57:26,32.47,22609.92,,,,,
1729,04/23/2025 20:58:26,32.47,23255.04,,,,,
1730,04/23/2025 20:59:26,32.47,23900.16,,,,,
1731,04/23/2025 21:00:26,32.52,24084.48,,,,,
1732,04/23/2025 21:01:26,32.47,23992.32,,,,,
1733,04/23/2025 21:02:26,32.47,23971.84,,,,,
1734,04/23/2025 21:03:26,32.47,23664.64,,,,,
1735,04/23/2025 21:04:26,32.52,23121.92,,,,,
1736,04/23/2025 21:05:26,32.52,22558.72,,,,,
1737,04/23/2025 21:06:26,32.52,22067.20,,,,,
1738,04/23/2025 21:07:26,32.47,22118.40,,,,,
1739,04/23/2025 21:08:26,32.43,22138.88,,,,,
1740,04/23/2025 21:09:26,32.43,22763.52,,,,,
1741,04/23/2025 21:10:26,32.52,23818.24,,,,,
1742,04/23/2025 21:11:26,32.47,23193.60,,,,,
1743,04/23/2025 21:12:26,32.52,23060.48,,,,,
1744,04/23/2025 21:13:26,32.56,22988.80,,,,,
1745,04/23/2025 21:14:26,32.52,23009.28,,,,,
1746,04/23/2025 21:15:26,32.52,23838.72,,,,,
1747,04/23/2025 21:16:26,32.52,24872.96,,,,,
1748,04/23/2025 21:17:26,32.56,24965.12,,,,,
1749,04/23/2025 21:18:26,32.47,23521.28,,,,,
1750,04/23/2025 21:19:26,32.52,22722.56,,,,,
1751,04/23/2025 21:20:26,32.52,17930.24,,,,,
1752,04/23/2025 21:21:26,32.52,20915.20,,,,,
1753,04/23/2025 21:22:26,32.47,19394.56,,,,,
1754,04/23/2025 21:23:26,32.43,19194.88,,,,,
1755,04/23/2025 21:24:26,32.43,18037.76,,,,,
1756,04/23/2025 21:25:26,32.39,18227.20,,,,,
1757,04/23/2025 21:26:26,32.39,19184.64,,,,,
1758,04/23/2025 21:27:26,32.39,19312.64,,,,,
1759,04/23/2025 21:28:26,32.39,20469.76,,,,,
1760,04/23/2025 21:29:26,32.43,19937.28,,,,,
1761,04/23/2025 21:30:26,32.43,19870.72,,,,,
1762,04/23/2025 21:31:26,32.43,19312.64,,,,,
1763,04/23/2025 21:32:26,32.30,19066.88,,,,,
1764,04/23/2025 21:33:26,32.34,18647.04,,,,,
1765,04/23/2025 21:34:26,32.34,19609.60,,,,,
1766,04/23/2025 21:35:26,32.39,20264.96,,,,,
1767,04/23/2025 21:36:26,32.43,19942.40,,,,,
1768,04/23/2025 21:37:26,32.34,19256.32,,,,,
1769,04/23/2025 21:38:26,32.39,18862.08,,,,,
1770,04/23/2025 21:39:26,32.34,17950.72,,,,,
1771,04/23/2025 21:40:26,32.34,17587.20,,,,,
1772,04/23/2025 21:41:26,32.34,17530.88,,,,,
1773,04/23/2025 21:42:26,32.39,17510.40,,,,,
1774,04/23/2025 21:43:26,32.30,17136.64,,,,,
1775,04/23/2025 21:44:26,32.34,16337.92,,,,,
1776,04/23/2025 21:45:26,32.34,16517.12,,,,,
1777,04/23/2025 21:46:26,32.30,15810.56,,,,,
1778,04/23/2025 21:47:26,32.30,15518.72,,,,,
1779,04/23/2025 21:48:26,32.26,15098.88,,,,,
1780,04/23/2025 21:49:26,32.26,14720.00,,,,,
1781,04/23/2025 21:50:26,32.22,14894.08,,,,,
1782,04/23/2025 21:51:26,32.26,14919.68,,,,,
1783,04/23/2025 21:52:26,32.26,15057.92,,,,,
1784,04/23/2025 21:53:26,32.30,15011.84,,,,,
1785,04/23/2025 21:54:26,32.26,15278.08,,,,,
1786,04/23/2025 21:55:26,32.26,15564.80,,,,,
1787,04/23/2025 21:56:26,32.26,15708.16,,,,,
1788,04/23/2025 21:57:26,32.26,15580.16,,,,,
1789,04/23/2025 21:58:26,32.30,15728.64,,,,,
1790,04/23/2025 21:59:26,32.26,15590.40,,,,,
1791,04/23/2025 22:00:26,32.30,15738.88,,,,,
1792,04/23/2025 22:01:26,32.22,15836.16,,,,,
1793,04/23/2025 22:02:26,32.26,15810.56,,,,,
1794,04/23/2025 22:03:26,32.26,15728.64,,,,,
1795,04/23/2025 22:04:26,32.30,15815.68,,,,,
1796,04/23/2025 22:05:26,32.30,16235.52,,,,,
1797,04/23/2025 22:06:26,32.30,16266.24,,,,,
1798,04/23/2025 22:07:26,32.30,16563.20,,,,,
1799,04/23/2025 22:08:26,32.30,16276.48,,,,,
1800,04/23/2025 22:09:26,32.26,15953.92,,,,,
1801,04/23/2025 22:10:26,32.26,16215.04,,,,,
1802,04/23/2025 22:11:26,32.26,16291.84,,,,,
1803,04/23/2025 22:12:26,32.30,16527.36,,,,,
1804,04/23/2025 22:13:26,32.26,16655.36,,,,,
1805,04/23/2025 22:14:26,32.26,16184.32,,,,,
1806,04/23/2025 22:15:26,32.26,16378.88,,,,,
1807,04/23/2025 22:16:26,32.30,16419.84,,,,,
1808,04/23/2025 22:17:26,32.26,16563.20,,,,,
1809,04/23/2025 22:18:26,32.26,16230.40,,,,,
1810,04/23/2025 22:19:26,32.34,16168.96,,,,,
1811,04/23/2025 22:20:26,32.26,15672.32,,,,,
1812,04/23/2025 22:21:26,32.26,15303.68,,,,,
1813,04/23/2025 22:22:26,32.30,14981.12,,,,,
1814,04/23/2025 22:23:26,32.26,14417.92,,,,,
1815,04/23/2025 22:24:26,32.26,13926.40,,,,,
1816,04/23/2025 22:25:26,32.26,13777.92,,,,,
1817,04/23/2025 22:26:26,32.22,13568.00,,,,,
1818,04/23/2025 22:27:26,32.22,13219.84,,,,,
1819,04/23/2025 22:28:26,32.22,13071.36,,,,,
1820,04/23/2025 22:29:26,32.17,12753.92,,,,,
1821,04/23/2025 22:30:26,32.22,12584.96,,,,,
1822,04/23/2025 22:31:26,32.17,12180.48,,,,,
1823,04/23/2025 22:32:26,32.13,11791.36,,,,,
1824,04/23/2025 22:33:26,32.17,11668.48,,,,,
1825,04/23/2025 22:34:26,32.09,11525.12,,,,,
1826,04/23/2025 22:35:26,32.13,11560.96,,,,,
1827,04/23/2025 22:36:26,32.13,11530.24,,,,,
1828,04/23/2025 22:37:26,32.13,11443.20,,,,,
1829,04/23/2025 22:38:26,32.09,11258.88,,,,,
1830,04/23/2025 22:39:26,32.09,11064.32,,,,,
1831,04/23/2025 22:40:26,32.13,10644.48,,,,,
1832,04/23/2025 22:41:26,32.09,10506.24,,,,,
1833,04/23/2025 22:42:26,32.04,10378.24,,,,,
1834,04/23/2025 22:43:26,32.09,10854.40,,,,,
1835,04/23/2025 22:44:26,32.09,10972.16,,,,,
1836,04/23/2025 22:45:26,32.09,11136.00,,,,,
1837,04/23/2025 22:46:26,32.04,10987.52,,,,,
1838,04/23/2025 22:47:26,32.04,10951.68,,,,,
1839,04/23/2025 22:48:26,32.04,10880.00,,,,,
1840,04/23/2025 22:49:26,32.04,11013.12,,,,,
1841,04/23/2025 22:50:26,32.09,10808.32,,,,,
1842,04/23/2025 22:51:26,32.00,10293.76,,,,,
1843,04/23/2025 22:52:26,32.04,9899.52,,,,,
1844,04/23/2025 22:53:26,32.00,9415.68,,,,,
1845,04/23/2025 22:54:26,32.00,8916.48,,,,,
1846,04/23/2025 22:55:26,32.00,8509.44,,,,,
1847,04/23/2025 22:56:26,31.92,8320.00,,,,,
1848,04/23/2025 22:57:26,31.92,8071.68,,,,,
1849,04/23/2025 22:58:26,31.92,7513.60,,,,,
1850,04/23/2025 22:59:26,31.87,7900.16,,,,,
1851,04/23/2025 23:00:26,31.92,7841.28,,,,,
1852,04/23/2025 23:01:26,31.87,7500.80,,,,,
1853,04/23/2025 23:02:26,31.87,7436.80,,,,,
1854,04/23/2025 23:03:26,31.83,7344.64,,,,,
1855,04/23/2025 23:04:26,31.87,7429.12,,,,,
1856,04/23/2025 23:05:26,31.83,7449.60,,,,,
1857,04/23/2025 23:06:26,31.87,7395.84,,,,,
1858,04/23/2025 23:07:26,31.83,7377.92,,,,,
1859,04/23/2025 23:08:26,31.83,7528.96,,,,,
1860,04/23/2025 23:09:26,31.83,7639.04,,,,,
1861,04/23/2025 23:10:26,31.83,7572.48,,,,,
1862,04/23/2025 23:11:26,31.83,7383.04,,,,,
1863,04/23/2025 23:12:26,31.83,7664.64,,,,,
1864,04/23/2025 23:13:26,31.87,7928.32,,,,,
1865,04/23/2025 23:14:26,31.83,8071.68,,,,,
1866,04/23/2025 23:15:26,31.87,7854.08,,,,,
1867,04/23/2025 23:16:26,31.83,7777.28,,,,,
1868,04/23/2025 23:17:26,31.74,7664.64,,,,,
1869,04/23/2025 23:18:26,31.79,7488.00,,,,,
1870,04/23/2025 23:19:26,31.79,7349.76,,,,,
1871,04/23/2025 23:20:26,31.74,7290.88,,,,,
1872,04/23/2025 23:21:26,31.79,7042.56,,,,,
1873,04/23/2025 23:22:26,31.79,6917.12,,,,,
1874,04/23/2025 23:23:26,31.74,6609.92,,,,,
1875,04/23/2025 23:24:26,31.79,6568.96,,,,,
1876,04/23/2025 23:25:26,31.74,6622.72,,,,,
1877,04/23/2025 23:26:26,31.74,6502.40,,,,,
1878,04/23/2025 23:27:26,31.70,6440.96,,,,,
1879,04/23/2025 23:28:26,31.66,5731.84,,,,,
1880,04/23/2025 23:29:26,31.66,4104.96,,,,,
1881,04/23/2025 23:30:26,31.66,5058.56,,,,,
1882,04/23/2025 23:31:26,31.70,5231.36,,,,,
1883,04/23/2025 23:32:26,31.66,4707.84,,,,,
1884,04/23/2025 23:33:26,31.61,4307.20,,,,,
1885,04/23/2025 23:34:26,31.61,4071.68,,,,,
1886,04/23/2025 23:35:26,31.61,4032.00,,,,,
1887,04/23/2025 23:36:26,31.57,3845.12,,,,,
1888,04/23/2025 23:37:26,31.57,2602.88,,,,,
1889,04/23/2025 23:38:26,31.53,3390.72,,,,,
1890,04/23/2025 23:39:26,31.57,3168.00,,,,,
1891,04/23/2025 23:40:26,31.44,3068.16,,,,,
1892,04/23/2025 23:41:26,31.49,2969.60,,,,,
1893,04/23/2025 23:42:26,31.49,3229.44,,,,,
1894,04/23/2025 23:43:26,31.53,2777.60,,,,,
1895,04/23/2025 23:44:26,31.49,2676.48,,,,,
1896,04/23/2025 23:45:26,31.44,2340.48,,,,,
1897,04/23/2025 23:46:26,31.44,2581.12,,,,,
1898,04/23/2025 23:47:26,31.44,2480.00,,,,,
1899,04/23/2025 23:48:26,31.44,2155.52,,,,,
1900,04/23/2025 23:49:26,31.44,2060.80,,,,,
1901,04/23/2025 23:50:26,31.44,2035.84,,,,,
1902,04/23/2025 23:51:26,31.36,1975.04,,,,,
1903,04/23/2025 23:52:26,31.44,1989.76,,,,,
1904,04/23/2025 23:53:26,31.36,1865.60,,,,,
1905,04/23/2025 23:54:26,31.36,1829.76,,,,,
1906,04/23/2025 23:55:26,31.36,1677.44,,,,,
1907,04/23/2025 23:56:26,31.36,1719.68,,,,,
1908,04/23/2025 23:57:26,31.40,1755.52,,,,,
1909,04/23/2025 23:58:26,31.36,1734.40,,,,,
1910,04/23/2025 23:59:26,31.40,1724.80,,,,,
1911,04/24/2025 00:00:26,31.36,1688.32,,,,,
1912,04/24/2025 00:01:26,31.36,1678.72,,,,,
1913,04/24/2025 00:02:26,31.36,1749.12,,,,,
1914,04/24/2025 00:03:26,31.31,1790.08,,,,,
1915,04/24/2025 00:04:26,31.36,1808.00,,,,,
1916,04/24/2025 00:05:26,31.36,1649.28,,,,,
1917,04/24/2025 00:06:26,31.36,1685.12,,,,,
1918,04/24/2025 00:07:26,31.31,1664.00,,,,,
1919,04/24/2025 00:08:26,31.36,1637.76,,,,,
1920,04/24/2025 00:09:26,31.31,1655.68,,,,,
1921,04/24/2025 00:10:26,31.27,1598.72,,,,,
1922,04/24/2025 00:11:26,31.31,1614.08,,,,,
1923,04/24/2025 00:12:26,31.27,1557.76,,,,,
1924,04/24/2025 00:13:26,31.36,1537.28,,,,,
1925,04/24/2025 00:14:26,31.31,1537.28,,,,,
1926,04/24/2025 00:15:26,31.27,1498.88,,,,,
1927,04/24/2025 00:16:26,31.27,1459.84,,,,,
1928,04/24/2025 00:17:26,31.27,1525.76,,,,,
1929,04/24/2025 00:18:26,31.27,1534.08,,,,,
1930,04/24/2025 00:19:26,31.27,1496.32,,,,,
1931,04/24/2025 00:20:26,31.23,1528.32,,,,,
1932,04/24/2025 00:21:26,31.27,1821.44,,,,,
1933,04/24/2025 00:22:26,31.23,2281.60,,,,,
1934,04/24/2025 00:23:26,31.23,2298.24,,,,,
1935,04/24/2025 00:24:26,31.27,1998.08,,,,,
1936,04/24/2025 00:25:26,31.27,1863.68,,,,,
1937,04/24/2025 00:26:26,31.27,1924.48,,,,,
1938,04/24/2025 00:27:26,31.23,2049.28,,,,,
1939,04/24/2025 00:28:26,31.23,1909.76,,,,,
1940,04/24/2025 00:29:26,31.23,1778.56,,,,,
1941,04/24/2025 00:30:26,31.23,1868.80,,,,,
1942,04/24/2025 00:31:26,31.23,1781.76,,,,,
1943,04/24/2025 00:32:26,31.23,1706.88,,,,,
1944,04/24/2025 00:33:26,31.19,1742.72,,,,,
1945,04/24/2025 00:34:26,31.23,1845.76,,,,,
1946,04/24/2025 00:35:26,31.27,1919.36,,,,,
1947,04/24/2025 00:36:26,31.27,1919.36,,,,,
1948,04/24/2025 00:37:26,31.23,1825.92,,,,,
1949,04/24/2025 00:38:26,31.23,1745.92,,,,,
1950,04/24/2025 00:39:26,31.27,1716.48,,,,,
1951,04/24/2025 00:40:26,31.23,1692.16,,,,,
1952,04/24/2025 00:41:26,31.19,1696.64,,,,,
1953,04/24/2025 00:42:26,31.19,1701.76,,,,,
1954,04/24/2025 00:43:26,31.19,1832.96,,,,,
1955,04/24/2025 00:44:26,31.23,1911.68,,,,,
1956,04/24/2025 00:45:26,31.19,1967.36,,,,,
1957,04/24/2025 00:46:26,31.23,1952.64,,,,,
1958,04/24/2025 00:47:26,31.23,1857.28,,,,,
1959,04/24/2025 00:48:26,31.23,1844.48,,,,,
1960,04/24/2025 00:49:26,31.23,1883.52,,,,,
1961,04/24/2025 00:50:26,31.23,1918.08,,,,,
1962,04/24/2025 00:51:26,31.19,1914.88,,,,,
1963,04/24/2025 00:52:26,31.19,1548.80,,,,,
1964,04/24/2025 00:53:26,31.19,1468.80,,,,,
1965,04/24/2025 00:54:26,31.19,1458.56,,,,,
1966,04/24/2025 00:55:26,31.19,1528.96,,,,,
1967,04/24/2025 00:56:26,31.14,1640.96,,,,,
1968,04/24/2025 00:57:26,31.14,1742.72,,,,,
1969,04/24/2025 00:58:26,31.14,1670.40,,,,,
1970,04/24/2025 00:59:26,31.14,1532.80,,,,,
1971,04/24/2025 01:00:26,31.14,1530.24,,,,,
1972,04/24/2025 01:01:26,31.14,1673.60,,,,,
1973,04/24/2025 01:02:26,31.19,1634.56,,,,,
1974,04/24/2025 01:03:26,31.14,1622.40,,,,,
1975,04/24/2025 01:04:26,31.14,1605.12,,,,,
1976,04/24/2025 01:05:26,31.14,1596.16,,,,,
1977,04/24/2025 01:06:26,31.10,1329.28,,,,,
1978,04/24/2025 01:07:26,31.14,1226.88,,,,,
1979,04/24/2025 01:08:26,31.14,1508.48,,,,,
1980,04/24/2025 01:09:26,31.10,1476.48,,,,,
1981,04/24/2025 01:10:26,31.14,1459.84,,,,,
1982,04/24/2025 01:11:26,31.10,1476.48,,,,,
1983,04/24/2025 01:12:26,31.14,1342.08,,,,,
1984,04/24/2025 01:13:26,31.14,1407.36,,,,,
1985,04/24/2025 01:14:26,31.14,1338.24,,,,,
1986,04/24/2025 01:15:26,31.10,1295.68,,,,,
1987,04/24/2025 01:16:26,31.06,1270.08,,,,,
1988,04/24/2025 01:17:26,31.06,1240.64,,,,,
1989,04/24/2025 01:18:26,31.06,1226.88,,,,,
1990,04/24/2025 01:19:26,31.10,1202.24,,,,,
1991,04/24/2025 01:20:26,31.06,1169.60,,,,,
1992,04/24/2025 01:21:26,31.10,1136.64,,,,,
1993,04/24/2025 01:22:26,31.06,1104.64,,,,,
1994,04/24/2025 01:23:26,31.06,1081.92,,,,,
1995,04/24/2025 01:24:26,31.10,1047.36,,,,,
1996,04/24/2025 01:25:26,31.06,991.04,,,,,
1997,04/24/2025 01:26:26,31.10,813.12,,,,,
1998,04/24/2025 01:27:26,31.10,804.16,,,,,
1999,04/24/2025 01:28:26,31.01,905.60,,,,,
2000,04/24/2025 01:29:26,31.06,912.96,,,,,
2001,04/24/2025 01:30:26,31.01,859.84,,,,,
2002,04/24/2025 01:31:26,31.06,840.32,,,,,
2003,04/24/2025 01:32:26,31.01,831.36,,,,,
2004,04/24/2025 01:33:26,31.06,795.20,,,,,
2005,04/24/2025 01:34:26,31.01,776.32,,,,,
2006,04/24/2025 01:35:26,31.01,713.60,,,,,
2007,04/24/2025 01:36:26,31.01,635.52,,,,,
2008,04/24/2025 01:37:26,31.06,620.80,,,,,
2009,04/24/2025 01:38:26,31.01,628.16,,,,,
2010,04/24/2025 01:39:26,31.06,618.40,,,,,
2011,04/24/2025 01:40:26,31.01,558.08,,,,,
2012,04/24/2025 01:41:26,30.97,504.48,,,,,
2013,04/24/2025 01:42:26,31.01,469.28,,,,,
2014,04/24/2025 01:43:26,31.01,441.76,,,,,
2015,04/24/2025 01:44:26,31.01,417.28,,,,,
2016,04/24/2025 01:45:26,30.97,399.20,,,,,
2017,04/24/2025 01:46:26,30.97,381.28,,,,,
2018,04/24/2025 01:47:26,30.97,365.28,,,,,
2019,04/24/2025 01:48:26,30.97,344.80,,,,,
2020,04/24/2025 01:49:26,30.97,328.32,,,,,
2021,04/24/2025 01:50:26,30.97,312.00,,,,,
2022,04/24/2025 01:51:26,30.97,296.24,,,,,
2023,04/24/2025 01:52:26,30.97,278.24,,,,,
2024,04/24/2025 01:53:26,30.93,257.60,,,,,
2025,04/24/2025 01:54:26,30.97,241.20,,,,,
2026,04/24/2025 01:55:26,30.97,226.40,,,,,
2027,04/24/2025 01:56:26,30.93,214.80,,,,,
2028,04/24/2025 01:57:26,30.93,202.48,,,,,
2029,04/24/2025 01:58:26,30.93,194.32,,,,,
2030,04/24/2025 01:59:26,30.93,180.40,,,,,
2031,04/24/2025 02:00:26,30.93,165.44,,,,,
2032,04/24/2025 02:01:26,30.93,148.96,,,,,
2033,04/24/2025 02:02:26,30.93,137.40,,,,,
2034,04/24/2025 02:03:26,30.97,124.28,,,,,
2035,04/24/2025 02:04:26,30.89,111.08,,,,,
2036,04/24/2025 02:05:26,30.93,98.68,,,,,
2037,04/24/2025 02:06:26,30.93,84.76,,,,,
2038,04/24/2025 02:07:26,30.93,74.84,,,,,
2039,04/24/2025 02:08:26,30.89,64.96,,,,,
2040,04/24/2025 02:09:26,30.97,56.72,,,,,
2041,04/24/2025 02:10:26,30.93,48.52,,,,,
2042,04/24/2025 02:11:26,30.89,43.56,,,,,
2043,04/24/2025 02:12:26,30.93,38.24,,,,,
2044,04/24/2025 02:13:26,30.93,27.08,,,,,
2045,04/24/2025 02:14:26,30.89,20.29,,,,,
2046,04/24/2025 02:15:26,30.89,24.21,,,,,
2047,04/24/2025 02:16:26,30.84,19.47,,,,,
2048,04/24/2025 02:17:26,30.89,16.17,,,,,
2049,04/24/2025 02:18:26,30.93,12.69,,,,,
2050,04/24/2025 02:19:26,30.89,9.62,,,,,
2051,04/24/2025 02:20:26,30.84,7.16,,,,,
2052,04/24/2025 02:21:26,30.89,5.52,,,,,
2053,04/24/2025 02:22:26,30.89,4.09,,,,,
2054,04/24/2025 02:23:26,30.89,3.07,,,,,
2055,04/24/2025 02:24:26,30.84,2.25,,,,,
2056,04/24/2025 02:25:26,30.84,2.04,,,,,
2057,04/24/2025 02:26:26,30.84,1.22,,,,,
2058,04/24/2025 02:27:26,30.84,1.02,,,,,
2059,04/24/2025 02:28:26,30.80,0.81,,,,,
2060,04/24/2025 02:29:26,30.84,0.61,,,,,
2061,04/24/2025 02:30:26,30.84,0.40,,,,,
2062,04/24/2025 02:31:26,30.84,0.20,,,,,
2063,04/24/2025 02:32:26,30.80,0.20,,,,,
2064,04/24/2025 02:33:26,30.80,0.00,,,,,
2065,04/24/2025 02:34:26,30.80,0.00,,,,,
2066,04/24/2025 02:35:26,30.84,0.00,,,,,
2067,04/24/2025 02:36:26,30.80,0.00,,,,,
2068,04/24/2025 02:37:26,30.80,0.00,,,,,
2069,04/24/2025 02:38:26,30.80,0.00,,,,,
2070,04/24/2025 02:39:26,30.76,0.00,,,,,
2071,04/24/2025 02:40:26,30.76,0.00,,,,,
2072,04/24/2025 02:41:26,30.80,0.00,,,,,
2073,04/24/2025 02:42:26,30.80,0.00,,,,,
2074,04/24/2025 02:43:26,30.80,0.00,,,,,
2075,04/24/2025 02:44:26,30.84,0.00,,,,,
2076,04/24/2025 02:45:26,30.80,0.00,,,,,
2077,04/24/2025 02:46:26,30.80,0.00,,,,,
2078,04/24/2025 02:47:26,30.84,0.00,,,,,
2079,04/24/2025 02:48:26,30.80,0.00,,,,,
2080,04/24/2025 02:49:26,30.80,0.00,,,,,
2081,04/24/2025 02:50:26,30.80,0.00,,,,,
2082,04/24/2025 02:51:26,30.76,0.00,,,,,
2083,04/24/2025 02:52:26,30.76,0.00,,,,,
2084,04/24/2025 02:53:26,30.80,0.00,,,,,
2085,04/24/2025 02:54:26,30.80,0.00,,,,,
2086,04/24/2025 02:55:26,30.80,0.00,,,,,
2087,04/24/2025 02:56:26,30.80,0.00,,,,,
2088,04/24/2025 02:57:26,30.76,0.00,,,,,
2089,04/24/2025 02:58:26,30.76,0.00,,,,,
2090,04/24/2025 02:59:26,30.80,0.00,,,,,
2091,04/24/2025 03:00:26,30.80,0.00,,,,,
2092,04/24/2025 03:01:26,30.76,0.00,,,,,
2093,04/24/2025 03:02:26,30.80,0.00,,,,,
2094,04/24/2025 03:03:26,30.76,0.20,,,,,
2095,04/24/2025 03:04:26,30.76,0.00,,,,,
2096,04/24/2025 03:05:26,30.71,0.00,,,,,
2097,04/24/2025 03:06:26,30.76,0.00,,,,,
2098,04/24/2025 03:07:26,30.71,0.00,,,,,
2099,04/24/2025 03:08:26,30.76,0.00,,,,,
2100,04/24/2025 03:09:26,30.80,0.00,,,,,
2101,04/24/2025 03:10:26,30.76,0.00,,,,,
2102,04/24/2025 03:11:26,30.76,0.00,,,,,
2103,04/24/2025 03:12:26,30.76,0.00,,,,,
2104,04/24/2025 03:13:26,30.71,0.00,,,,,
2105,04/24/2025 03:14:26,30.76,0.00,,,,,
2106,04/24/2025 03:15:26,30.76,0.00,,,,,
2107,04/24/2025 03:16:26,30.76,0.00,,,,,
2108,04/24/2025 03:17:26,30.76,0.00,,,,,
2109,04/24/2025 03:18:26,30.71,0.00,,,,,
2110,04/24/2025 03:19:26,30.76,0.00,,,,,
2111,04/24/2025 03:20:26,30.76,0.00,,,,,
2112,04/24/2025 03:21:26,30.76,0.00,,,,,
2113,04/24/2025 03:22:26,30.76,0.00,,,,,
2114,04/24/2025 03:23:26,30.80,0.00,,,,,
2115,04/24/2025 03:24:26,30.76,0.00,,,,,
2116,04/24/2025 03:25:26,30.80,0.00,,,,,
2117,04/24/2025 03:26:26,30.80,0.00,,,,,
2118,04/24/2025 03:27:26,30.76,0.00,,,,,
2119,04/24/2025 03:28:26,30.71,0.00,,,,,
2120,04/24/2025 03:29:26,30.76,0.00,,,,,
2121,04/24/2025 03:30:26,30.76,0.00,,,,,
2122,04/24/2025 03:31:26,30.76,0.00,,,,,
2123,04/24/2025 03:32:26,30.80,0.00,,,,,
2124,04/24/2025 03:33:26,30.80,0.00,,,,,
2125,04/24/2025 03:34:26,30.80,0.00,,,,,
2126,04/24/2025 03:35:26,30.80,0.00,,,,,
2127,04/24/2025 03:36:26,30.80,0.00,,,,,
2128,04/24/2025 03:37:26,30.80,0.00,,,,,
2129,04/24/2025 03:38:26,30.80,0.00,,,,,
2130,04/24/2025 03:39:26,30.80,0.00,,,,,
2131,04/24/2025 03:40:26,30.80,0.00,,,,,
2132,04/24/2025 03:41:26,30.84,0.00,,,,,
2133,04/24/2025 03:42:26,30.84,0.00,,,,,
2134,04/24/2025 03:43:26,30.80,0.00,,,,,
2135,04/24/2025 03:44:26,30.80,0.00,,,,,
2136,04/24/2025 03:45:26,30.80,0.00,,,,,
2137,04/24/2025 03:46:26,30.84,0.00,,,,,
2138,04/24/2025 03:47:26,30.84,0.00,,,,,
2139,04/24/2025 03:48:26,30.84,0.00,,,,,
2140,04/24/2025 03:49:26,30.84,0.00,,,,,
2141,04/24/2025 03:50:26,30.80,0.00,,,,,
2142,04/24/2025 03:51:26,30.84,0.00,,,,,
2143,04/24/2025 03:52:26,30.84,0.00,,,,,
2144,04/24/2025 03:53:26,30.89,0.00,,,,,
2145,04/24/2025 03:54:26,30.89,0.00,,,,,
2146,04/24/2025 03:55:26,30.89,0.00,,,,,
2147,04/24/2025 03:56:26,30.84,0.20,,,,,
2148,04/24/2025 03:57:26,30.89,0.00,,,,,
2149,04/24/2025 03:58:26,30.93,0.00,,,,,
2150,04/24/2025 03:59:26,30.89,0.00,,,,,
2151,04/24/2025 04:00:26,30.89,0.00,,,,,
2152,04/24/2025 04:01:26,30.89,0.00,,,,,
2153,04/24/2025 04:02:26,30.93,0.00,,,,,
2154,04/24/2025 04:03:26,30.93,0.00,,,,,
2155,04/24/2025 04:04:26,30.97,0.00,,,,,
2156,04/24/2025 04:05:26,30.93,0.00,,,,,
2157,04/24/2025 04:06:26,30.89,0.00,,,,,
2158,04/24/2025 04:07:26,30.93,0.00,,,,,
2159,04/24/2025 04:08:26,30.93,0.00,,,,,
2160,04/24/2025 04:09:26,30.93,0.00,,,,,
2161,04/24/2025 04:10:26,30.93,0.00,,,,,
2162,04/24/2025 04:11:26,30.93,0.00,,,,,
2163,04/24/2025 04:12:26,30.93,0.00,,,,,
2164,04/24/2025 04:13:26,30.97,0.00,,,,,
2165,04/24/2025 04:14:26,30.93,0.00,,,,,
2166,04/24/2025 04:15:26,30.89,0.00,,,,,
2167,04/24/2025 04:16:26,30.97,0.00,,,,,
2168,04/24/2025 04:17:26,30.97,0.00,,,,,
2169,04/24/2025 04:18:26,30.93,0.00,,,,,
2170,04/24/2025 04:19:26,31.01,0.00,,,,,
2171,04/24/2025 04:20:26,30.97,0.00,,,,,
2172,04/24/2025 04:21:26,30.97,0.00,,,,,
2173,04/24/2025 04:22:26,31.01,0.00,,,,,
2174,04/24/2025 04:23:26,31.06,0.00,,,,,
2175,04/24/2025 04:24:26,31.01,0.00,,,,,
2176,04/24/2025 04:25:26,30.97,0.00,,,,,
2177,04/24/2025 04:26:26,31.01,0.00,,,,,
2178,04/24/2025 04:27:26,30.97,0.00,,,,,
2179,04/24/2025 04:28:26,31.01,0.00,,,,,
2180,04/24/2025 04:29:26,30.97,0.00,,,,,
2181,04/24/2025 04:30:26,31.01,0.00,,,,,
2182,04/24/2025 04:31:26,31.01,0.00,,,,,
2183,04/24/2025 04:32:26,31.01,0.00,,,,,
2184,04/24/2025 04:33:26,31.01,0.00,,,,,
2185,04/24/2025 04:34:26,31.06,0.20,,,,,
2186,04/24/2025 04:35:26,31.06,0.00,,,,,
2187,04/24/2025 04:36:26,31.01,0.00,,,,,
2188,04/24/2025 04:37:26,31.01,0.00,,,,,
2189,04/24/2025 04:38:26,31.01,0.00,,,,,
2190,04/24/2025 04:39:26,31.01,0.00,,,,,
2191,04/24/2025 04:40:26,31.01,0.00,,,,,
2192,04/24/2025 04:41:26,31.06,0.00,,,,,
2193,04/24/2025 04:42:26,31.01,0.00,,,,,
2194,04/24/2025 04:43:26,31.01,0.00,,,,,
2195,04/24/2025 04:44:26,31.06,0.00,,,,,
2196,04/24/2025 04:45:26,31.06,0.00,,,,,
2197,04/24/2025 04:46:26,31.06,0.00,,,,,
2198,04/24/2025 04:47:26,31.06,0.00,,,,,
2199,04/24/2025 04:48:26,31.06,0.00,,,,,
2200,04/24/2025 04:49:26,31.06,0.00,,,,,
2201,04/24/2025 04:50:26,31.06,0.00,,,,,
2202,04/24/2025 04:51:26,31.10,0.00,,,,,
2203,04/24/2025 04:52:26,31.06,0.00,,,,,
2204,04/24/2025 04:53:26,31.06,0.00,,,,,
2205,04/24/2025 04:54:26,31.10,0.00,,,,,
2206,04/24/2025 04:55:26,31.10,0.00,,,,,
2207,04/24/2025 04:56:26,31.10,0.00,,,,,
2208,04/24/2025 04:57:26,31.06,0.00,,,,,
2209,04/24/2025 04:58:26,31.10,0.00,,,,,
2210,04/24/2025 04:59:26,31.06,0.00,,,,,
2211,04/24/2025 05:00:26,31.10,0.00,,,,,
2212,04/24/2025 05:01:26,31.10,0.00,,,,,
2213,04/24/2025 05:02:26,31.06,0.00,,,,,
2214,04/24/2025 05:03:26,31.06,0.00,,,,,
2215,04/24/2025 05:04:26,31.06,0.00,,,,,
2216,04/24/2025 05:05:26,31.14,0.00,,,,,
2217,04/24/2025 05:06:26,31.10,0.00,,,,,
2218,04/24/2025 05:07:26,31.10,0.00,,,,,
2219,04/24/2025 05:08:26,31.14,0.00,,,,,
2220,04/24/2025 05:09:26,31.10,0.00,,,,,
2221,04/24/2025 05:10:26,31.19,0.00,,,,,
2222,04/24/2025 05:11:26,31.10,0.00,,,,,
2223,04/24/2025 05:12:26,31.14,0.00,,,,,
2224,04/24/2025 05:13:26,31.14,0.00,,,,,
2225,04/24/2025 05:14:26,31.14,0.00,,,,,
2226,04/24/2025 05:15:26,31.10,0.00,,,,,
2227,04/24/2025 05:16:26,31.10,0.00,,,,,
2228,04/24/2025 05:17:26,31.14,0.00,,,,,
2229,04/24/2025 05:18:26,31.14,0.00,,,,,
2230,04/24/2025 05:19:26,31.10,0.00,,,,,
2231,04/24/2025 05:20:26,31.14,0.00,,,,,
2232,04/24/2025 05:21:26,31.10,0.00,,,,,
2233,04/24/2025 05:22:26,31.10,0.00,,,,,
2234,04/24/2025 05:23:26,31.14,0.00,,,,,
2235,04/24/2025 05:24:26,31.10,0.00,,,,,
2236,04/24/2025 05:25:26,31.14,0.00,,,,,
2237,04/24/2025 05:26:26,31.10,0.00,,,,,
2238,04/24/2025 05:27:26,31.14,0.20,,,,,
2239,04/24/2025 05:28:26,31.14,0.00,,,,,
2240,04/24/2025 05:29:26,31.14,0.00,,,,,
2241,04/24/2025 05:30:26,31.14,0.00,,,,,
2242,04/24/2025 05:31:26,31.14,0.00,,,,,
2243,04/24/2025 05:32:26,31.14,0.00,,,,,
2244,04/24/2025 05:33:26,31.19,0.00,,,,,
2245,04/24/2025 05:34:26,31.14,0.00,,,,,
2246,04/24/2025 05:35:26,31.14,0.00,,,,,
2247,04/24/2025 05:36:26,31.14,0.00,,,,,
2248,04/24/2025 05:37:26,31.19,0.00,,,,,
2249,04/24/2025 05:38:26,31.14,0.00,,,,,
2250,04/24/2025 05:39:26,31.14,0.00,,,,,
2251,04/24/2025 05:40:26,31.14,0.00,,,,,
2252,04/24/2025 05:41:26,31.10,0.00,,,,,
2253,04/24/2025 05:42:26,31.14,0.00,,,,,
2254,04/24/2025 05:43:26,31.14,0.00,,,,,
2255,04/24/2025 05:44:26,31.10,0.00,,,,,
2256,04/24/2025 05:45:26,31.14,0.00,,,,,
2257,04/24/2025 05:46:26,31.10,0.00,,,,,
2258,04/24/2025 05:47:26,31.14,0.00,,,,,
2259,04/24/2025 05:48:26,31.14,0.00,,,,,
2260,04/24/2025 05:49:26,31.14,0.00,,,,,
2261,04/24/2025 05:50:26,31.14,0.00,,,,,
2262,04/24/2025 05:51:26,31.14,0.00,,,,,
2263,04/24/2025 05:52:26,31.19,0.00,,,,,
2264,04/24/2025 05:53:26,31.14,0.00,,,,,
2265,04/24/2025 05:54:26,31.19,0.00,,,,,
2266,04/24/2025 05:55:26,31.14,0.00,,,,,
2267,04/24/2025 05:56:26,31.14,0.00,,,,,
2268,04/24/2025 05:57:26,31.14,0.00,,,,,
2269,04/24/2025 05:58:26,31.19,0.00,,,,,
2270,04/24/2025 05:59:26,31.14,0.00,,,,,
2271,04/24/2025 06:00:26,31.14,0.00,,,,,
2272,04/24/2025 06:01:26,31.19,0.00,,,,,
2273,04/24/2025 06:02:26,31.14,0.00,,,,,
2274,04/24/2025 06:03:26,31.19,0.00,,,,,
2275,04/24/2025 06:04:26,31.14,0.00,,,,,
2276,04/24/2025 06:05:26,31.14,0.20,,,,,
2277,04/24/2025 06:06:26,31.14,0.00,,,,,
2278,04/24/2025 06:07:26,31.19,0.00,,,,,
2279,04/24/2025 06:08:26,31.10,0.00,,,,,
2280,04/24/2025 06:09:26,31.19,0.00,,,,,
2281,04/24/2025 06:10:26,31.14,0.00,,,,,
2282,04/24/2025 06:11:26,31.14,0.00,,,,,
2283,04/24/2025 06:12:26,31.14,0.00,,,,,
2284,04/24/2025 06:13:26,31.19,0.00,,,,,
2285,04/24/2025 06:14:26,31.14,0.00,,,,,
2286,04/24/2025 06:15:26,31.10,0.00,,,,,
2287,04/24/2025 06:16:26,31.14,0.00,,,,,
2288,04/24/2025 06:17:26,31.14,0.00,,,,,
2289,04/24/2025 06:18:26,31.14,0.00,,,,,
2290,04/24/2025 06:19:26,31.14,0.00,,,,,
2291,04/24/2025 06:20:26,31.14,0.00,,,,,
2292,04/24/2025 06:21:26,31.14,0.00,,,,,
2293,04/24/2025 06:22:26,31.14,0.00,,,,,
2294,04/24/2025 06:23:26,31.14,0.00,,,,,
2295,04/24/2025 06:24:26,31.14,0.00,,,,,
2296,04/24/2025 06:25:26,31.19,0.00,,,,,
2297,04/24/2025 06:26:26,31.14,0.00,,,,,
2298,04/24/2025 06:27:26,31.14,0.00,,,,,
2299,04/24/2025 06:28:26,31.10,0.00,,,,,
2300,04/24/2025 06:29:26,31.19,0.00,,,,,
2301,04/24/2025 06:30:26,31.19,0.00,,,,,
2302,04/24/2025 06:31:26,31.19,0.00,,,,,
2303,04/24/2025 06:32:26,31.14,0.00,,,,,
2304,04/24/2025 06:33:26,31.19,0.00,,,,,
2305,04/24/2025 06:34:26,31.14,0.00,,,,,
2306,04/24/2025 06:35:26,31.19,0.00,,,,,
2307,04/24/2025 06:36:26,31.14,0.00,,,,,
2308,04/24/2025 06:37:26,31.14,0.00,,,,,
2309,04/24/2025 06:38:26,31.14,0.00,,,,,
2310,04/24/2025 06:39:26,31.14,0.00,,,,,
2311,04/24/2025 06:40:26,31.19,0.00,,,,,
2312,04/24/2025 06:41:26,31.14,0.00,,,,,
2313,04/24/2025 06:42:26,31.19,0.00,,,,,
2314,04/24/2025 06:43:26,31.19,0.00,,,,,
2315,04/24/2025 06:44:26,31.23,0.00,,,,,
2316,04/24/2025 06:45:26,31.14,0.00,,,,,
2317,04/24/2025 06:46:26,31.14,0.00,,,,,
2318,04/24/2025 06:47:26,31.19,0.00,,,,,
2319,04/24/2025 06:48:26,31.19,0.00,,,,,
2320,04/24/2025 06:49:26,31.14,0.00,,,,,
2321,04/24/2025 06:50:26,31.19,0.00,,,,,
2322,04/24/2025 06:51:26,31.19,0.00,,,,,
2323,04/24/2025 06:52:26,31.19,0.00,,,,,
2324,04/24/2025 06:53:26,31.14,0.00,,,,,
2325,04/24/2025 06:54:26,31.19,0.00,,,,,
2326,04/24/2025 06:55:26,31.14,0.00,,,,,
2327,04/24/2025 06:56:26,31.14,0.00,,,,,
2328,04/24/2025 06:57:26,31.14,0.00,,,,,
2329,04/24/2025 06:58:26,31.14,0.20,,,,,
2330,04/24/2025 06:59:26,31.14,0.00,,,,,
2331,04/24/2025 07:00:26,31.14,0.00,,,,,
2332,04/24/2025 07:01:26,31.19,0.00,,,,,
2333,04/24/2025 07:02:26,31.14,0.00,,,,,
2334,04/24/2025 07:03:26,31.10,0.00,,,,,
2335,04/24/2025 07:04:26,31.10,0.00,,,,,
2336,04/24/2025 07:05:26,31.14,0.00,,,,,
2337,04/24/2025 07:06:26,31.14,0.00,,,,,
2338,04/24/2025 07:07:26,31.10,0.00,,,,,
2339,04/24/2025 07:08:26,31.14,0.00,,,,,
2340,04/24/2025 07:09:26,31.14,0.00,,,,,
2341,04/24/2025 07:10:26,31.14,0.00,,,,,
2342,04/24/2025 07:11:26,31.10,0.00,,,,,
2343,04/24/2025 07:12:26,31.14,0.00,,,,,
2344,04/24/2025 07:13:26,31.14,0.00,,,,,
2345,04/24/2025 07:14:26,31.14,0.00,,,,,
2346,04/24/2025 07:15:26,31.19,0.00,,,,,
2347,04/24/2025 07:16:26,31.14,0.00,,,,,
2348,04/24/2025 07:17:26,31.10,0.00,,,,,
2349,04/24/2025 07:18:26,31.14,0.00,,,,,
2350,04/24/2025 07:19:26,31.14,0.00,,,,,
2351,04/24/2025 07:20:26,31.14,0.00,,,,,
2352,04/24/2025 07:21:26,31.10,0.00,,,,,
2353,04/24/2025 07:22:26,31.14,0.00,,,,,
2354,04/24/2025 07:23:26,31.19,0.00,,,,,
2355,04/24/2025 07:24:26,31.14,0.00,,,,,
2356,04/24/2025 07:25:26,31.10,0.00,,,,,
2357,04/24/2025 07:26:26,31.14,0.00,,,,,
2358,04/24/2025 07:27:26,31.14,0.00,,,,,
2359,04/24/2025 07:28:26,31.14,0.00,,,,,
2360,04/24/2025 07:29:26,31.14,0.00,,,,,
2361,04/24/2025 07:30:26,31.10,0.00,,,,,
2362,04/24/2025 07:31:26,31.14,0.00,,,,,
2363,04/24/2025 07:32:26,31.14,0.00,,,,,
2364,04/24/2025 07:33:26,31.14,0.00,,,,,
2365,04/24/2025 07:34:26,31.10,0.00,,,,,
2366,04/24/2025 07:35:26,31.10,0.00,,,,,
2367,04/24/2025 07:36:26,31.14,0.20,,,,,
2368,04/24/2025 07:37:26,31.14,0.00,,,,,
2369,04/24/2025 07:38:26,31.10,0.00,,,,,
2370,04/24/2025 07:39:26,31.14,0.00,,,,,
2371,04/24/2025 07:40:26,31.10,0.00,,,,,
2372,04/24/2025 07:41:26,31.10,0.00,,,,,
2373,04/24/2025 07:42:26,31.10,0.00,,,,,
2374,04/24/2025 07:43:26,31.19,0.00,,,,,
2375,04/24/2025 07:44:26,31.06,0.00,,,,,
2376,04/24/2025 07:45:26,31.14,0.00,,,,,
2377,04/24/2025 07:46:26,31.06,0.00,,,,,
2378,04/24/2025 07:47:26,31.14,0.00,,,,,
2379,04/24/2025 07:48:26,31.14,0.00,,,,,
2380,04/24/2025 07:49:26,31.10,0.00,,,,,
2381,04/24/2025 07:50:26,31.10,0.00,,,,,
2382,04/24/2025 07:51:26,31.10,0.00,,,,,
2383,04/24/2025 07:52:26,31.14,0.00,,,,,
2384,04/24/2025 07:53:26,31.14,0.00,,,,,
2385,04/24/2025 07:54:26,31.10,0.00,,,,,
2386,04/24/2025 07:55:26,31.14,0.00,,,,,
2387,04/24/2025 07:56:26,31.14,0.00,,,,,
2388,04/24/2025 07:57:26,31.14,0.00,,,,,
2389,04/24/2025 07:58:26,31.10,0.00,,,,,
2390,04/24/2025 07:59:26,31.10,0.00,,,,,
2391,04/24/2025 08:00:26,31.10,0.00,,,,,
2392,04/24/2025 08:01:26,31.10,0.00,,,,,
2393,04/24/2025 08:02:26,31.10,0.00,,,,,
2394,04/24/2025 08:03:26,31.10,0.00,,,,,
2395,04/24/2025 08:04:26,31.10,0.00,,,,,
2396,04/24/2025 08:05:26,31.14,0.00,,,,,
2397,04/24/2025 08:06:26,31.10,0.00,,,,,
2398,04/24/2025 08:07:26,31.14,0.00,,,,,
2399,04/24/2025 08:08:26,31.10,0.00,,,,,
2400,04/24/2025 08:09:26,31.10,0.00,,,,,
2401,04/24/2025 08:10:26,31.10,0.00,,,,,
2402,04/24/2025 08:11:26,31.10,0.00,,,,,
2403,04/24/2025 08:12:26,31.10,0.00,,,,,
2404,04/24/2025 08:13:26,31.14,0.00,,,,,
2405,04/24/2025 08:14:26,31.10,0.20,,,,,
2406,04/24/2025 08:15:26,31.10,0.00,,,,,
2407,04/24/2025 08:16:26,31.10,0.00,,,,,
2408,04/24/2025 08:17:26,31.10,0.00,,,,,
2409,04/24/2025 08:18:26,31.10,0.00,,,,,
2410,04/24/2025 08:19:26,31.14,0.00,,,,,
2411,04/24/2025 08:20:26,31.14,0.00,,,,,
2412,04/24/2025 08:21:26,31.10,0.00,,,,,
2413,04/24/2025 08:22:26,31.14,0.00,,,,,
2414,04/24/2025 08:23:26,31.14,0.00,,,,,
2415,04/24/2025 08:24:26,31.06,0.00,,,,,
2416,04/24/2025 08:25:26,31.10,0.00,,,,,
2417,04/24/2025 08:26:26,31.10,0.00,,,,,
2418,04/24/2025 08:27:26,31.10,0.00,,,,,
2419,04/24/2025 08:28:26,31.10,0.00,,,,,
2420,04/24/2025 08:29:26,31.10,0.20,,,,,
2421,04/24/2025 08:30:26,31.14,0.00,,,,,
2422,04/24/2025 08:31:26,31.06,0.00,,,,,
2423,04/24/2025 08:32:26,31.10,0.00,,,,,
2424,04/24/2025 08:33:26,31.06,0.00,,,,,
2425,04/24/2025 08:34:26,31.10,0.00,,,,,
2426,04/24/2025 08:35:26,31.10,0.00,,,,,
2427,04/24/2025 08:36:26,31.10,0.00,,,,,
2428,04/24/2025 08:37:26,31.10,0.00,,,,,
2429,04/24/2025 08:38:26,31.14,0.00,,,,,
2430,04/24/2025 08:39:26,31.10,0.00,,,,,
2431,04/24/2025 08:40:26,31.10,0.00,,,,,
2432,04/24/2025 08:41:26,31.14,0.00,,,,,
2433,04/24/2025 08:42:26,31.14,0.00,,,,,
2434,04/24/2025 08:43:26,31.10,0.00,,,,,
2435,04/24/2025 08:44:26,31.10,0.00,,,,,
2436,04/24/2025 08:45:26,31.10,0.00,,,,,
2437,04/24/2025 08:46:26,31.06,0.00,,,,,
2438,04/24/2025 08:47:26,31.10,0.00,,,,,
2439,04/24/2025 08:48:26,31.06,0.00,,,,,
2440,04/24/2025 08:49:26,31.10,0.00,,,,,
2441,04/24/2025 08:50:26,31.10,0.00,,,,,
2442,04/24/2025 08:51:26,31.10,0.00,,,,,
2443,04/24/2025 08:52:26,31.10,0.00,,,,,
2444,04/24/2025 08:53:26,31.06,0.00,,,,,
2445,04/24/2025 08:54:26,31.10,0.00,,,,,
2446,04/24/2025 08:55:26,31.06,0.00,,,,,
2447,04/24/2025 08:56:26,31.10,0.00,,,,,
2448,04/24/2025 08:57:26,31.10,0.00,,,,,
2449,04/24/2025 08:58:26,31.06,0.00,,,,,
2450,04/24/2025 08:59:26,31.06,0.00,,,,,
2451,04/24/2025 09:00:26,31.10,0.00,,,,,
2452,04/24/2025 09:01:26,31.10,0.00,,,,,
2453,04/24/2025 09:02:26,31.10,0.00,,,,,
2454,04/24/2025 09:03:26,31.06,0.00,,,,,
2455,04/24/2025 09:04:26,31.06,0.00,,,,,
2456,04/24/2025 09:05:26,31.10,0.00,,,,,
2457,04/24/2025 09:06:26,31.06,0.00,,,,,
2458,04/24/2025 09:07:26,31.06,0.20,,,,,
2459,04/24/2025 09:08:26,31.06,0.00,,,,,
2460,04/24/2025 09:09:26,31.06,0.00,,,,,
2461,04/24/2025 09:10:26,31.06,0.00,,,,,
2462,04/24/2025 09:11:26,31.01,0.00,,,,,
2463,04/24/2025 09:12:26,31.06,0.00,,,,,
2464,04/24/2025 09:13:26,31.06,0.00,,,,,
2465,04/24/2025 09:14:26,31.06,0.00,,,,,
2466,04/24/2025 09:15:26,31.06,0.00,,,,,
2467,04/24/2025 09:16:26,31.01,0.00,,,,,
2468,04/24/2025 09:17:26,31.01,0.00,,,,,
2469,04/24/2025 09:18:26,31.01,0.00,,,,,
2470,04/24/2025 09:19:26,31.06,0.00,,,,,
2471,04/24/2025 09:20:26,31.01,0.00,,,,,
2472,04/24/2025 09:21:26,31.01,0.00,,,,,
2473,04/24/2025 09:22:26,31.01,0.00,,,,,
2474,04/24/2025 09:23:26,31.01,0.00,,,,,
2475,04/24/2025 09:24:26,30.97,0.00,,,,,
2476,04/24/2025 09:25:26,31.01,0.00,,,,,
2477,04/24/2025 09:26:26,30.97,0.00,,,,,
2478,04/24/2025 09:27:26,31.01,0.00,,,,,
2479,04/24/2025 09:28:26,31.01,0.00,,,,,
2480,04/24/2025 09:29:26,30.97,0.00,,,,,
2481,04/24/2025 09:30:26,31.01,0.00,,,,,
2482,04/24/2025 09:31:26,30.97,0.00,,,,,
2483,04/24/2025 09:32:26,30.97,0.00,,,,,
2484,04/24/2025 09:33:26,30.93,0.00,,,,,
2485,04/24/2025 09:34:26,30.89,0.00,,,,,
2486,04/24/2025 09:35:26,30.93,0.00,,,,,
2487,04/24/2025 09:36:26,30.93,0.00,,,,,
2488,04/24/2025 09:37:26,30.93,0.00,,,,,
2489,04/24/2025 09:38:26,30.89,0.00,,,,,
2490,04/24/2025 09:39:26,30.93,0.00,,,,,
2491,04/24/2025 09:40:26,30.89,0.00,,,,,
2492,04/24/2025 09:41:26,30.93,0.00,,,,,
2493,04/24/2025 09:42:26,30.89,0.00,,,,,
2494,04/24/2025 09:43:26,30.93,0.00,,,,,
2495,04/24/2025 09:44:26,30.93,0.00,,,,,
2496,04/24/2025 09:45:26,30.89,0.20,,,,,
2497,04/24/2025 09:46:26,30.84,0.00,,,,,
2498,04/24/2025 09:47:26,30.89,0.00,,,,,
2499,04/24/2025 09:48:26,30.93,0.00,,,,,
2500,04/24/2025 09:49:26,30.84,0.00,,,,,
2501,04/24/2025 09:50:26,30.93,0.00,,,,,
2502,04/24/2025 09:51:26,30.84,0.00,,,,,
2503,04/24/2025 09:52:26,30.89,0.00,,,,,
2504,04/24/2025 09:53:26,30.89,0.00,,,,,
2505,04/24/2025 09:54:26,30.89,0.00,,,,,
2506,04/24/2025 09:55:26,30.89,0.00,,,,,
2507,04/24/2025 09:56:26,30.89,0.00,,,,,
2508,04/24/2025 09:57:26,30.89,0.00,,,,,
2509,04/24/2025 09:58:26,30.84,0.00,,,,,
2510,04/24/2025 09:59:26,30.89,0.00,,,,,
2511,04/24/2025 10:00:26,30.84,0.00,,,,,
2512,04/24/2025 10:01:26,30.89,0.00,,,,,
2513,04/24/2025 10:02:26,30.84,0.00,,,,,
2514,04/24/2025 10:03:26,30.89,0.00,,,,,
2515,04/24/2025 10:04:26,30.84,0.00,,,,,
2516,04/24/2025 10:05:26,30.84,0.00,,,,,
2517,04/24/2025 10:06:26,30.84,0.00,,,,,
2518,04/24/2025 10:07:26,30.84,0.00,,,,,
2519,04/24/2025 10:08:26,30.84,0.00,,,,,
2520,04/24/2025 10:09:26,30.89,0.00,,,,,
2521,04/24/2025 10:10:26,30.84,0.00,,,,,
2522,04/24/2025 10:11:26,30.89,0.00,,,,,
2523,04/24/2025 10:12:26,30.84,0.00,,,,,
2524,04/24/2025 10:13:26,30.84,0.00,,,,,
2525,04/24/2025 10:14:26,30.84,0.00,,,,,
2526,04/24/2025 10:15:26,30.84,0.00,,,,,
2527,04/24/2025 10:16:26,30.80,0.00,,,,,
2528,04/24/2025 10:17:26,30.80,0.00,,,,,
2529,04/24/2025 10:18:26,30.84,0.00,,,,,
2530,04/24/2025 10:19:26,30.84,0.00,,,,,
2531,04/24/2025 10:20:26,30.84,0.00,,,,,
2532,04/24/2025 10:21:26,30.80,0.00,,,,,
2533,04/24/2025 10:22:26,30.80,0.00,,,,,
2534,04/24/2025 10:23:26,30.84,0.00,,,,,
2535,04/24/2025 10:24:26,30.80,0.00,,,,,
2536,04/24/2025 10:25:26,30.84,0.00,,,,,
2537,04/24/2025 10:26:26,30.84,0.00,,,,,
2538,04/24/2025 10:27:26,30.80,0.00,,,,,
2539,04/24/2025 10:28:26,30.84,0.00,,,,,
2540,04/24/2025 10:29:26,30.80,0.00,,,,,
2541,04/24/2025 10:30:26,30.80,0.00,,,,,
2542,04/24/2025 10:31:26,30.76,0.00,,,,,
2543,04/24/2025 10:32:26,30.80,0.00,,,,,
2544,04/24/2025 10:33:26,30.80,0.00,,,,,
2545,04/24/2025 10:34:26,30.80,0.00,,,,,
2546,04/24/2025 10:35:26,30.76,0.00,,,,,
2547,04/24/2025 10:36:26,30.76,0.00,,,,,
2548,04/24/2025 10:37:26,30.80,0.00,,,,,
2549,04/24/2025 10:38:26,30.80,0.20,,,,,
2550,04/24/2025 10:39:26,30.80,0.00,,,,,
2551,04/24/2025 10:40:26,30.80,0.00,,,,,
2552,04/24/2025 10:41:26,30.80,0.00,,,,,
2553,04/24/2025 10:42:26,30.80,0.00,,,,,
2554,04/24/2025 10:43:26,30.80,0.00,,,,,
2555,04/24/2025 10:44:26,30.80,0.00,,,,,
2556,04/24/2025 10:45:26,30.76,0.00,,,,,
2557,04/24/2025 10:46:26,30.76,0.00,,,,,
2558,04/24/2025 10:47:26,30.80,0.00,,,,,
2559,04/24/2025 10:48:26,30.80,0.00,,,,,
2560,04/24/2025 10:49:26,30.80,0.00,,,,,
2561,04/24/2025 10:50:26,30.80,0.00,,,,,
2562,04/24/2025 10:51:26,30.76,0.00,,,,,
2563,04/24/2025 10:52:26,30.80,0.00,,,,,
2564,04/24/2025 10:53:26,30.71,0.00,,,,,
2565,04/24/2025 10:54:26,30.80,0.00,,,,,
2566,04/24/2025 10:55:26,30.76,0.00,,,,,
2567,04/24/2025 10:56:26,30.76,0.00,,,,,
2568,04/24/2025 10:57:26,30.80,0.00,,,,,
2569,04/24/2025 10:58:26,30.80,0.00,,,,,
2570,04/24/2025 10:59:26,30.76,0.00,,,,,
2571,04/24/2025 11:00:26,30.80,0.00,,,,,
2572,04/24/2025 11:01:26,30.80,0.00,,,,,
2573,04/24/2025 11:02:26,30.76,0.00,,,,,
2574,04/24/2025 11:03:26,30.76,0.00,,,,,
2575,04/24/2025 11:04:26,30.76,0.00,,,,,
2576,04/24/2025 11:05:26,30.76,0.00,,,,,
2577,04/24/2025 11:06:26,30.76,0.00,,,,,
2578,04/24/2025 11:07:26,30.76,0.00,,,,,
2579,04/24/2025 11:08:26,30.80,0.00,,,,,
2580,04/24/2025 11:09:26,30.76,0.00,,,,,
2581,04/24/2025 11:10:26,30.76,0.00,,,,,
2582,04/24/2025 11:11:26,30.76,0.00,,,,,
2583,04/24/2025 11:12:26,30.76,0.00,,,,,
2584,04/24/2025 11:13:26,30.76,0.00,,,,,
2585,04/24/2025 11:14:26,30.76,0.00,,,,,
2586,04/24/2025 11:15:26,30.71,0.00,,,,,
2587,04/24/2025 11:16:26,30.76,0.20,,,,,
2588,04/24/2025 11:17:26,30.76,0.00,,,,,
2589,04/24/2025 11:18:26,30.76,0.00,,,,,
2590,04/24/2025 11:19:26,30.71,0.00,,,,,
2591,04/24/2025 11:20:26,30.76,0.00,,,,,
2592,04/24/2025 11:21:26,30.71,0.00,,,,,
2593,04/24/2025 11:22:26,30.71,0.00,,,,,
2594,04/24/2025 11:23:26,30.71,0.00,,,,,
2595,04/24/2025 11:24:26,30.71,0.00,,,,,
2596,04/24/2025 11:25:26,30.67,0.00,,,,,
2597,04/24/2025 11:26:26,30.71,0.00,,,,,
2598,04/24/2025 11:27:26,30.76,0.00,,,,,
2599,04/24/2025 11:28:26,30.71,0.00,,,,,
2600,04/24/2025 11:29:26,30.71,0.00,,,,,
2601,04/24/2025 11:30:26,30.71,0.00,,,,,
2602,04/24/2025 11:31:26,30.67,0.00,,,,,
2603,04/24/2025 11:32:26,30.76,0.00,,,,,
2604,04/24/2025 11:33:26,30.67,0.00,,,,,
2605,04/24/2025 11:34:26,30.63,0.00,,,,,
2606,04/24/2025 11:35:26,30.67,0.00,,,,,
2607,04/24/2025 11:36:26,30.67,0.00,,,,,
2608,04/24/2025 11:37:26,30.67,0.00,,,,,
2609,04/24/2025 11:38:26,30.71,0.00,,,,,
2610,04/24/2025 11:39:26,30.76,0.00,,,,,
2611,04/24/2025 11:40:26,30.71,0.00,,,,,
2612,04/24/2025 11:41:26,30.71,0.00,,,,,
2613,04/24/2025 11:42:26,30.67,0.00,,,,,
2614,04/24/2025 11:43:26,30.67,0.00,,,,,
2615,04/24/2025 11:44:26,30.67,0.00,,,,,
2616,04/24/2025 11:45:26,30.67,0.00,,,,,
2617,04/24/2025 11:46:26,30.67,0.00,,,,,
2618,04/24/2025 11:47:26,30.67,0.00,,,,,
2619,04/24/2025 11:48:26,30.67,0.00,,,,,
2620,04/24/2025 11:49:26,30.63,0.00,,,,,
2621,04/24/2025 11:50:26,30.63,0.00,,,,,
2622,04/24/2025 11:51:26,30.67,0.00,,,,,
2623,04/24/2025 11:52:26,30.67,0.00,,,,,
2624,04/24/2025 11:53:26,30.63,0.00,,,,,
2625,04/24/2025 11:54:26,30.59,0.00,,,,,
2626,04/24/2025 11:55:26,30.67,0.00,,,,,
2627,04/24/2025 11:56:26,30.67,0.00,,,,,
2628,04/24/2025 11:57:26,30.67,0.00,,,,,
2629,04/24/2025 11:58:26,30.67,0.00,,,,,
2630,04/24/2025 11:59:26,30.59,0.00,,,,,
2631,04/24/2025 12:00:26,30.71,0.00,,,,,
2632,04/24/2025 12:01:26,30.63,0.00,,,,,
2633,04/24/2025 12:02:26,30.63,0.00,,,,,
2634,04/24/2025 12:03:26,30.63,0.00,,,,,
2635,04/24/2025 12:04:26,30.59,0.00,,,,,
2636,04/24/2025 12:05:26,30.67,0.00,,,,,
2637,04/24/2025 12:06:26,30.63,0.00,,,,,
2638,04/24/2025 12:07:26,30.63,0.00,,,,,
2639,04/24/2025 12:08:26,30.59,0.00,,,,,
2640,04/24/2025 12:09:26,30.63,0.20,,,,,
2641,04/24/2025 12:10:26,30.63,0.00,,,,,
2642,04/24/2025 12:11:26,30.63,0.00,,,,,
2643,04/24/2025 12:12:26,30.63,0.00,,,,,
2644,04/24/2025 12:13:26,30.59,0.00,,,,,
2645,04/24/2025 12:14:26,30.59,0.00,,,,,
2646,04/24/2025 12:15:26,30.59,0.00,,,,,
2647,04/24/2025 12:16:26,30.59,0.00,,,,,
2648,04/24/2025 12:17:26,30.59,0.00,,,,,
2649,04/24/2025 12:18:26,30.59,0.00,,,,,
2650,04/24/2025 12:19:26,30.54,0.00,,,,,
2651,04/24/2025 12:20:26,30.59,0.00,,,,,
2652,04/24/2025 12:21:26,30.54,0.00,,,,,
2653,04/24/2025 12:22:26,30.54,0.00,,,,,
2654,04/24/2025 12:23:26,30.59,0.00,,,,,
2655,04/24/2025 12:24:26,30.59,0.00,,,,,
2656,04/24/2025 12:25:26,30.59,0.00,,,,,
2657,04/24/2025 12:26:26,30.59,0.00,,,,,
2658,04/24/2025 12:27:26,30.54,0.00,,,,,
2659,04/24/2025 12:28:26,30.54,0.00,,,,,
2660,04/24/2025 12:29:26,30.54,0.00,,,,,
2661,04/24/2025 12:30:26,30.59,0.00,,,,,
2662,04/24/2025 12:31:26,30.54,0.00,,,,,
2663,04/24/2025 12:32:26,30.54,0.00,,,,,
2664,04/24/2025 12:33:26,30.59,0.00,,,,,
2665,04/24/2025 12:34:26,30.59,0.00,,,,,
2666,04/24/2025 12:35:26,30.54,0.00,,,,,
2667,04/24/2025 12:36:26,30.59,0.00,,,,,
2668,04/24/2025 12:37:26,30.54,0.00,,,,,
2669,04/24/2025 12:38:26,30.54,0.00,,,,,
2670,04/24/2025 12:39:26,30.54,0.00,,,,,
2671,04/24/2025 12:40:26,30.59,0.00,,,,,
2672,04/24/2025 12:41:26,30.54,0.00,,,,,
2673,04/24/2025 12:42:26,30.54,0.00,,,,,
2674,04/24/2025 12:43:26,30.54,0.00,,,,,
2675,04/24/2025 12:44:26,30.54,0.00,,,,,
2676,04/24/2025 12:45:26,30.50,0.00,,,,,
2677,04/24/2025 12:46:26,30.54,0.00,,,,,
2678,04/24/2025 12:47:26,30.54,0.20,,,,,
2679,04/24/2025 12:48:26,30.54,0.00,,,,,
2680,04/24/2025 12:49:26,30.54,0.00,,,,,
2681,04/24/2025 12:50:26,30.54,0.00,,,,,
2682,04/24/2025 12:51:26,30.50,0.00,,,,,
2683,04/24/2025 12:52:26,30.54,0.00,,,,,
2684,04/24/2025 12:53:26,30.50,0.00,,,,,
2685,04/24/2025 12:54:26,30.50,0.00,,,,,
2686,04/24/2025 12:55:26,30.50,0.00,,,,,
2687,04/24/2025 12:56:26,30.50,0.00,,,,,
2688,04/24/2025 12:57:26,30.54,0.00,,,,,
2689,04/24/2025 12:58:26,30.50,0.00,,,,,
2690,04/24/2025 12:59:26,30.54,0.00,,,,,
2691,04/24/2025 13:00:26,30.50,0.00,,,,,
2692,04/24/2025 13:01:26,30.50,0.00,,,,,
2693,04/24/2025 13:02:26,30.50,0.00,,,,,
2694,04/24/2025 13:03:26,30.50,0.00,,,,,
2695,04/24/2025 13:04:26,30.50,0.00,,,,,
2696,04/24/2025 13:05:26,30.50,0.00,,,,,
2697,04/24/2025 13:06:26,30.54,0.00,,,,,
2698,04/24/2025 13:07:26,30.54,0.00,,,,,
2699,04/24/2025 13:08:26,30.54,0.00,,,,,
2700,04/24/2025 13:09:26,30.54,0.00,,,,,
2701,04/24/2025 13:10:26,30.50,0.00,,,,,
2702,04/24/2025 13:11:26,30.50,0.00,,,,,
2703,04/24/2025 13:12:26,30.54,0.00,,,,,
2704,04/24/2025 13:13:26,30.46,0.00,,,,,
2705,04/24/2025 13:14:26,30.50,0.00,,,,,
2706,04/24/2025 13:15:26,30.54,0.00,,,,,
2707,04/24/2025 13:16:26,30.50,0.00,,,,,
2708,04/24/2025 13:17:26,30.50,0.00,,,,,
2709,04/24/2025 13:18:26,30.46,0.00,,,,,
2710,04/24/2025 13:19:26,30.54,0.00,,,,,
2711,04/24/2025 13:20:26,30.46,0.00,,,,,
2712,04/24/2025 13:21:26,30.50,0.00,,,,,
2713,04/24/2025 13:22:26,30.50,0.00,,,,,
2714,04/24/2025 13:23:26,30.54,0.00,,,,,
2715,04/24/2025 13:24:26,30.50,0.00,,,,,
2716,04/24/2025 13:25:26,30.50,0.00,,,,,
2717,04/24/2025 13:26:26,30.46,0.00,,,,,
2718,04/24/2025 13:27:26,30.46,0.00,,,,,
2719,04/24/2025 13:28:26,30.46,0.20,,,,,
2720,04/24/2025 13:29:26,30.46,0.20,,,,,
2721,04/24/2025 13:30:26,30.46,0.40,,,,,
2722,04/24/2025 13:31:26,30.46,0.40,,,,,
2723,04/24/2025 13:32:26,30.50,0.61,,,,,
2724,04/24/2025 13:33:26,30.46,1.02,,,,,
2725,04/24/2025 13:34:26,30.46,1.22,,,,,
2726,04/24/2025 13:35:26,30.41,1.63,,,,,
2727,04/24/2025 13:36:26,30.46,2.45,,,,,
2728,04/24/2025 13:37:26,30.46,3.27,,,,,
2729,04/24/2025 13:38:26,30.46,4.50,,,,,
2730,04/24/2025 13:39:26,30.46,6.34,,,,,
2731,04/24/2025 13:40:26,30.46,8.80,,,,,
2732,04/24/2025 13:41:26,30.46,10.03,,,,,
2733,04/24/2025 13:42:26,30.41,11.46,,,,,
2734,04/24/2025 13:43:26,30.46,13.71,,,,,
2735,04/24/2025 13:44:26,30.41,16.38,,,,,
2736,04/24/2025 13:45:26,30.50,18.86,,,,,
2737,04/24/2025 13:46:26,30.41,22.14,,,,,
2738,04/24/2025 13:47:26,30.41,25.44,,,,,
2739,04/24/2025 13:48:26,30.46,29.53,,,,,
2740,04/24/2025 13:49:26,30.46,32.86,,,,,
2741,04/24/2025 13:50:26,30.46,37.37,,,,,
2742,04/24/2025 13:51:26,30.46,41.92,,,,,
2743,04/24/2025 13:52:26,30.46,48.06,,,,,
2744,04/24/2025 13:53:26,30.41,53.84,,,,,
2745,04/24/2025 13:54:26,30.46,60.44,,,,,
2746,04/24/2025 13:55:26,30.46,68.64,,,,,
2747,04/24/2025 13:56:26,30.41,76.48,,,,,
2748,04/24/2025 13:57:26,30.46,84.64,,,,,
2749,04/24/2025 13:58:26,30.46,92.12,,,,,
2750,04/24/2025 13:59:26,30.41,100.32,,,,,
2751,04/24/2025 14:00:26,30.46,106.96,,,,,
2752,04/24/2025 14:01:26,30.50,121.72,,,,,
2753,04/24/2025 14:02:26,30.50,126.64,,,,,
2754,04/24/2025 14:03:26,30.46,130.84,,,,,
2755,04/24/2025 14:04:26,30.46,137.40,,,,,
2756,04/24/2025 14:05:26,30.46,145.56,,,,,
2757,04/24/2025 14:06:26,30.46,148.96,,,,,
2758,04/24/2025 14:07:26,30.50,152.24,,,,,
2759,04/24/2025 14:08:26,30.41,153.88,,,,,
2760,04/24/2025 14:09:26,30.41,153.04,,,,,
2761,04/24/2025 14:10:26,30.46,150.60,,,,,
2762,04/24/2025 14:11:26,30.46,130.84,,,,,
2763,04/24/2025 14:12:26,30.46,106.04,,,,,
2764,04/24/2025 14:13:26,30.46,116.80,,,,,
2765,04/24/2025 14:14:26,30.41,152.24,,,,,
2766,04/24/2025 14:15:26,30.46,167.84,,,,,
2767,04/24/2025 14:16:26,30.41,167.84,,,,,
2768,04/24/2025 14:17:26,30.41,163.68,,,,,
2769,04/24/2025 14:18:26,30.41,167.04,,,,,
2770,04/24/2025 14:19:26,30.46,205.76,,,,,
2771,04/24/2025 14:20:26,30.46,274.96,,,,,
2772,04/24/2025 14:21:26,30.46,355.68,,,,,
2773,04/24/2025 14:22:26,30.41,464.32,,,,,
2774,04/24/2025 14:23:26,30.46,568.80,,,,,
2775,04/24/2025 14:24:26,30.46,669.44,,,,,
2776,04/24/2025 14:25:26,30.46,763.20,,,,,
2777,04/24/2025 14:26:26,30.50,846.72,,,,,
2778,04/24/2025 14:27:26,30.50,938.56,,,,,
2779,04/24/2025 14:28:26,30.46,1014.72,,,,,
2780,04/24/2025 14:29:26,30.50,1100.80,,,,,
2781,04/24/2025 14:30:26,30.46,1157.12,,,,,
2782,04/24/2025 14:31:26,30.50,1208.96,,,,,
2783,04/24/2025 14:32:26,30.46,1269.44,,,,,
2784,04/24/2025 14:33:26,30.46,1306.24,,,,,
2785,04/24/2025 14:34:26,30.54,1336.32,,,,,
2786,04/24/2025 14:35:26,30.46,1339.52,,,,,
2787,04/24/2025 14:36:26,30.46,1326.08,,,,,
2788,04/24/2025 14:37:26,30.46,1272.64,,,,,
2789,04/24/2025 14:38:26,30.46,1210.56,,,,,
2790,04/24/2025 14:39:26,30.46,1147.52,,,,,
2791,04/24/2025 14:40:26,30.46,1090.88,,,,,
2792,04/24/2025 14:41:26,30.46,1044.16,,,,,
2793,04/24/2025 14:42:26,30.46,1015.36,,,,,
2794,04/24/2025 14:43:26,30.46,1028.48,,,,,
2795,04/24/2025 14:44:26,30.46,1058.24,,,,,
2796,04/24/2025 14:45:26,30.50,1080.32,,,,,
2797,04/24/2025 14:46:26,30.46,1199.68,,,,,
2798,04/24/2025 14:47:26,30.41,1185.92,,,,,
2799,04/24/2025 14:48:26,30.46,1121.92,,,,,
2800,04/24/2025 14:49:26,30.46,1329.28,,,,,
2801,04/24/2025 14:50:26,30.46,1562.24,,,,,
2802,04/24/2025 14:51:26,30.46,1819.52,,,,,
2803,04/24/2025 14:52:26,30.50,2035.84,,,,,
2804,04/24/2025 14:53:26,30.46,2556.80,,,,,
2805,04/24/2025 14:54:26,30.46,2670.08,,,,,
2806,04/24/2025 14:55:26,30.50,2456.96,,,,,
2807,04/24/2025 14:56:26,30.54,2255.36,,,,,
2808,04/24/2025 14:57:26,30.50,2320.64,,,,,
2809,04/24/2025 14:58:26,30.46,2291.20,,,,,
2810,04/24/2025 14:59:26,30.46,2247.04,,,,,
2811,04/24/2025 15:00:26,30.46,2239.36,,,,,
2812,04/24/2025 15:01:26,30.50,2278.40,,,,,
2813,04/24/2025 15:02:26,30.46,2186.88,,,,,
2814,04/24/2025 15:03:26,30.46,2062.08,,,,,
2815,04/24/2025 15:04:26,30.41,1959.04,,,,,
2816,04/24/2025 15:05:26,30.46,1882.24,,,,,
2817,04/24/2025 15:06:26,30.46,1693.44,,,,,
2818,04/24/2025 15:07:26,30.41,1604.48,,,,,
2819,04/24/2025 15:08:26,30.46,1528.96,,,,,
2820,04/24/2025 15:09:26,30.41,1447.68,,,,,
2821,04/24/2025 15:10:26,30.46,1421.44,,,,,
2822,04/24/2025 15:11:26,30.41,1412.48,,,,,
2823,04/24/2025 15:12:26,30.41,1407.36,,,,,
2824,04/24/2025 15:13:26,30.46,1400.32,,,,,
2825,04/24/2025 15:14:26,30.46,1386.24,,,,,
2826,04/24/2025 15:15:26,30.46,1372.16,,,,,
2827,04/24/2025 15:16:26,30.41,1365.76,,,,,
2828,04/24/2025 15:17:26,30.46,1376.64,,,,,
2829,04/24/2025 15:18:26,30.41,1392.64,,,,,
2830,04/24/2025 15:19:26,30.46,1397.76,,,,,
2831,04/24/2025 15:20:26,30.41,1395.20,,,,,
2832,04/24/2025 15:21:26,30.46,1388.80,,,,,
2833,04/24/2025 15:22:26,30.46,1385.60,,,,,
2834,04/24/2025 15:23:26,30.41,1372.16,,,,,
2835,04/24/2025 15:24:26,30.41,1376.00,,,,,
2836,04/24/2025 15:25:26,30.41,1382.40,,,,,
2837,04/24/2025 15:26:26,30.41,1397.76,,,,,
2838,04/24/2025 15:27:26,30.41,1389.44,,,,,
2839,04/24/2025 15:28:26,30.41,1349.76,,,,,
2840,04/24/2025 15:29:26,30.41,1319.04,,,,,
2841,04/24/2025 15:30:26,30.41,1280.96,,,,,
2842,04/24/2025 15:31:26,30.46,1256.32,,,,,
2843,04/24/2025 15:32:26,30.41,1206.40,,,,,
2844,04/24/2025 15:33:26,30.41,1139.20,,,,,
2845,04/24/2025 15:34:26,30.46,1072.96,,,,,
2846,04/24/2025 15:35:26,30.46,990.08,,,,,
2847,04/24/2025 15:36:26,30.46,882.88,,,,,
2848,04/24/2025 15:37:26,30.46,849.28,,,,,
2849,04/24/2025 15:38:26,30.41,831.36,,,,,
2850,04/24/2025 15:39:26,30.41,817.28,,,,,
2851,04/24/2025 15:40:26,30.37,803.20,,,,,
2852,04/24/2025 15:41:26,30.46,795.84,,,,,
2853,04/24/2025 15:42:26,30.41,790.40,,,,,
2854,04/24/2025 15:43:26,30.46,790.40,,,,,
2855,04/24/2025 15:44:26,30.41,792.00,,,,,
2856,04/24/2025 15:45:26,30.46,787.84,,,,,
2857,04/24/2025 15:46:26,30.41,781.12,,,,,
2858,04/24/2025 15:47:26,30.46,777.28,,,,,
2859,04/24/2025 15:48:26,30.41,777.92,,,,,
2860,04/24/2025 15:49:26,30.37,778.88,,,,,
2861,04/24/2025 15:50:26,30.41,779.52,,,,,
2862,04/24/2025 15:51:26,30.41,784.64,,,,,
2863,04/24/2025 15:52:26,30.41,788.48,,,,,
2864,04/24/2025 15:53:26,30.41,772.16,,,,,
2865,04/24/2025 15:54:26,30.41,755.84,,,,,
2866,04/24/2025 15:55:26,30.41,795.20,,,,,
2867,04/24/2025 15:56:26,30.46,791.04,,,,,
2868,04/24/2025 15:57:26,30.41,787.84,,,,,
2869,04/24/2025 15:58:26,30.41,787.84,,,,,
2870,04/24/2025 15:59:26,30.41,790.40,,,,,
2871,04/24/2025 16:00:26,30.41,812.48,,,,,
2872,04/24/2025 16:01:26,30.46,860.80,,,,,
2873,04/24/2025 16:02:26,30.41,888.64,,,,,
2874,04/24/2025 16:03:26,30.46,890.24,,,,,
2875,04/24/2025 16:04:26,30.41,880.32,,,,,
2876,04/24/2025 16:05:26,30.41,896.00,,,,,
2877,04/24/2025 16:06:26,30.46,939.20,,,,,
2878,04/24/2025 16:07:26,30.41,998.40,,,,,
2879,04/24/2025 16:08:26,30.46,1036.80,,,,,
2880,04/24/2025 16:09:26,30.41,1103.04,,,,,
2881,04/24/2025 16:10:26,30.46,1224.32,,,,,
2882,04/24/2025 16:11:26,30.46,1370.24,,,,,
2883,04/24/2025 16:12:26,30.50,1537.92,,,,,
2884,04/24/2025 16:13:26,30.46,1652.48,,,,,
2885,04/24/2025 16:14:26,30.46,1829.76,,,,,
2886,04/24/2025 16:15:26,30.46,2111.36,,,,,
2887,04/24/2025 16:16:26,30.50,2311.04,,,,,
2888,04/24/2025 16:17:26,30.54,2488.32,,,,,
2889,04/24/2025 16:18:26,30.54,2348.80,,,,,
2890,04/24/2025 16:19:26,30.54,2304.64,,,,,
2891,04/24/2025 16:20:26,30.54,2455.04,,,,,
2892,04/24/2025 16:21:26,30.54,2522.24,,,,,
2893,04/24/2025 16:22:26,30.54,2644.48,,,,,
2894,04/24/2025 16:23:26,30.54,2703.36,,,,,
2895,04/24/2025 16:24:26,30.59,2676.48,,,,,
2896,04/24/2025 16:25:26,30.59,2556.80,,,,,
2897,04/24/2025 16:26:26,30.54,2378.24,,,,,
2898,04/24/2025 16:27:26,30.54,2252.16,,,,,
2899,04/24/2025 16:28:26,30.54,2067.20,,,,,
2900,04/24/2025 16:29:26,30.54,2237.44,,,,,
2901,04/24/2025 16:30:26,30.50,2184.96,,,,,
2902,04/24/2025 16:31:26,30.59,2239.36,,,,,
2903,04/24/2025 16:32:26,30.54,2120.96,,,,,
2904,04/24/2025 16:33:26,30.54,1967.36,,,,,
2905,04/24/2025 16:34:26,30.54,2672.64,,,,,
2906,04/24/2025 16:35:26,30.54,2851.84,,,,,
2907,04/24/2025 16:36:26,30.54,2915.84,,,,,
2908,04/24/2025 16:37:26,30.59,2752.00,,,,,
2909,04/24/2025 16:38:26,30.59,2958.08,,,,,
2910,04/24/2025 16:39:26,30.59,3592.96,,,,,
2911,04/24/2025 16:40:26,30.59,3964.16,,,,,
2912,04/24/2025 16:41:26,30.59,3966.72,,,,,
2913,04/24/2025 16:42:26,30.59,3793.92,,,,,
2914,04/24/2025 16:43:26,30.59,2653.44,,,,,
2915,04/24/2025 16:44:26,30.59,2544.00,,,,,
2916,04/24/2025 16:45:26,30.54,1699.84,,,,,
2917,04/24/2025 16:46:26,30.54,1470.72,,,,,
2918,04/24/2025 16:47:26,30.59,1486.08,,,,,
2919,04/24/2025 16:48:26,30.54,2153.60,,,,,
2920,04/24/2025 16:49:26,30.54,2248.96,,,,,
2921,04/24/2025 16:50:26,30.59,2589.44,,,,,
2922,04/24/2025 16:51:26,30.54,2684.16,,,,,
2923,04/24/2025 16:52:26,30.59,3016.96,,,,,
2924,04/24/2025 16:53:26,30.59,3449.60,,,,,
2925,04/24/2025 16:54:26,30.59,2987.52,,,,,
2926,04/24/2025 16:55:26,30.59,1811.20,,,,,
2927,04/24/2025 16:56:26,30.54,2373.12,,,,,
2928,04/24/2025 16:57:26,30.54,3586.56,,,,,
2929,04/24/2025 16:58:26,30.59,2743.04,,,,,
2930,04/24/2025 16:59:26,30.59,2588.16,,,,,
2931,04/24/2025 17:00:26,30.59,3429.12,,,,,
2932,04/24/2025 17:01:26,30.63,4218.88,,,,,
2933,04/24/2025 17:02:26,30.59,4416.00,,,,,
2934,04/24/2025 17:03:26,30.63,4357.12,,,,,
2935,04/24/2025 17:04:26,30.63,4039.68,,,,,
2936,04/24/2025 17:05:26,30.63,3093.76,,,,,
2937,04/24/2025 17:06:26,30.63,2594.56,,,,,
2938,04/24/2025 17:07:26,30.67,2969.60,,,,,
2939,04/24/2025 17:08:26,30.63,2577.92,,,,,
2940,04/24/2025 17:09:26,30.59,2360.32,,,,,
2941,04/24/2025 17:10:26,30.54,2574.72,,,,,
2942,04/24/2025 17:11:26,30.59,2629.12,,,,,
2943,04/24/2025 17:12:26,30.63,2530.56,,,,,
2944,04/24/2025 17:13:26,30.59,2626.56,,,,,
2945,04/24/2025 17:14:26,30.59,2695.68,,,,,
2946,04/24/2025 17:15:26,30.59,2960.64,,,,,
2947,04/24/2025 17:16:26,30.63,3872.00,,,,,
2948,04/24/2025 17:17:26,30.59,3852.80,,,,,
2949,04/24/2025 17:18:26,30.59,2563.20,,,,,
2950,04/24/2025 17:19:26,30.63,3115.52,,,,,
2951,04/24/2025 17:20:26,30.67,4048.64,,,,,
2952,04/24/2025 17:21:26,30.63,3083.52,,,,,
2953,04/24/2025 17:22:26,30.59,2062.08,,,,,
2954,04/24/2025 17:23:26,30.54,1412.48,,,,,
2955,04/24/2025 17:24:26,30.59,1171.20,,,,,
2956,04/24/2025 17:25:26,30.59,1080.32,,,,,
2957,04/24/2025 17:26:26,30.54,1038.40,,,,,
2958,04/24/2025 17:27:26,30.54,980.16,,,,,
2959,04/24/2025 17:28:26,30.54,967.04,,,,,
2960,04/24/2025 17:29:26,30.54,842.56,,,,,
2961,04/24/2025 17:30:26,30.50,719.36,,,,,
2962,04/24/2025 17:31:26,30.54,527.36,,,,,
2963,04/24/2025 17:32:26,30.54,349.60,,,,,
2964,04/24/2025 17:33:26,30.50,315.92,,,,,
2965,04/24/2025 17:34:26,30.50,479.04,,,,,
2966,04/24/2025 17:35:26,30.50,694.40,,,,,
2967,04/24/2025 17:36:26,30.50,939.20,,,,,
2968,04/24/2025 17:37:26,30.59,1190.08,,,,,
2969,04/24/2025 17:38:26,30.50,1396.48,,,,,
2970,04/24/2025 17:39:26,30.54,1658.88,,,,,
2971,04/24/2025 17:40:26,30.54,2260.48,,,,,
2972,04/24/2025 17:41:26,30.54,3600.64,,,,,
2973,04/24/2025 17:42:26,30.59,4399.36,,,,,
2974,04/24/2025 17:43:26,30.63,4271.36,,,,,
2975,04/24/2025 17:44:26,30.63,3953.92,,,,,
2976,04/24/2025 17:45:26,30.59,4262.40,,,,,
2977,04/24/2025 17:46:26,30.67,4573.44,,,,,
2978,04/24/2025 17:47:26,30.63,4672.00,,,,,
2979,04/24/2025 17:48:26,30.67,4599.04,,,,,
2980,04/24/2025 17:49:26,30.67,4693.76,,,,,
2981,04/24/2025 17:50:26,30.67,4887.04,,,,,
2982,04/24/2025 17:51:26,30.67,5237.76,,,,,
2983,04/24/2025 17:52:26,30.67,5772.80,,,,,
2984,04/24/2025 17:53:26,30.67,6233.60,,,,,
2985,04/24/2025 17:54:26,30.71,6609.92,,,,,
2986,04/24/2025 17:55:26,30.71,6983.68,,,,,
2987,04/24/2025 17:56:26,30.76,7022.08,,,,,
2988,04/24/2025 17:57:26,30.80,7290.88,,,,,
2989,04/24/2025 17:58:26,30.76,7244.80,,,,,
2990,04/24/2025 17:59:26,30.80,7290.88,,,,,
2991,04/24/2025 18:00:26,30.80,7613.44,,,,,
2992,04/24/2025 18:01:26,30.80,7841.28,,,,,
2993,04/24/2025 18:02:26,30.80,7928.32,,,,,
2994,04/24/2025 18:03:26,30.80,8117.76,,,,,
2995,04/24/2025 18:04:26,30.84,7992.32,,,,,
2996,04/24/2025 18:05:26,30.80,7513.60,,,,,
2997,04/24/2025 18:06:26,30.84,7139.84,,,,,
2998,04/24/2025 18:07:26,30.80,6627.84,,,,,
2999,04/24/2025 18:08:26,30.80,6100.48,,,,,
3000,04/24/2025 18:09:26,30.80,6072.32,,,,,
3001,04/24/2025 18:10:26,30.76,5921.28,,,,,
3002,04/24/2025 18:11:26,30.76,6515.20,,,,,
3003,04/24/2025 18:12:26,30.80,5913.60,,,,,
3004,04/24/2025 18:13:26,30.76,4657.92,,,,,
3005,04/24/2025 18:14:26,30.71,4684.80,,,,,
3006,04/24/2025 18:15:26,30.71,4202.24,,,,,
3007,04/24/2025 18:16:26,30.71,3183.36,,,,,
3008,04/24/2025 18:17:26,30.67,2577.92,,,,,
3009,04/24/2025 18:18:26,30.67,2872.32,,,,,
3010,04/24/2025 18:19:26,30.63,2396.16,,,,,
3011,04/24/2025 18:20:26,30.63,2161.92,,,,,
3012,04/24/2025 18:21:26,30.63,2365.44,,,,,
3013,04/24/2025 18:22:26,30.63,2492.80,,,,,
3014,04/24/2025 18:23:26,30.63,2611.20,,,,,
3015,04/24/2025 18:24:26,30.63,2749.44,,,,,
3016,04/24/2025 18:25:26,30.63,3116.80,,,,,
3017,04/24/2025 18:26:26,30.67,4359.68,,,,,
3018,04/24/2025 18:27:26,30.67,4380.16,,,,,
3019,04/24/2025 18:28:26,30.71,4380.16,,,,,
3020,04/24/2025 18:29:26,30.67,4376.32,,,,,
3021,04/24/2025 18:30:26,30.71,4405.76,,,,,
3022,04/24/2025 18:31:26,30.71,4517.12,,,,,
3023,04/24/2025 18:32:26,30.71,3829.76,,,,,
3024,04/24/2025 18:33:26,30.76,4183.04,,,,,
3025,04/24/2025 18:34:26,30.71,4523.52,,,,,
3026,04/24/2025 18:35:26,30.71,4550.40,,,,,
3027,04/24/2025 18:36:26,30.71,4510.72,,,,,
3028,04/24/2025 18:37:26,30.76,4657.92,,,,,
3029,04/24/2025 18:38:26,30.67,4985.60,,,,,
3030,04/24/2025 18:39:26,30.76,4861.44,,,,,
3031,04/24/2025 18:40:26,30.76,4540.16,,,,,
3032,04/24/2025 18:41:26,30.76,4514.56,,,,,
3033,04/24/2025 18:42:26,30.67,4346.88,,,,,
3034,04/24/2025 18:43:26,30.71,4268.80,,,,,
3035,04/24/2025 18:44:26,30.71,4069.12,,,,,
3036,04/24/2025 18:45:26,30.71,4008.96,,,,,
3037,04/24/2025 18:46:26,30.67,3156.48,,,,,
3038,04/24/2025 18:47:26,30.76,2421.12,,,,,
3039,04/24/2025 18:48:26,30.67,2644.48,,,,,
3040,04/24/2025 18:49:26,30.71,3590.40,,,,,
3041,04/24/2025 18:50:26,30.67,3573.76,,,,,
3042,04/24/2025 18:51:26,30.76,3756.80,,,,,
3043,04/24/2025 18:52:26,30.71,3741.44,,,,,
3044,04/24/2025 18:53:26,30.71,3704.32,,,,,
3045,04/24/2025 18:54:26,30.67,3645.44,,,,,
3046,04/24/2025 18:55:26,30.71,3632.64,,,,,
3047,04/24/2025 18:56:26,30.71,3668.48,,,,,
3048,04/24/2025 18:57:26,30.71,3737.60,,,,,
3049,04/24/2025 18:58:26,30.76,3829.76,,,,,
3050,04/24/2025 18:59:26,30.71,3960.32,,,,,
3051,04/24/2025 19:00:26,30.71,4088.32,,,,,
3052,04/24/2025 19:01:26,30.76,4172.80,,,,,
3053,04/24/2025 19:02:26,30.71,4277.76,,,,,
3054,04/24/2025 19:03:26,30.71,4376.32,,,,,
3055,04/24/2025 19:04:26,30.71,3607.04,,,,,
3056,04/24/2025 19:05:26,30.76,5044.48,,,,,
3057,04/24/2025 19:06:26,30.76,5012.48,,,,,
3058,04/24/2025 19:07:26,30.76,5090.56,,,,,
3059,04/24/2025 19:08:26,30.76,5404.16,,,,,
3060,04/24/2025 19:09:26,30.80,5406.72,,,,,
3061,04/24/2025 19:10:26,30.84,5429.76,,,,,
3062,04/24/2025 19:11:26,30.84,6128.64,,,,,
3063,04/24/2025 19:12:26,30.84,6656.00,,,,,
3064,04/24/2025 19:13:26,30.89,7336.96,,,,,
3065,04/24/2025 19:14:26,30.84,7475.20,,,,,
3066,04/24/2025 19:15:26,30.80,6576.64,,,,,
3067,04/24/2025 19:16:26,30.80,8286.72,,,,,
3068,04/24/2025 19:17:26,30.89,8168.96,,,,,
3069,04/24/2025 19:18:26,30.89,8189.44,,,,,
3070,04/24/2025 19:19:26,30.89,8046.08,,,,,
3071,04/24/2025 19:20:26,30.93,8005.12,,,,,
3072,04/24/2025 19:21:26,30.89,6689.28,,,,,
3073,04/24/2025 19:22:26,30.89,6177.28,,,,,
3074,04/24/2025 19:23:26,30.93,7731.20,,,,,
3075,04/24/2025 19:24:26,30.93,7495.68,,,,,
3076,04/24/2025 19:25:26,30.97,7331.84,,,,,
3077,04/24/2025 19:26:26,30.97,7109.12,,,,,
3078,04/24/2025 19:27:26,30.97,6963.20,,,,,
3079,04/24/2025 19:28:26,30.93,6781.44,,,,,
3080,04/24/2025 19:29:26,30.93,6970.88,,,,,
3081,04/24/2025 19:30:26,30.97,7029.76,,,,,
3082,04/24/2025 19:31:26,30.97,7193.60,,,,,
3083,04/24/2025 19:32:26,30.97,7454.72,,,,,
3084,04/24/2025 19:33:26,30.93,7408.64,,,,,
3085,04/24/2025 19:34:26,31.01,7513.60,,,,,
3086,04/24/2025 19:35:26,30.93,7467.52,,,,,
3087,04/24/2025 19:36:26,30.93,7429.12,,,,,
3088,04/24/2025 19:37:26,31.01,7528.96,,,,,
3089,04/24/2025 19:38:26,31.01,7508.48,,,,,
3090,04/24/2025 19:39:26,31.01,7685.12,,,,,
3091,04/24/2025 19:40:26,30.97,7795.20,,,,,
3092,04/24/2025 19:41:26,31.01,7979.52,,,,,
3093,04/24/2025 19:42:26,31.01,6807.04,,,,,
3094,04/24/2025 19:43:26,31.01,4359.68,,,,,
3095,04/24/2025 19:44:26,31.06,8642.56,,,,,
3096,04/24/2025 19:45:26,31.06,9088.00,,,,,
3097,04/24/2025 19:46:26,31.06,9356.80,,,,,
3098,04/24/2025 19:47:26,31.06,8424.96,,,,,
3099,04/24/2025 19:48:26,31.14,9361.92,,,,,
3100,04/24/2025 19:49:26,31.10,9382.40,,,,,
3101,04/24/2025 19:50:26,31.14,9643.52,,,,,
3102,04/24/2025 19:51:26,31.10,9454.08,,,,,
3103,04/24/2025 19:52:26,31.14,9932.80,,,,,
3104,04/24/2025 19:53:26,31.14,11806.72,,,,,
3105,04/24/2025 19:54:26,31.19,11601.92,,,,,
3106,04/24/2025 19:55:26,31.19,9088.00,,,,,
3107,04/24/2025 19:56:26,31.19,9861.12,,,,,
3108,04/24/2025 19:57:26,31.14,6714.88,,,,,
3109,04/24/2025 19:58:26,31.10,3682.56,,,,,
3110,04/24/2025 19:59:26,31.01,3134.72,,,,,
3111,04/24/2025 20:00:26,31.01,2127.36,,,,,
3112,04/24/2025 20:01:26,30.93,2273.28,,,,,
3113,04/24/2025 20:02:26,30.97,2672.64,,,,,
3114,04/24/2025 20:03:26,30.93,2743.04,,,,,
3115,04/24/2025 20:04:26,30.89,2584.96,,,,,
3116,04/24/2025 20:05:26,30.93,2707.20,,,,,
3117,04/24/2025 20:06:26,30.93,2892.80,,,,,
3118,04/24/2025 20:07:26,30.89,3210.24,,,,,
3119,04/24/2025 20:08:26,30.93,3577.60,,,,,
3120,04/24/2025 20:09:26,30.93,3957.76,,,,,
3121,04/24/2025 20:10:26,30.97,4330.24,,,,,
3122,04/24/2025 20:11:26,30.97,4672.00,,,,,
3123,04/24/2025 20:12:26,30.93,4867.84,,,,,
3124,04/24/2025 20:13:26,30.97,4976.64,,,,,
3125,04/24/2025 20:14:26,30.93,4903.68,,,,,
3126,04/24/2025 20:15:26,31.01,5025.28,,,,,
3127,04/24/2025 20:16:26,31.01,5169.92,,,,,
3128,04/24/2025 20:17:26,30.97,5445.12,,,,,
3129,04/24/2025 20:18:26,30.97,5708.80,,,,,
3130,04/24/2025 20:19:26,31.19,16752.64,,,,,
3131,04/24/2025 20:20:26,31.27,19850.24,,,,,
3132,04/24/2025 20:21:26,31.36,20285.44,,,,,
3133,04/24/2025 20:22:26,31.44,14883.84,,,,,
3134,04/24/2025 20:23:26,31.44,21094.40,,,,,
3135,04/24/2025 20:24:26,31.49,19886.08,,,,,
3136,04/24/2025 20:25:26,31.57,19404.80,,,,,
3137,04/24/2025 20:26:26,31.53,20055.04,,,,,
3138,04/24/2025 20:27:26,31.57,19722.24,,,,,
3139,04/24/2025 20:28:26,31.61,19425.28,,,,,
3140,04/24/2025 20:29:26,31.66,19921.92,,,,,
3141,04/24/2025 20:30:26,31.61,20264.96,,,,,
3142,04/24/2025 20:31:26,31.61,21872.64,,,,,
3143,04/24/2025 20:32:26,31.70,22046.72,,,,,
3144,04/24/2025 20:33:26,31.66,16737.28,,,,,
3145,04/24/2025 20:34:26,31.66,23439.36,,,,,
3146,04/24/2025 20:35:26,31.70,23961.60,,,,,
3147,04/24/2025 20:36:26,31.74,24780.80,,,,,
3148,04/24/2025 20:37:26,31.79,24832.00,,,,,
3149,04/24/2025 20:38:26,31.87,24903.68,,,,,
3150,04/24/2025 20:39:26,31.70,10050.56,,,,,
3151,04/24/2025 20:40:26,31.70,4710.40,,,,,
3152,04/24/2025 20:41:26,31.53,25661.44,,,,,
3153,04/24/2025 20:42:26,31.44,6225.92,,,,,
3154,04/24/2025 20:43:26,31.57,26327.04,,,,,
3155,04/24/2025 20:44:26,31.74,27033.60,,,,,
3156,04/24/2025 20:45:26,31.79,26787.84,,,,,
3157,04/24/2025 20:46:26,31.66,27607.04,,,,,
3158,04/24/2025 20:47:26,31.83,27033.60,,,,,
3159,04/24/2025 20:48:26,31.87,26439.68,,,,,
3160,04/24/2025 20:49:26,31.92,25610.24,,,,,
3161,04/24/2025 20:50:26,31.92,26337.28,,,,,
3162,04/24/2025 20:51:26,31.74,10972.16,,,,,
3163,04/24/2025 20:52:26,31.87,20131.84,,,,,
3164,04/24/2025 20:53:26,31.92,22845.44,,,,,
3165,04/24/2025 20:54:26,31.96,22528.00,,,,,
3166,04/24/2025 20:55:26,31.87,22906.88,,,,,
3167,04/24/2025 20:56:26,31.92,23797.76,,,,,
3168,04/24/2025 20:57:26,31.96,15718.40,,,,,
3169,04/24/2025 20:58:26,31.79,3674.88,,,,,
3170,04/24/2025 20:59:26,31.79,26193.92,,,,,
3171,04/24/2025 21:00:26,31.96,22620.16,,,,,
3172,04/24/2025 21:01:26,31.83,26798.08,,,,,
3173,04/24/2025 21:02:26,31.92,8537.60,,,,,
3174,04/24/2025 21:03:26,31.83,23848.96,,,,,
3175,04/24/2025 21:04:26,32.00,25272.32,,,,,
3176,04/24/2025 21:05:26,32.09,25487.36,,,,,
3177,04/24/2025 21:06:26,32.09,25815.04,,,,,
3178,04/24/2025 21:07:26,32.17,24975.36,,,,,
3179,04/24/2025 21:08:26,32.22,25344.00,,,,,
3180,04/24/2025 21:09:26,32.26,26081.28,,,,,
3181,04/24/2025 21:10:26,32.26,26306.56,,,,,
3182,04/24/2025 21:11:26,32.26,21319.68,,,,,
3183,04/24/2025 21:12:26,32.22,23941.12,,,,,
3184,04/24/2025 21:13:26,32.26,22681.60,,,,,
3185,04/24/2025 21:14:26,32.22,19404.80,,,,,
3186,04/24/2025 21:15:26,32.26,21176.32,,,,,
3187,04/24/2025 21:16:26,32.17,17438.72,,,,,
3188,04/24/2025 21:17:26,32.17,21985.28,,,,,
3189,04/24/2025 21:18:26,32.04,14151.68,,,,,
3190,04/24/2025 21:19:26,32.22,16163.84,,,,,
3191,04/24/2025 21:20:26,32.13,23234.56,,,,,
3192,04/24/2025 21:21:26,32.04,5788.16,,,,,
3193,04/24/2025 21:22:26,32.04,22231.04,,,,,
3194,04/24/2025 21:23:26,32.17,21268.48,,,,,
3195,04/24/2025 21:24:26,32.13,6095.36,,,,,
3196,04/24/2025 21:25:26,32.04,18560.00,,,,,
3197,04/24/2025 21:26:26,32.09,18595.84,,,,,
3198,04/24/2025 21:27:26,32.22,17146.88,,,,,
3199,04/24/2025 21:28:26,32.04,13880.32,,,,,
3200,04/24/2025 21:29:26,32.13,18539.52,,,,,
3201,04/24/2025 21:30:26,32.17,18083.84,,,,,
3202,04/24/2025 21:31:26,32.09,14607.36,,,,,
3203,04/24/2025 21:32:26,32.09,13941.76,,,,,
3204,04/24/2025 21:33:26,32.00,9479.68,,,,,
3205,04/24/2025 21:34:26,31.92,7441.92,,,,,
3206,04/24/2025 21:35:26,31.83,5903.36,,,,,
3207,04/24/2025 21:36:26,31.79,6085.12,,,,,
3208,04/24/2025 21:37:26,31.79,6656.00,,,,,
3209,04/24/2025 21:38:26,31.74,6917.12,,,,,
3210,04/24/2025 21:39:26,31.74,7285.76,,,,,
3211,04/24/2025 21:40:26,31.83,7613.44,,,,,
3212,04/24/2025 21:41:26,31.79,8752.64,,,,,
3213,04/24/2025 21:42:26,31.74,6525.44,,,,,
3214,04/24/2025 21:43:26,31.83,11223.04,,,,,
3215,04/24/2025 21:44:26,31.74,5734.40,,,,,
3216,04/24/2025 21:45:26,31.79,7659.52,,,,,
3217,04/24/2025 21:46:26,31.83,9664.00,,,,,
3218,04/24/2025 21:47:26,31.74,5386.24,,,,,
3219,04/24/2025 21:48:26,31.70,4819.20,,,,,
3220,04/24/2025 21:49:26,31.66,4451.84,,,,,
3221,04/24/2025 21:50:26,31.66,4298.24,,,,,
3222,04/24/2025 21:51:26,31.61,4298.24,,,,,
3223,04/24/2025 21:52:26,31.66,4451.84,,,,,
3224,04/24/2025 21:53:26,31.61,4691.20,,,,,
3225,04/24/2025 21:54:26,31.61,4947.20,,,,,
3226,04/24/2025 21:55:26,31.61,5149.44,,,,,
3227,04/24/2025 21:56:26,31.61,5155.84,,,,,
3228,04/24/2025 21:57:26,31.66,13521.92,,,,,
3229,04/24/2025 21:58:26,31.87,12999.68,,,,,
3230,04/24/2025 21:59:26,31.92,15744.00,,,,,
3231,04/24/2025 22:00:26,31.83,6689.28,,,,,
3232,04/24/2025 22:01:26,31.87,13045.76,,,,,
3233,04/24/2025 22:02:26,31.96,13035.52,,,,,
3234,04/24/2025 22:03:26,31.92,11064.32,,,,,
3235,04/24/2025 22:04:26,32.00,14458.88,,,,,
3236,04/24/2025 22:05:26,32.00,15262.72,,,,,
3237,04/24/2025 22:06:26,32.04,14991.36,,,,,
3238,04/24/2025 22:07:26,32.09,14894.08,,,,,
3239,04/24/2025 22:08:26,32.13,14760.96,,,,,
3240,04/24/2025 22:09:26,32.13,14689.28,,,,,
3241,04/24/2025 22:10:26,32.13,14489.60,,,,,
3242,04/24/2025 22:11:26,32.09,14382.08,,,,,
3243,04/24/2025 22:12:26,32.13,14356.48,,,,,
3244,04/24/2025 22:13:26,32.13,14248.96,,,,,
3245,04/24/2025 22:14:26,32.17,14192.64,,,,,
3246,04/24/2025 22:15:26,32.17,13056.00,,,,,
3247,04/24/2025 22:16:26,32.09,14361.60,,,,,
3248,04/24/2025 22:17:26,32.13,14228.48,,,,,
3249,04/24/2025 22:18:26,32.13,14146.56,,,,,
3250,04/24/2025 22:19:26,32.09,14136.32,,,,,
3251,04/24/2025 22:20:26,32.13,14197.76,,,,,
3252,04/24/2025 22:21:26,32.04,14356.48,,,,,
3253,04/24/2025 22:22:26,32.22,14535.68,,,,,
3254,04/24/2025 22:23:26,32.17,15016.96,,,,,
3255,04/24/2025 22:24:26,32.13,15354.88,,,,,
3256,04/24/2025 22:25:26,32.17,14991.36,,,,,
3257,04/24/2025 22:26:26,32.13,12917.76,,,,,
3258,04/24/2025 22:27:26,32.04,11904.00,,,,,
3259,04/24/2025 22:28:26,32.04,12656.64,,,,,
3260,04/24/2025 22:29:26,32.04,12277.76,,,,,
3261,04/24/2025 22:30:26,32.09,13317.12,,,,,
3262,04/24/2025 22:31:26,32.09,13317.12,,,,,
3263,04/24/2025 22:32:26,32.13,13235.20,,,,,
3264,04/24/2025 22:33:26,32.09,13240.32,,,,,
3265,04/24/2025 22:34:26,32.09,13399.04,,,,,
3266,04/24/2025 22:35:26,32.13,13834.24,,,,,
3267,04/24/2025 22:36:26,32.13,14525.44,,,,,
3268,04/24/2025 22:37:26,32.17,15447.04,,,,,
3269,04/24/2025 22:38:26,32.26,15370.24,,,,,
3270,04/24/2025 22:39:26,32.22,16686.08,,,,,
3271,04/24/2025 22:40:26,32.17,13895.68,,,,,
3272,04/24/2025 22:41:26,32.22,16404.48,,,,,
3273,04/24/2025 22:42:26,32.13,8314.88,,,,,
3274,04/24/2025 22:43:26,32.17,15544.32,,,,,
3275,04/24/2025 22:44:26,32.17,15503.36,,,,,
3276,04/24/2025 22:45:26,32.13,15109.12,,,,,
3277,04/24/2025 22:46:26,32.13,14832.64,,,,,
3278,04/24/2025 22:47:26,32.13,14648.32,,,,,
3279,04/24/2025 22:48:26,32.17,14295.04,,,,,
3280,04/24/2025 22:49:26,32.13,14366.72,,,,,
3281,04/24/2025 22:50:26,32.17,13598.72,,,,,
3282,04/24/2025 22:51:26,32.09,7096.32,,,,,
3283,04/24/2025 22:52:26,32.04,7139.84,,,,,
3284,04/24/2025 22:53:26,31.96,11223.04,,,,,
3285,04/24/2025 22:54:26,32.04,12436.48,,,,,
3286,04/24/2025 22:55:26,32.09,12462.08,,,,,
3287,04/24/2025 22:56:26,32.04,12067.84,,,,,
3288,04/24/2025 22:57:26,32.04,11719.68,,,,,
3289,04/24/2025 22:58:26,32.09,11422.72,,,,,
3290,04/24/2025 22:59:26,32.00,11105.28,,,,,
3291,04/24/2025 23:00:26,32.04,10813.44,,,,,
3292,04/24/2025 23:01:26,32.04,10634.24,,,,,
3293,04/24/2025 23:02:26,32.04,10429.44,,,,,
3294,04/24/2025 23:03:26,32.00,10234.88,,,,,
3295,04/24/2025 23:04:26,32.00,10083.84,,,,,
3296,04/24/2025 23:05:26,32.04,9920.00,,,,,
3297,04/24/2025 23:06:26,31.92,9807.36,,,,,
3298,04/24/2025 23:07:26,31.96,9689.60,,,,,
3299,04/24/2025 23:08:26,31.96,9500.16,,,,,
3300,04/24/2025 23:09:26,32.00,9218.56,,,,,
3301,04/24/2025 23:10:26,31.87,9134.08,,,,,
3302,04/24/2025 23:11:26,31.87,8865.28,,,,,
3303,04/24/2025 23:12:26,31.92,8588.80,,,,,
3304,04/24/2025 23:13:26,31.96,8537.60,,,,,
3305,04/24/2025 23:14:26,31.87,8496.64,,,,,
3306,04/24/2025 23:15:26,31.92,8189.44,,,,,
3307,04/24/2025 23:16:26,31.92,8046.08,,,,,
3308,04/24/2025 23:17:26,31.83,7928.32,,,,,
3309,04/24/2025 23:18:26,31.92,7841.28,,,,,
3310,04/24/2025 23:19:26,31.83,7232.00,,,,,
3311,04/24/2025 23:20:26,31.92,7508.48,,,,,
3312,04/24/2025 23:21:26,31.83,7344.64,,,,,
3313,04/24/2025 23:22:26,31.87,7114.24,,,,,
3314,04/24/2025 23:23:26,31.83,6807.04,,,,,
3315,04/24/2025 23:24:26,31.83,6709.76,,,,,
3316,04/24/2025 23:25:26,31.83,6571.52,,,,,
3317,04/24/2025 23:26:26,31.83,6302.72,,,,,
3318,04/24/2025 23:27:26,31.79,5954.56,,,,,
3319,04/24/2025 23:28:26,31.74,5788.16,,,,,
3320,04/24/2025 23:29:26,31.74,5844.48,,,,,
3321,04/24/2025 23:30:26,31.66,5304.32,,,,,
3322,04/24/2025 23:31:26,31.70,5166.08,,,,,
3323,04/24/2025 23:32:26,31.70,4661.76,,,,,
3324,04/24/2025 23:33:26,31.66,4186.88,,,,,
3325,04/24/2025 23:34:26,31.66,3865.60,,,,,
3326,04/24/2025 23:35:26,31.66,3813.12,,,,,
3327,04/24/2025 23:36:26,31.66,2703.36,,,,,
3328,04/24/2025 23:37:26,31.61,3596.80,,,,,
3329,04/24/2025 23:38:26,31.61,3169.28,,,,,
3330,04/24/2025 23:39:26,31.61,3590.40,,,,,
3331,04/24/2025 23:40:26,31.61,3773.44,,,,,
3332,04/24/2025 23:41:26,31.61,2840.32,,,,,
3333,04/24/2025 23:42:26,31.57,1909.76,,,,,
3334,04/24/2025 23:43:26,31.57,1595.52,,,,,
3335,04/24/2025 23:44:26,31.57,1573.12,,,,,
3336,04/24/2025 23:45:26,31.53,1253.12,,,,,
3337,04/24/2025 23:46:26,31.49,2439.04,,,,,
3338,04/24/2025 23:47:26,31.53,2272.00,,,,,
3339,04/24/2025 23:48:26,31.49,2247.04,,,,,
3340,04/24/2025 23:49:26,31.49,1875.20,,,,,
3341,04/24/2025 23:50:26,31.49,1621.76,,,,,
3342,04/24/2025 23:51:26,31.49,1221.76,,,,,
3343,04/24/2025 23:52:26,31.44,1716.48,,,,,
3344,04/24/2025 23:53:26,31.44,1795.20,,,,,
3345,04/24/2025 23:54:26,31.44,1793.28,,,,,
3346,04/24/2025 23:55:26,31.40,1708.16,,,,,
3347,04/24/2025 23:56:26,31.40,1505.92,,,,,
3348,04/24/2025 23:57:26,31.44,1552.00,,,,,
3349,04/24/2025 23:58:26,31.40,1525.76,,,,,
3350,04/24/2025 23:59:26,31.40,1465.60,,,,,
3351,04/25/2025 00:00:26,31.44,1607.68,,,,,
3352,04/25/2025 00:01:26,31.40,1305.60,,,,,
3353,04/25/2025 00:02:26,31.40,1516.80,,,,,
3354,04/25/2025 00:03:26,31.44,1672.32,,,,,
3355,04/25/2025 00:04:26,31.40,1520.00,,,,,
3356,04/25/2025 00:05:26,31.40,1511.68,,,,,
3357,04/25/2025 00:06:26,31.40,1937.92,,,,,
3358,04/25/2025 00:07:26,31.44,2851.84,,,,,
3359,04/25/2025 00:08:26,31.40,2440.32,,,,,
3360,04/25/2025 00:09:26,31.44,2565.12,,,,,
3361,04/25/2025 00:10:26,31.36,2124.16,,,,,
3362,04/25/2025 00:11:26,31.40,1950.72,,,,,
3363,04/25/2025 00:12:26,31.36,1329.92,,,,,
3364,04/25/2025 00:13:26,31.36,1556.48,,,,,
3365,04/25/2025 00:14:26,31.36,1963.52,,,,,
3366,04/25/2025 00:15:26,31.36,1970.56,,,,,
3367,04/25/2025 00:16:26,31.40,1646.08,,,,,
3368,04/25/2025 00:17:26,31.36,1554.56,,,,,
3369,04/25/2025 00:18:26,31.36,1728.00,,,,,
3370,04/25/2025 00:19:26,31.31,1893.12,,,,,
3371,04/25/2025 00:20:26,31.36,2035.84,,,,,
3372,04/25/2025 00:21:26,31.31,2220.80,,,,,
3373,04/25/2025 00:22:26,31.31,2040.96,,,,,
3374,04/25/2025 00:23:26,31.31,2129.28,,,,,
3375,04/25/2025 00:24:26,31.31,1740.80,,,,,
3376,04/25/2025 00:25:26,31.31,1531.52,,,,,
3377,04/25/2025 00:26:26,31.27,1227.52,,,,,
3378,04/25/2025 00:27:26,31.27,1459.20,,,,,
3379,04/25/2025 00:28:26,31.27,1637.76,,,,,
3380,04/25/2025 00:29:26,31.27,1272.00,,,,,
3381,04/25/2025 00:30:26,31.27,1136.00,,,,,
3382,04/25/2025 00:31:26,31.31,1294.08,,,,,
3383,04/25/2025 00:32:26,31.23,1238.40,,,,,
3384,04/25/2025 00:33:26,31.27,1119.68,,,,,
3385,04/25/2025 00:34:26,31.23,937.60,,,,,
3386,04/25/2025 00:35:26,31.19,792.64,,,,,
3387,04/25/2025 00:36:26,31.27,811.52,,,,,
3388,04/25/2025 00:37:26,31.23,768.00,,,,,
3389,04/25/2025 00:38:26,31.19,801.60,,,,,
3390,04/25/2025 00:39:26,31.23,812.48,,,,,
3391,04/25/2025 00:40:26,31.27,799.36,,,,,
3392,04/25/2025 00:41:26,31.19,753.28,,,,,
3393,04/25/2025 00:42:26,31.19,759.04,,,,,
3394,04/25/2025 00:43:26,31.19,764.80,,,,,
3395,04/25/2025 00:44:26,31.23,800.96,,,,,
3396,04/25/2025 00:45:26,31.19,755.84,,,,,
3397,04/25/2025 00:46:26,31.19,740.80,,,,,
3398,04/25/2025 00:47:26,31.19,737.28,,,,,
3399,04/25/2025 00:48:26,31.19,766.40,,,,,
3400,04/25/2025 00:49:26,31.19,790.40,,,,,
3401,04/25/2025 00:50:26,31.23,864.00,,,,,
3402,04/25/2025 00:51:26,31.19,1136.64,,,,,
3403,04/25/2025 00:52:26,31.14,1474.56,,,,,
3404,04/25/2025 00:53:26,31.14,1600.00,,,,,
3405,04/25/2025 00:54:26,31.19,1392.00,,,,,
3406,04/25/2025 00:55:26,31.19,1215.36,,,,,
3407,04/25/2025 00:56:26,31.19,1124.48,,,,,
3408,04/25/2025 00:57:26,31.19,1441.28,,,,,
3409,04/25/2025 00:58:26,31.19,1422.72,,,,,
3410,04/25/2025 00:59:26,31.19,1360.00,,,,,
3411,04/25/2025 01:00:26,31.19,1420.80,,,,,
3412,04/25/2025 01:01:26,31.14,1772.16,,,,,
3413,04/25/2025 01:02:26,31.19,2158.72,,,,,
3414,04/25/2025 01:03:26,31.19,2145.92,,,,,
3415,04/25/2025 01:04:26,31.19,1822.72,,,,,
3416,04/25/2025 01:05:26,31.19,1558.40,,,,,
3417,04/25/2025 01:06:26,31.19,1318.40,,,,,
3418,04/25/2025 01:07:26,31.14,1319.04,,,,,
3419,04/25/2025 01:08:26,31.14,1235.84,,,,,
3420,04/25/2025 01:09:26,31.14,1341.44,,,,,
3421,04/25/2025 01:10:26,31.14,1191.68,,,,,
3422,04/25/2025 01:11:26,31.14,1083.52,,,,,
3423,04/25/2025 01:12:26,31.14,1372.16,,,,,
3424,04/25/2025 01:13:26,31.10,1393.92,,,,,
3425,04/25/2025 01:14:26,31.10,1134.40,,,,,
3426,04/25/2025 01:15:26,31.06,904.00,,,,,
3427,04/25/2025 01:16:26,31.14,845.12,,,,,
3428,04/25/2025 01:17:26,31.10,876.16,,,,,
3429,04/25/2025 01:18:26,31.10,881.28,,,,,
3430,04/25/2025 01:19:26,31.14,956.48,,,,,
3431,04/25/2025 01:20:26,31.06,978.56,,,,,
3432,04/25/2025 01:21:26,31.06,834.56,,,,,
3433,04/25/2025 01:22:26,31.10,751.04,,,,,
3434,04/25/2025 01:23:26,31.06,801.60,,,,,
3435,04/25/2025 01:24:26,31.10,1013.12,,,,,
3436,04/25/2025 01:25:26,31.06,1163.84,,,,,
3437,04/25/2025 01:26:26,31.10,1112.96,,,,,
3438,04/25/2025 01:27:26,31.06,1024.64,,,,,
3439,04/25/2025 01:28:26,31.06,1060.48,,,,,
3440,04/25/2025 01:29:26,31.06,982.72,,,,,
3441,04/25/2025 01:30:26,31.06,994.24,,,,,
3442,04/25/2025 01:31:26,31.06,1017.92,,,,,
3443,04/25/2025 01:32:26,31.01,986.88,,,,,
3444,04/25/2025 01:33:26,31.10,1028.48,,,,,
3445,04/25/2025 01:34:26,31.01,950.72,,,,,
3446,04/25/2025 01:35:26,31.06,905.60,,,,,
3447,04/25/2025 01:36:26,31.06,896.00,,,,,
3448,04/25/2025 01:37:26,31.01,846.08,,,,,
3449,04/25/2025 01:38:26,30.97,827.84,,,,,
3450,04/25/2025 01:39:26,31.01,820.48,,,,,
3451,04/25/2025 01:40:26,31.01,619.20,,,,,
3452,04/25/2025 01:41:26,31.01,600.64,,,,,
3453,04/25/2025 01:42:26,30.97,558.88,,,,,
3454,04/25/2025 01:43:26,31.06,506.88,,,,,
3455,04/25/2025 01:44:26,30.97,467.68,,,,,
3456,04/25/2025 01:45:26,30.97,443.52,,,,,
3457,04/25/2025 01:46:26,31.01,438.56,,,,,
3458,04/25/2025 01:47:26,30.97,358.88,,,,,
3459,04/25/2025 01:48:26,30.97,299.52,,,,,
3460,04/25/2025 01:49:26,30.97,274.96,,,,,
3461,04/25/2025 01:50:26,30.93,274.96,,,,,
3462,04/25/2025 01:51:26,30.97,272.48,,,,,
3463,04/25/2025 01:52:26,30.97,253.44,,,,,
3464,04/25/2025 01:53:26,30.93,288.08,,,,,
3465,04/25/2025 01:54:26,30.93,268.40,,,,,
3466,04/25/2025 01:55:26,30.93,251.04,,,,,
3467,04/25/2025 01:56:26,30.93,232.16,,,,,
3468,04/25/2025 01:57:26,30.93,212.32,,,,,
3469,04/25/2025 01:58:26,30.93,192.64,,,,,
3470,04/25/2025 01:59:26,30.93,177.68,,,,,
3471,04/25/2025 02:00:26,30.89,165.28,,,,,
3472,04/25/2025 02:01:26,30.93,149.68,,,,,
3473,04/25/2025 02:02:26,30.93,131.56,,,,,
3474,04/25/2025 02:03:26,30.89,119.24,,,,,
3475,04/25/2025 02:04:26,30.93,107.80,,,,,
3476,04/25/2025 02:05:26,30.93,101.12,,,,,
3477,04/25/2025 02:06:26,30.84,91.32,,,,,
3478,04/25/2025 02:07:26,30.84,82.20,,,,,
3479,04/25/2025 02:08:26,30.84,73.20,,,,,
3480,04/25/2025 02:09:26,30.89,65.78,,,,,
3481,04/25/2025 02:10:26,30.84,57.54,,,,,
3482,04/25/2025 02:11:26,30.93,50.16,,,,,
3483,04/25/2025 02:12:26,30.89,43.14,,,,,
3484,04/25/2025 02:13:26,30.84,36.55,,,,,
3485,04/25/2025 02:14:26,30.80,31.58,,,,,
3486,04/25/2025 02:15:26,30.84,25.85,,,,,
3487,04/25/2025 02:16:26,30.89,21.52,,,,,
3488,04/25/2025 02:17:26,30.84,17.61,,,,,
3489,04/25/2025 02:18:26,30.84,14.12,,,,,
3490,04/25/2025 02:19:26,30.84,11.26,,,,,
3491,04/25/2025 02:20:26,30.84,8.60,,,,,
3492,04/25/2025 02:21:26,30.89,6.34,,,,,
3493,04/25/2025 02:22:26,30.84,4.70,,,,,
3494,04/25/2025 02:23:26,30.84,3.48,,,,,
3495,04/25/2025 02:24:26,30.84,2.66,,,,,
3496,04/25/2025 02:25:26,30.89,1.84,,,,,
3497,04/25/2025 02:26:26,30.84,1.63,,,,,
3498,04/25/2025 02:27:26,30.80,0.81,,,,,
3499,04/25/2025 02:28:26,30.80,0.61,,,,,
3500,04/25/2025 02:29:26,30.84,0.40,,,,,
3501,04/25/2025 02:30:26,30.80,0.20,,,,,
3502,04/25/2025 02:31:26,30.80,0.20,,,,,
3503,04/25/2025 02:32:26,30.80,0.00,,,,,
3504,04/25/2025 02:33:26,30.80,0.00,,,,,
3505,04/25/2025 02:34:26,30.80,0.00,,,,,
3506,04/25/2025 02:35:26,30.84,0.00,,,,,
3507,04/25/2025 02:36:26,30.84,0.00,,,,,
3508,04/25/2025 02:37:26,30.80,0.00,,,,,
3509,04/25/2025 02:38:26,30.84,0.00,,,,,
3510,04/25/2025 02:39:26,30.84,0.00,,,,,
3511,04/25/2025 02:40:26,30.80,0.00,,,,,
3512,04/25/2025 02:41:26,30.84,0.00,,,,,
3513,04/25/2025 02:42:26,30.80,0.00,,,,,
3514,04/25/2025 02:43:26,30.76,0.00,,,,,
3515,04/25/2025 02:44:26,30.84,0.00,,,,,
3516,04/25/2025 02:45:26,30.76,0.00,,,,,
3517,04/25/2025 02:46:26,30.80,0.00,,,,,
3518,04/25/2025 02:47:26,30.76,0.00,,,,,
3519,04/25/2025 02:48:26,30.76,0.00,,,,,
3520,04/25/2025 02:49:26,30.71,0.00,,,,,
3521,04/25/2025 02:50:26,30.76,0.00,,,,,
3522,04/25/2025 02:51:26,30.76,0.00,,,,,
3523,04/25/2025 02:52:26,30.76,0.00,,,,,
3524,04/25/2025 02:53:26,30.80,0.00,,,,,
3525,04/25/2025 02:54:26,30.76,0.00,,,,,
3526,04/25/2025 02:55:26,30.76,0.00,,,,,
3527,04/25/2025 02:56:26,30.80,0.00,,,,,
3528,04/25/2025 02:57:26,30.76,0.00,,,,,
3529,04/25/2025 02:58:26,30.71,0.00,,,,,
3530,04/25/2025 02:59:26,30.71,0.00,,,,,
3531,04/25/2025 03:00:26,30.71,0.00,,,,,
3532,04/25/2025 03:01:26,30.76,0.00,,,,,
3533,04/25/2025 03:02:26,30.71,0.00,,,,,
3534,04/25/2025 03:03:26,30.76,0.00,,,,,
3535,04/25/2025 03:04:26,30.76,0.20,,,,,
3536,04/25/2025 03:05:26,30.71,0.00,,,,,
3537,04/25/2025 03:06:26,30.71,0.00,,,,,
3538,04/25/2025 03:07:26,30.71,0.00,,,,,
3539,04/25/2025 03:08:26,30.71,0.00,,,,,
3540,04/25/2025 03:09:26,30.71,0.00,,,,,
3541,04/25/2025 03:10:26,30.67,0.00,,,,,
3542,04/25/2025 03:11:26,30.67,0.00,,,,,
3543,04/25/2025 03:12:26,30.71,0.00,,,,,
3544,04/25/2025 03:13:26,30.67,0.00,,,,,
3545,04/25/2025 03:14:26,30.71,0.00,,,,,
3546,04/25/2025 03:15:26,30.67,0.00,,,,,
3547,04/25/2025 03:16:26,30.67,0.00,,,,,
3548,04/25/2025 03:17:26,30.67,0.00,,,,,
3549,04/25/2025 03:18:26,30.71,0.00,,,,,
3550,04/25/2025 03:19:26,30.67,0.00,,,,,
3551,04/25/2025 03:20:26,30.67,0.00,,,,,
3552,04/25/2025 03:21:26,30.71,0.00,,,,,
3553,04/25/2025 03:22:26,30.67,0.00,,,,,
3554,04/25/2025 03:23:26,30.71,0.00,,,,,
3555,04/25/2025 03:24:26,30.67,0.00,,,,,
3556,04/25/2025 03:25:26,30.67,0.00,,,,,
3557,04/25/2025 03:26:26,30.71,0.00,,,,,
3558,04/25/2025 03:27:26,30.63,0.00,,,,,
3559,04/25/2025 03:28:26,30.71,0.00,,,,,
3560,04/25/2025 03:29:26,30.71,0.00,,,,,
3561,04/25/2025 03:30:26,30.63,0.00,,,,,
3562,04/25/2025 03:31:26,30.67,0.00,,,,,
3563,04/25/2025 03:32:26,30.63,0.00,,,,,
3564,04/25/2025 03:33:26,30.71,0.00,,,,,
3565,04/25/2025 03:34:26,30.67,0.00,,,,,
3566,04/25/2025 03:35:26,30.71,0.00,,,,,
3567,04/25/2025 03:36:26,30.71,0.00,,,,,
3568,04/25/2025 03:37:26,30.67,0.00,,,,,
3569,04/25/2025 03:38:26,30.63,0.00,,,,,
3570,04/25/2025 03:39:26,30.67,0.00,,,,,
3571,04/25/2025 03:40:26,30.63,0.00,,,,,
3572,04/25/2025 03:41:26,30.67,0.00,,,,,
3573,04/25/2025 03:42:26,30.71,0.00,,,,,
3574,04/25/2025 03:43:26,30.67,0.00,,,,,
3575,04/25/2025 03:44:26,30.63,0.00,,,,,
3576,04/25/2025 03:45:26,30.67,0.00,,,,,
3577,04/25/2025 03:46:26,30.67,0.00,,,,,
3578,04/25/2025 03:47:26,30.67,0.00,,,,,
3579,04/25/2025 03:48:26,30.63,0.00,,,,,
3580,04/25/2025 03:49:26,30.71,0.00,,,,,
3581,04/25/2025 03:50:26,30.67,0.00,,,,,
3582,04/25/2025 03:51:26,30.59,0.00,,,,,
3583,04/25/2025 03:52:26,30.63,0.00,,,,,
3584,04/25/2025 03:53:26,30.63,0.00,,,,,
3585,04/25/2025 03:54:26,30.63,0.00,,,,,
3586,04/25/2025 03:55:26,30.63,0.00,,,,,
3587,04/25/2025 03:56:26,30.59,0.00,,,,,
3588,04/25/2025 03:57:26,30.67,0.20,,,,,
3589,04/25/2025 03:58:26,30.67,0.00,,,,,
3590,04/25/2025 03:59:26,30.63,0.00,,,,,
3591,04/25/2025 04:00:26,30.63,0.00,,,,,
3592,04/25/2025 04:01:26,30.67,0.00,,,,,
3593,04/25/2025 04:02:26,30.67,0.00,,,,,
3594,04/25/2025 04:03:26,30.63,0.00,,,,,
3595,04/25/2025 04:04:26,30.59,0.00,,,,,
3596,04/25/2025 04:05:26,30.63,0.00,,,,,
3597,04/25/2025 04:06:26,30.59,0.00,,,,,
3598,04/25/2025 04:07:26,30.63,0.00,,,,,
3599,04/25/2025 04:08:26,30.63,0.00,,,,,
3600,04/25/2025 04:09:26,30.67,0.00,,,,,
3601,04/25/2025 04:10:26,30.63,0.00,,,,,
3602,04/25/2025 04:11:26,30.63,0.00,,,,,
3603,04/25/2025 04:12:26,30.63,0.00,,,,,
3604,04/25/2025 04:13:26,30.63,0.00,,,,,
3605,04/25/2025 04:14:26,30.63,0.00,,,,,
3606,04/25/2025 04:15:26,30.59,0.00,,,,,
3607,04/25/2025 04:16:26,30.67,0.00,,,,,
3608,04/25/2025 04:17:26,30.63,0.00,,,,,
3609,04/25/2025 04:18:26,30.59,0.00,,,,,
3610,04/25/2025 04:19:26,30.63,0.00,,,,,
3611,04/25/2025 04:20:26,30.63,0.00,,,,,
3612,04/25/2025 04:21:26,30.67,0.00,,,,,
3613,04/25/2025 04:22:26,30.63,0.00,,,,,
3614,04/25/2025 04:23:26,30.63,0.00,,,,,
3615,04/25/2025 04:24:26,30.59,0.00,,,,,
3616,04/25/2025 04:25:26,30.63,0.00,,,,,
3617,04/25/2025 04:26:26,30.63,0.00,,,,,
3618,04/25/2025 04:27:26,30.59,0.00,,,,,
3619,04/25/2025 04:28:26,30.54,0.00,,,,,
3620,04/25/2025 04:29:26,30.67,0.00,,,,,
3621,04/25/2025 04:30:26,30.54,0.00,,,,,
3622,04/25/2025 04:31:26,30.63,0.00,,,,,
3623,04/25/2025 04:32:26,30.59,0.00,,,,,
3624,04/25/2025 04:33:26,30.59,0.00,,,,,
3625,04/25/2025 04:34:26,30.54,0.00,,,,,
3626,04/25/2025 04:35:26,30.63,0.20,,,,,
3627,04/25/2025 04:36:26,30.59,0.00,,,,,
3628,04/25/2025 04:37:26,30.63,0.00,,,,,
3629,04/25/2025 04:38:26,30.63,0.00,,,,,
3630,04/25/2025 04:39:26,30.59,0.00,,,,,
3631,04/25/2025 04:40:26,30.63,0.00,,,,,
3632,04/25/2025 04:41:26,30.63,0.00,,,,,
3633,04/25/2025 04:42:26,30.59,0.00,,,,,
3634,04/25/2025 04:43:26,30.63,0.00,,,,,
3635,04/25/2025 04:44:26,30.63,0.00,,,,,
3636,04/25/2025 04:45:26,30.63,0.00,,,,,
3637,04/25/2025 04:46:26,30.59,0.00,,,,,
3638,04/25/2025 04:47:26,30.63,0.00,,,,,
3639,04/25/2025 04:48:26,30.59,0.00,,,,,
3640,04/25/2025 04:49:26,30.59,0.00,,,,,
3641,04/25/2025 04:50:26,30.59,0.00,,,,,
3642,04/25/2025 04:51:26,30.59,0.00,,,,,
3643,04/25/2025 04:52:26,30.59,0.00,,,,,
3644,04/25/2025 04:53:26,30.59,0.00,,,,,
3645,04/25/2025 04:54:26,30.59,0.00,,,,,
3646,04/25/2025 04:55:26,30.59,0.00,,,,,
3647,04/25/2025 04:56:26,30.59,0.00,,,,,
3648,04/25/2025 04:57:26,30.59,0.00,,,,,
3649,04/25/2025 04:58:26,30.59,0.00,,,,,
3650,04/25/2025 04:59:26,30.67,0.00,,,,,
3651,04/25/2025 05:00:26,30.59,0.00,,,,,
3652,04/25/2025 05:01:26,30.59,0.00,,,,,
3653,04/25/2025 05:02:26,30.59,0.00,,,,,
3654,04/25/2025 05:03:26,30.63,0.00,,,,,
3655,04/25/2025 05:04:26,30.63,0.00,,,,,
3656,04/25/2025 05:05:26,30.63,0.00,,,,,
3657,04/25/2025 05:06:26,30.59,0.00,,,,,
3658,04/25/2025 05:07:26,30.59,0.00,,,,,
3659,04/25/2025 05:08:26,30.59,0.00,,,,,
3660,04/25/2025 05:09:26,30.59,0.00,,,,,
3661,04/25/2025 05:10:26,30.63,0.00,,,,,
3662,04/25/2025 05:11:26,30.59,0.00,,,,,
3663,04/25/2025 05:12:26,30.59,0.00,,,,,
3664,04/25/2025 05:13:26,30.59,0.00,,,,,
3665,04/25/2025 05:14:26,30.54,0.00,,,,,
3666,04/25/2025 05:15:26,30.59,0.00,,,,,
3667,04/25/2025 05:16:26,30.54,0.00,,,,,
3668,04/25/2025 05:17:26,30.59,0.00,,,,,
3669,04/25/2025 05:18:26,30.59,0.00,,,,,
3670,04/25/2025 05:19:26,30.59,0.00,,,,,
3671,04/25/2025 05:20:26,30.59,0.00,,,,,
3672,04/25/2025 05:21:26,30.59,0.00,,,,,
3673,04/25/2025 05:22:26,30.59,0.00,,,,,
3674,04/25/2025 05:23:26,30.59,0.00,,,,,
3675,04/25/2025 05:24:26,30.59,0.00,,,,,
3676,04/25/2025 05:25:26,30.59,0.00,,,,,
3677,04/25/2025 05:26:26,30.59,0.00,,,,,
3678,04/25/2025 05:27:26,30.59,0.00,,,,,
3679,04/25/2025 05:28:26,30.63,0.20,,,,,
3680,04/25/2025 05:29:26,30.59,0.00,,,,,
3681,04/25/2025 05:30:26,30.54,0.00,,,,,
3682,04/25/2025 05:31:26,30.59,0.00,,,,,
3683,04/25/2025 05:32:26,30.54,0.00,,,,,
3684,04/25/2025 05:33:26,30.59,0.00,,,,,
3685,04/25/2025 05:34:26,30.59,0.00,,,,,
3686,04/25/2025 05:35:26,30.54,0.00,,,,,
3687,04/25/2025 05:36:26,30.59,0.00,,,,,
3688,04/25/2025 05:37:26,30.54,0.00,,,,,
3689,04/25/2025 05:38:26,30.54,0.00,,,,,
3690,04/25/2025 05:39:26,30.54,0.00,,,,,
3691,04/25/2025 05:40:26,30.59,0.00,,,,,
3692,04/25/2025 05:41:26,30.59,0.00,,,,,
3693,04/25/2025 05:42:26,30.59,0.00,,,,,
3694,04/25/2025 05:43:26,30.59,0.00,,,,,
3695,04/25/2025 05:44:26,30.54,0.00,,,,,
3696,04/25/2025 05:45:26,30.54,0.00,,,,,
3697,04/25/2025 05:46:26,30.59,0.00,,,,,
3698,04/25/2025 05:47:26,30.59,0.00,,,,,
3699,04/25/2025 05:48:26,30.59,0.00,,,,,
3700,04/25/2025 05:49:26,30.63,0.00,,,,,
3701,04/25/2025 05:50:26,30.59,0.00,,,,,
3702,04/25/2025 05:51:26,30.59,0.00,,,,,
3703,04/25/2025 05:52:26,30.54,0.00,,,,,
3704,04/25/2025 05:53:26,30.54,0.00,,,,,
3705,04/25/2025 05:54:26,30.54,0.00,,,,,
3706,04/25/2025 05:55:26,30.54,0.00,,,,,
3707,04/25/2025 05:56:26,30.54,0.00,,,,,
3708,04/25/2025 05:57:26,30.59,0.00,,,,,
3709,04/25/2025 05:58:26,30.59,0.00,,,,,
3710,04/25/2025 05:59:26,30.54,0.00,,,,,
3711,04/25/2025 06:00:26,30.63,0.00,,,,,
3712,04/25/2025 06:01:26,30.59,0.00,,,,,
3713,04/25/2025 06:02:26,30.54,0.00,,,,,
3714,04/25/2025 06:03:26,30.59,0.00,,,,,
3715,04/25/2025 06:04:26,30.59,0.00,,,,,
3716,04/25/2025 06:05:26,30.59,0.00,,,,,
3717,04/25/2025 06:06:26,30.54,0.20,,,,,
3718,04/25/2025 06:07:26,30.59,0.00,,,,,
3719,04/25/2025 06:08:26,30.54,0.00,,,,,
3720,04/25/2025 06:09:26,30.59,0.00,,,,,
3721,04/25/2025 06:10:26,30.63,0.00,,,,,
3722,04/25/2025 06:11:26,30.54,0.00,,,,,
3723,04/25/2025 06:12:26,30.59,0.00,,,,,
3724,04/25/2025 06:13:26,30.63,0.00,,,,,
3725,04/25/2025 06:14:26,30.59,0.00,,,,,
3726,04/25/2025 06:15:26,30.59,0.00,,,,,
3727,04/25/2025 06:16:26,30.63,0.00,,,,,
3728,04/25/2025 06:17:26,30.54,0.00,,,,,
3729,04/25/2025 06:18:26,30.63,0.00,,,,,
3730,04/25/2025 06:19:26,30.63,0.00,,,,,
3731,04/25/2025 06:20:26,30.59,0.00,,,,,
3732,04/25/2025 06:21:26,30.59,0.00,,,,,
3733,04/25/2025 06:22:26,30.54,0.00,,,,,
3734,04/25/2025 06:23:26,30.59,0.00,,,,,
3735,04/25/2025 06:24:26,30.63,0.00,,,,,
3736,04/25/2025 06:25:26,30.63,0.00,,,,,
3737,04/25/2025 06:26:26,30.63,0.00,,,,,
3738,04/25/2025 06:27:26,30.63,0.00,,,,,
3739,04/25/2025 06:28:26,30.63,0.00,,,,,
3740,04/25/2025 06:29:26,30.63,0.00,,,,,
3741,04/25/2025 06:30:26,30.67,0.00,,,,,
3742,04/25/2025 06:31:26,30.63,0.00,,,,,
3743,04/25/2025 06:32:26,30.67,0.00,,,,,
3744,04/25/2025 06:33:26,30.63,0.00,,,,,
3745,04/25/2025 06:34:26,30.67,0.00,,,,,
3746,04/25/2025 06:35:26,30.63,0.00,,,,,
3747,04/25/2025 06:36:26,30.59,0.00,,,,,
3748,04/25/2025 06:37:26,30.67,0.00,,,,,
3749,04/25/2025 06:38:26,30.63,0.00,,,,,
3750,04/25/2025 06:39:26,30.67,0.00,,,,,
3751,04/25/2025 06:40:26,30.67,0.00,,,,,
3752,04/25/2025 06:41:26,30.63,0.00,,,,,
3753,04/25/2025 06:42:26,30.67,0.00,,,,,
3754,04/25/2025 06:43:26,30.67,0.00,,,,,
3755,04/25/2025 06:44:26,30.63,0.20,,,,,
3756,04/25/2025 06:45:26,30.63,0.00,,,,,
3757,04/25/2025 06:46:26,30.67,0.00,,,,,
3758,04/25/2025 06:47:26,30.67,0.00,,,,,
3759,04/25/2025 06:48:26,30.67,0.00,,,,,
3760,04/25/2025 06:49:26,30.71,0.00,,,,,
3761,04/25/2025 06:50:26,30.67,0.00,,,,,
3762,04/25/2025 06:51:26,30.71,0.00,,,,,
3763,04/25/2025 06:52:26,30.71,0.00,,,,,
3764,04/25/2025 06:53:26,30.67,0.00,,,,,
3765,04/25/2025 06:54:26,30.67,0.00,,,,,
3766,04/25/2025 06:55:26,30.63,0.00,,,,,
3767,04/25/2025 06:56:26,30.67,0.00,,,,,
3768,04/25/2025 06:57:26,30.67,0.00,,,,,
3769,04/25/2025 06:58:26,30.71,0.00,,,,,
3770,04/25/2025 06:59:26,30.67,0.20,,,,,
3771,04/25/2025 07:00:26,30.71,0.00,,,,,
3772,04/25/2025 07:01:26,30.76,0.00,,,,,
3773,04/25/2025 07:02:26,30.71,0.00,,,,,
3774,04/25/2025 07:03:26,30.67,0.00,,,,,
3775,04/25/2025 07:04:26,30.67,0.00,,,,,
3776,04/25/2025 07:05:26,30.76,0.00,,,,,
3777,04/25/2025 07:06:26,30.67,0.00,,,,,
3778,04/25/2025 07:07:26,30.71,0.00,,,,,
3779,04/25/2025 07:08:26,30.71,0.00,,,,,
3780,04/25/2025 07:09:26,30.71,0.00,,,,,
3781,04/25/2025 07:10:26,30.71,0.00,,,,,
3782,04/25/2025 07:11:26,30.71,0.00,,,,,
3783,04/25/2025 07:12:26,30.71,0.00,,,,,
3784,04/25/2025 07:13:26,30.71,0.00,,,,,
3785,04/25/2025 07:14:26,30.71,0.00,,,,,
3786,04/25/2025 07:15:26,30.71,0.00,,,,,
3787,04/25/2025 07:16:26,30.71,0.00,,,,,
3788,04/25/2025 07:17:26,30.71,0.00,,,,,
3789,04/25/2025 07:18:26,30.71,0.00,,,,,
3790,04/25/2025 07:19:26,30.71,0.00,,,,,
3791,04/25/2025 07:20:26,30.71,0.00,,,,,
3792,04/25/2025 07:21:26,30.71,0.00,,,,,
3793,04/25/2025 07:22:26,30.71,0.00,,,,,
3794,04/25/2025 07:23:26,30.76,0.00,,,,,
3795,04/25/2025 07:24:26,30.71,0.00,,,,,
3796,04/25/2025 07:25:26,30.71,0.00,,,,,
3797,04/25/2025 07:26:26,30.67,0.00,,,,,
3798,04/25/2025 07:27:26,30.67,0.00,,,,,
3799,04/25/2025 07:28:26,30.71,0.00,,,,,
3800,04/25/2025 07:29:26,30.71,0.00,,,,,
3801,04/25/2025 07:30:26,30.67,0.00,,,,,
3802,04/25/2025 07:31:26,30.67,0.00,,,,,
3803,04/25/2025 07:32:26,30.67,0.00,,,,,
3804,04/25/2025 07:33:26,30.71,0.00,,,,,
3805,04/25/2025 07:34:26,30.71,0.00,,,,,
3806,04/25/2025 07:35:26,30.71,0.00,,,,,
3807,04/25/2025 07:36:26,30.71,0.00,,,,,
3808,04/25/2025 07:37:26,30.71,0.20,,,,,
3809,04/25/2025 07:38:26,30.76,0.00,,,,,
3810,04/25/2025 07:39:26,30.71,0.00,,,,,
3811,04/25/2025 07:40:26,30.76,0.00,,,,,
3812,04/25/2025 07:41:26,30.71,0.00,,,,,
3813,04/25/2025 07:42:26,30.71,0.00,,,,,
3814,04/25/2025 07:43:26,30.71,0.00,,,,,
3815,04/25/2025 07:44:26,30.71,0.00,,,,,
3816,04/25/2025 07:45:26,30.71,0.00,,,,,
3817,04/25/2025 07:46:26,30.71,0.00,,,,,
3818,04/25/2025 07:47:26,30.71,0.00,,,,,
3819,04/25/2025 07:48:26,30.76,0.00,,,,,
3820,04/25/2025 07:49:26,30.71,0.00,,,,,
3821,04/25/2025 07:50:26,30.71,0.00,,,,,
3822,04/25/2025 07:51:26,30.76,0.00,,,,,
3823,04/25/2025 07:52:26,30.71,0.00,,,,,
3824,04/25/2025 07:53:26,30.71,0.00,,,,,
3825,04/25/2025 07:54:26,30.71,0.00,,,,,
3826,04/25/2025 07:55:26,30.76,0.00,,,,,
3827,04/25/2025 07:56:26,30.76,0.00,,,,,
3828,04/25/2025 07:57:26,30.76,0.00,,,,,
3829,04/25/2025 07:58:26,30.71,0.00,,,,,
3830,04/25/2025 07:59:26,30.71,0.00,,,,,
3831,04/25/2025 08:00:26,30.76,0.00,,,,,
3832,04/25/2025 08:01:26,30.76,0.00,,,,,
3833,04/25/2025 08:02:26,30.76,0.00,,,,,
3834,04/25/2025 08:03:26,30.71,0.00,,,,,
3835,04/25/2025 08:04:26,30.71,0.00,,,,,
3836,04/25/2025 08:05:26,30.76,0.00,,,,,
3837,04/25/2025 08:06:26,30.71,0.00,,,,,
3838,04/25/2025 08:07:26,30.76,0.00,,,,,
3839,04/25/2025 08:08:26,30.76,0.00,,,,,
3840,04/25/2025 08:09:26,30.67,0.00,,,,,
3841,04/25/2025 08:10:26,30.71,0.00,,,,,
3842,04/25/2025 08:11:26,30.76,0.00,,,,,
3843,04/25/2025 08:12:26,30.71,0.00,,,,,
3844,04/25/2025 08:13:26,30.76,0.00,,,,,
3845,04/25/2025 08:14:26,30.76,0.00,,,,,
3846,04/25/2025 08:15:26,30.71,0.20,,,,,
3847,04/25/2025 08:16:26,30.67,0.00,,,,,
3848,04/25/2025 08:17:26,30.76,0.00,,,,,
3849,04/25/2025 08:18:26,30.71,0.00,,,,,
3850,04/25/2025 08:19:26,30.76,0.00,,,,,
3851,04/25/2025 08:20:26,30.76,0.00,,,,,
3852,04/25/2025 08:21:26,30.76,0.00,,,,,
3853,04/25/2025 08:22:26,30.76,0.00,,,,,
3854,04/25/2025 08:23:26,30.71,0.00,,,,,
3855,04/25/2025 08:24:26,30.71,0.00,,,,,
3856,04/25/2025 08:25:26,30.76,0.00,,,,,
3857,04/25/2025 08:26:26,30.71,0.00,,,,,
3858,04/25/2025 08:27:26,30.76,0.00,,,,,
3859,04/25/2025 08:28:26,30.71,0.00,,,,,
3860,04/25/2025 08:29:26,30.71,0.00,,,,,
3861,04/25/2025 08:30:26,30.67,0.20,,,,,
3862,04/25/2025 08:31:26,30.71,0.00,,,,,
3863,04/25/2025 08:32:26,30.76,0.00,,,,,
3864,04/25/2025 08:33:26,30.76,0.00,,,,,
3865,04/25/2025 08:34:26,30.67,0.00,,,,,
3866,04/25/2025 08:35:26,30.71,0.00,,,,,
3867,04/25/2025 08:36:26,30.71,0.00,,,,,
3868,04/25/2025 08:37:26,30.71,0.00,,,,,
3869,04/25/2025 08:38:26,30.71,0.00,,,,,
3870,04/25/2025 08:39:26,30.71,0.00,,,,,
3871,04/25/2025 08:40:26,30.71,0.00,,,,,
3872,04/25/2025 08:41:26,30.76,0.00,,,,,
3873,04/25/2025 08:42:26,30.76,0.00,,,,,
3874,04/25/2025 08:43:26,30.71,0.00,,,,,
3875,04/25/2025 08:44:26,30.71,0.00,,,,,
3876,04/25/2025 08:45:26,30.71,0.00,,,,,
3877,04/25/2025 08:46:26,30.71,0.00,,,,,
3878,04/25/2025 08:47:26,30.71,0.00,,,,,
3879,04/25/2025 08:48:26,30.71,0.00,,,,,
3880,04/25/2025 08:49:26,30.67,0.00,,,,,
3881,04/25/2025 08:50:26,30.71,0.00,,,,,
3882,04/25/2025 08:51:26,30.71,0.00,,,,,
3883,04/25/2025 08:52:26,30.71,0.00,,,,,
3884,04/25/2025 08:53:26,30.67,0.00,,,,,
3885,04/25/2025 08:54:26,30.71,0.00,,,,,
3886,04/25/2025 08:55:26,30.71,0.00,,,,,
3887,04/25/2025 08:56:26,30.71,0.00,,,,,
3888,04/25/2025 08:57:26,30.67,0.00,,,,,
3889,04/25/2025 08:58:26,30.76,0.00,,,,,
3890,04/25/2025 08:59:26,30.71,0.00,,,,,
3891,04/25/2025 09:00:26,30.71,0.00,,,,,
3892,04/25/2025 09:01:26,30.67,0.00,,,,,
3893,04/25/2025 09:02:26,30.76,0.00,,,,,
3894,04/25/2025 09:03:26,30.71,0.00,,,,,
3895,04/25/2025 09:04:26,30.71,0.00,,,,,
3896,04/25/2025 09:05:26,30.67,0.00,,,,,
3897,04/25/2025 09:06:26,30.67,0.00,,,,,
3898,04/25/2025 09:07:26,30.71,0.00,,,,,
3899,04/25/2025 09:08:26,30.71,0.20,,,,,
3900,04/25/2025 09:09:26,30.67,0.00,,,,,
3901,04/25/2025 09:10:26,30.71,0.00,,,,,
3902,04/25/2025 09:11:26,30.67,0.00,,,,,
3903,04/25/2025 09:12:26,30.67,0.00,,,,,
3904,04/25/2025 09:13:26,30.76,0.00,,,,,
3905,04/25/2025 09:14:26,30.71,0.00,,,,,
3906,04/25/2025 09:15:26,30.67,0.00,,,,,
3907,04/25/2025 09:16:26,30.71,0.00,,,,,
3908,04/25/2025 09:17:26,30.71,0.00,,,,,
3909,04/25/2025 09:18:26,30.71,0.00,,,,,
3910,04/25/2025 09:19:26,30.67,0.00,,,,,
3911,04/25/2025 09:20:26,30.71,0.00,,,,,
3912,04/25/2025 09:21:26,30.67,0.00,,,,,
3913,04/25/2025 09:22:26,30.71,0.00,,,,,
3914,04/25/2025 09:23:26,30.71,0.00,,,,,
3915,04/25/2025 09:24:26,30.67,0.00,,,,,
3916,04/25/2025 09:25:26,30.67,0.00,,,,,
3917,04/25/2025 09:26:26,30.76,0.00,,,,,
3918,04/25/2025 09:27:26,30.71,0.00,,,,,
3919,04/25/2025 09:28:26,30.67,0.00,,,,,
3920,04/25/2025 09:29:26,30.67,0.00,,,,,
3921,04/25/2025 09:30:26,30.67,0.00,,,,,
3922,04/25/2025 09:31:26,30.67,0.00,,,,,
3923,04/25/2025 09:32:26,30.67,0.00,,,,,
3924,04/25/2025 09:33:26,30.71,0.00,,,,,
3925,04/25/2025 09:34:26,30.76,0.00,,,,,
3926,04/25/2025 09:35:26,30.67,0.00,,,,,
3927,04/25/2025 09:36:26,30.71,0.00,,,,,
3928,04/25/2025 09:37:26,30.67,0.00,,,,,
3929,04/25/2025 09:38:26,30.71,0.00,,,,,
3930,04/25/2025 09:39:26,30.71,0.00,,,,,
3931,04/25/2025 09:40:26,30.71,0.00,,,,,
3932,04/25/2025 09:41:26,30.71,0.00,,,,,
3933,04/25/2025 09:42:26,30.76,0.00,,,,,
3934,04/25/2025 09:43:26,30.67,0.00,,,,,
3935,04/25/2025 09:44:26,30.67,0.00,,,,,
3936,04/25/2025 09:45:26,30.67,0.00,,,,,
3937,04/25/2025 09:46:26,30.67,0.20,,,,,
3938,04/25/2025 09:47:26,30.67,0.00,,,,,
3939,04/25/2025 09:48:26,30.67,0.00,,,,,
3940,04/25/2025 09:49:26,30.67,0.00,,,,,
3941,04/25/2025 09:50:26,30.71,0.00,,,,,
3942,04/25/2025 09:51:26,30.63,0.00,,,,,
3943,04/25/2025 09:52:26,30.71,0.00,,,,,
3944,04/25/2025 09:53:26,30.63,0.00,,,,,
3945,04/25/2025 09:54:26,30.67,0.00,,,,,
3946,04/25/2025 09:55:26,30.63,0.00,,,,,
3947,04/25/2025 09:56:26,30.67,0.00,,,,,
3948,04/25/2025 09:57:26,30.67,0.00,,,,,
3949,04/25/2025 09:58:26,30.63,0.00,,,,,
3950,04/25/2025 09:59:26,30.67,0.00,,,,,
3951,04/25/2025 10:00:26,30.67,0.00,,,,,
3952,04/25/2025 10:01:26,30.63,0.00,,,,,
3953,04/25/2025 10:02:26,30.63,0.00,,,,,
3954,04/25/2025 10:03:26,30.67,0.00,,,,,
3955,04/25/2025 10:04:26,30.67,0.00,,,,,
3956,04/25/2025 10:05:26,30.63,0.00,,,,,
3957,04/25/2025 10:06:26,30.63,0.00,,,,,
3958,04/25/2025 10:07:26,30.63,0.00,,,,,
3959,04/25/2025 10:08:26,30.63,0.00,,,,,
3960,04/25/2025 10:09:26,30.63,0.00,,,,,
3961,04/25/2025 10:10:26,30.63,0.00,,,,,
3962,04/25/2025 10:11:26,30.63,0.00,,,,,
3963,04/25/2025 10:12:26,30.63,0.00,,,,,
3964,04/25/2025 10:13:26,30.63,0.00,,,,,
3965,04/25/2025 10:14:26,30.63,0.00,,,,,
3966,04/25/2025 10:15:26,30.59,0.00,,,,,
3967,04/25/2025 10:16:26,30.59,0.00,,,,,
3968,04/25/2025 10:17:26,30.63,0.00,,,,,
3969,04/25/2025 10:18:26,30.63,0.00,,,,,
3970,04/25/2025 10:19:26,30.59,0.00,,,,,
3971,04/25/2025 10:20:26,30.63,0.00,,,,,
3972,04/25/2025 10:21:26,30.63,0.00,,,,,
3973,04/25/2025 10:22:26,30.63,0.00,,,,,
3974,04/25/2025 10:23:26,30.59,0.00,,,,,
3975,04/25/2025 10:24:26,30.63,0.00,,,,,
3976,04/25/2025 10:25:26,30.59,0.00,,,,,
3977,04/25/2025 10:26:26,30.63,0.00,,,,,
3978,04/25/2025 10:27:26,30.59,0.00,,,,,
3979,04/25/2025 10:28:26,30.54,0.00,,,,,
3980,04/25/2025 10:29:26,30.59,0.00,,,,,
3981,04/25/2025 10:30:26,30.59,0.00,,,,,
3982,04/25/2025 10:31:26,30.59,0.00,,,,,
3983,04/25/2025 10:32:26,30.59,0.00,,,,,
3984,04/25/2025 10:33:26,30.59,0.00,,,,,
3985,04/25/2025 10:34:26,30.54,0.00,,,,,
3986,04/25/2025 10:35:26,30.63,0.00,,,,,
3987,04/25/2025 10:36:26,30.63,0.00,,,,,
3988,04/25/2025 10:37:26,30.54,0.00,,,,,
3989,04/25/2025 10:38:26,30.59,0.00,,,,,
3990,04/25/2025 10:39:26,30.63,0.20,,,,,
3991,04/25/2025 10:40:26,30.59,0.00,,,,,
3992,04/25/2025 10:41:26,30.59,0.00,,,,,
3993,04/25/2025 10:42:26,30.59,0.00,,,,,
3994,04/25/2025 10:43:26,30.59,0.00,,,,,
3995,04/25/2025 10:44:26,30.54,0.00,,,,,
3996,04/25/2025 10:45:26,30.54,0.00,,,,,
3997,04/25/2025 10:46:26,30.59,0.00,,,,,
3998,04/25/2025 10:47:26,30.59,0.00,,,,,
3999,04/25/2025 10:48:26,30.59,0.00,,,,,
4000,04/25/2025 10:49:26,30.54,0.00,,,,,
4001,04/25/2025 10:50:26,30.54,0.00,,,,,
4002,04/25/2025 10:51:26,30.54,0.00,,,,,
4003,04/25/2025 10:52:26,30.59,0.00,,,,,
4004,04/25/2025 10:53:26,30.59,0.00,,,,,
4005,04/25/2025 10:54:26,30.59,0.00,,,,,
4006,04/25/2025 10:55:26,30.59,0.00,,,,,
4007,04/25/2025 10:56:26,30.54,0.00,,,,,
4008,04/25/2025 10:57:26,30.54,0.00,,,,,
4009,04/25/2025 10:58:26,30.54,0.00,,,,,
4010,04/25/2025 10:59:26,30.54,0.00,,,,,
4011,04/25/2025 11:00:26,30.54,0.00,,,,,
4012,04/25/2025 11:01:26,30.59,0.00,,,,,
4013,04/25/2025 11:02:26,30.59,0.00,,,,,
4014,04/25/2025 11:03:26,30.54,0.00,,,,,
4015,04/25/2025 11:04:26,30.54,0.00,,,,,
4016,04/25/2025 11:05:26,30.54,0.00,,,,,
4017,04/25/2025 11:06:26,30.54,0.00,,,,,
4018,04/25/2025 11:07:26,30.50,0.00,,,,,
4019,04/25/2025 11:08:26,30.54,0.00,,,,,
4020,04/25/2025 11:09:26,30.54,0.00,,,,,
4021,04/25/2025 11:10:26,30.46,0.00,,,,,
4022,04/25/2025 11:11:26,30.54,0.00,,,,,
4023,04/25/2025 11:12:26,30.50,0.00,,,,,
4024,04/25/2025 11:13:26,30.50,0.00,,,,,
4025,04/25/2025 11:14:26,30.50,0.00,,,,,
4026,04/25/2025 11:15:26,30.50,0.00,,,,,
4027,04/25/2025 11:16:26,30.50,0.00,,,,,
4028,04/25/2025 11:17:26,30.46,0.20,,,,,
4029,04/25/2025 11:18:26,30.54,0.00,,,,,
4030,04/25/2025 11:19:26,30.54,0.00,,,,,
4031,04/25/2025 11:20:26,30.54,0.00,,,,,
4032,04/25/2025 11:21:26,30.50,0.00,,,,,
4033,04/25/2025 11:22:26,30.54,0.00,,,,,
4034,04/25/2025 11:23:26,30.50,0.00,,,,,
4035,04/25/2025 11:24:26,30.50,0.00,,,,,
4036,04/25/2025 11:25:26,30.46,0.00,,,,,
4037,04/25/2025 11:26:26,30.54,0.00,,,,,
4038,04/25/2025 11:27:26,30.50,0.00,,,,,
4039,04/25/2025 11:28:26,30.54,0.00,,,,,
4040,04/25/2025 11:29:26,30.46,0.00,,,,,
4041,04/25/2025 11:30:26,30.46,0.00,,,,,
4042,04/25/2025 11:31:26,30.46,0.00,,,,,
4043,04/25/2025 11:32:26,30.50,0.00,,,,,
4044,04/25/2025 11:33:26,30.50,0.00,,,,,
4045,04/25/2025 11:34:26,30.50,0.00,,,,,
4046,04/25/2025 11:35:26,30.46,0.00,,,,,
4047,04/25/2025 11:36:26,30.46,0.00,,,,,
4048,04/25/2025 11:37:26,30.46,0.00,,,,,
4049,04/25/2025 11:38:26,30.46,0.00,,,,,
4050,04/25/2025 11:39:26,30.46,0.00,,,,,
4051,04/25/2025 11:40:26,30.46,0.00,,,,,
4052,04/25/2025 11:41:26,30.46,0.00,,,,,
4053,04/25/2025 11:42:26,30.50,0.00,,,,,
4054,04/25/2025 11:43:26,30.46,0.00,,,,,
4055,04/25/2025 11:44:26,30.46,0.00,,,,,
4056,04/25/2025 11:45:26,30.46,0.00,,,,,
4057,04/25/2025 11:46:26,30.50,0.00,,,,,
4058,04/25/2025 11:47:26,30.46,0.00,,,,,
4059,04/25/2025 11:48:26,30.50,0.00,,,,,
4060,04/25/2025 11:49:26,30.46,0.00,,,,,
4061,04/25/2025 11:50:26,30.41,0.00,,,,,
4062,04/25/2025 11:51:26,30.46,0.00,,,,,
4063,04/25/2025 11:52:26,30.46,0.00,,,,,
4064,04/25/2025 11:53:26,30.46,0.00,,,,,
4065,04/25/2025 11:54:26,30.46,0.00,,,,,
4066,04/25/2025 11:55:26,30.41,0.00,,,,,
4067,04/25/2025 11:56:26,30.46,0.00,,,,,
4068,04/25/2025 11:57:26,30.41,0.00,,,,,
4069,04/25/2025 11:58:26,30.46,0.00,,,,,
4070,04/25/2025 11:59:26,30.37,0.00,,,,,
4071,04/25/2025 12:00:26,30.41,0.00,,,,,
4072,04/25/2025 12:01:26,30.41,0.00,,,,,
4073,04/25/2025 12:02:26,30.46,0.00,,,,,
4074,04/25/2025 12:03:26,30.46,0.00,,,,,
4075,04/25/2025 12:04:26,30.41,0.00,,,,,
4076,04/25/2025 12:05:26,30.41,0.00,,,,,
4077,04/25/2025 12:06:26,30.46,0.00,,,,,
4078,04/25/2025 12:07:26,30.41,0.00,,,,,
4079,04/25/2025 12:08:26,30.41,0.00,,,,,
4080,04/25/2025 12:09:26,30.46,0.00,,,,,
4081,04/25/2025 12:10:26,30.46,0.20,,,,,
4082,04/25/2025 12:11:26,30.41,0.00,,,,,
4083,04/25/2025 12:12:26,30.41,0.00,,,,,
4084,04/25/2025 12:13:26,30.41,0.00,,,,,
4085,04/25/2025 12:14:26,30.41,0.00,,,,,
4086,04/25/2025 12:15:26,30.46,0.00,,,,,
4087,04/25/2025 12:16:26,30.41,0.00,,,,,
4088,04/25/2025 12:17:26,30.46,0.00,,,,,
4089,04/25/2025 12:18:26,30.41,0.00,,,,,
4090,04/25/2025 12:19:26,30.41,0.00,,,,,
4091,04/25/2025 12:20:26,30.41,0.00,,,,,
4092,04/25/2025 12:21:26,30.37,0.00,,,,,
4093,04/25/2025 12:22:26,30.46,0.00,,,,,
4094,04/25/2025 12:23:26,30.41,0.00,,,,,
4095,04/25/2025 12:24:26,30.41,0.00,,,,,
4096,04/25/2025 12:25:26,30.41,0.00,,,,,
4097,04/25/2025 12:26:26,30.41,0.00,,,,,
4098,04/25/2025 12:27:26,30.41,0.00,,,,,
4099,04/25/2025 12:28:26,30.41,0.00,,,,,
4100,04/25/2025 12:29:26,30.41,0.00,,,,,
4101,04/25/2025 12:30:26,30.41,0.00,,,,,
4102,04/25/2025 12:31:26,30.41,0.00,,,,,
4103,04/25/2025 12:32:26,30.41,0.00,,,,,
4104,04/25/2025 12:33:26,30.41,0.00,,,,,
4105,04/25/2025 12:34:26,30.46,0.00,,,,,
4106,04/25/2025 12:35:26,30.37,0.00,,,,,
4107,04/25/2025 12:36:26,30.41,0.00,,,,,
4108,04/25/2025 12:37:26,30.37,0.00,,,,,
4109,04/25/2025 12:38:26,30.41,0.00,,,,,
4110,04/25/2025 12:39:26,30.33,0.00,,,,,
4111,04/25/2025 12:40:26,30.37,0.00,,,,,
4112,04/25/2025 12:41:26,30.41,0.00,,,,,
4113,04/25/2025 12:42:26,30.41,0.00,,,,,
4114,04/25/2025 12:43:26,30.37,0.00,,,,,
4115,04/25/2025 12:44:26,30.37,0.00,,,,,
4116,04/25/2025 12:45:26,30.33,0.00,,,,,
4117,04/25/2025 12:46:26,30.41,0.00,,,,,
4118,04/25/2025 12:47:26,30.41,0.00,,,,,
4119,04/25/2025 12:48:26,30.41,0.20,,,,,
4120,04/25/2025 12:49:26,30.37,0.00,,,,,
4121,04/25/2025 12:50:26,30.37,0.00,,,,,
4122,04/25/2025 12:51:26,30.41,0.00,,,,,
4123,04/25/2025 12:52:26,30.41,0.00,,,,,
4124,04/25/2025 12:53:26,30.37,0.00,,,,,
4125,04/25/2025 12:54:26,30.41,0.00,,,,,
4126,04/25/2025 12:55:26,30.41,0.00,,,,,
4127,04/25/2025 12:56:26,30.33,0.00,,,,,
4128,04/25/2025 12:57:26,30.41,0.00,,,,,
4129,04/25/2025 12:58:26,30.41,0.00,,,,,
4130,04/25/2025 12:59:26,30.41,0.00,,,,,
4131,04/25/2025 13:00:26,30.41,0.00,,,,,
4132,04/25/2025 13:01:26,30.41,0.00,,,,,
4133,04/25/2025 13:02:26,30.37,0.00,,,,,
4134,04/25/2025 13:03:26,30.37,0.00,,,,,
4135,04/25/2025 13:04:26,30.33,0.00,,,,,
4136,04/25/2025 13:05:26,30.37,0.00,,,,,
4137,04/25/2025 13:06:26,30.37,0.00,,,,,
4138,04/25/2025 13:07:26,30.37,0.00,,,,,
4139,04/25/2025 13:08:26,30.37,0.00,,,,,
4140,04/25/2025 13:09:26,30.37,0.00,,,,,
4141,04/25/2025 13:10:26,30.37,0.00,,,,,
4142,04/25/2025 13:11:26,30.41,0.00,,,,,
4143,04/25/2025 13:12:26,30.37,0.00,,,,,
4144,04/25/2025 13:13:26,30.37,0.00,,,,,
4145,04/25/2025 13:14:26,30.33,0.00,,,,,
4146,04/25/2025 13:15:26,30.33,0.00,,,,,
4147,04/25/2025 13:16:26,30.37,0.00,,,,,
4148,04/25/2025 13:17:26,30.37,0.00,,,,,
4149,04/25/2025 13:18:26,30.41,0.00,,,,,
4150,04/25/2025 13:19:26,30.37,0.00,,,,,
4151,04/25/2025 13:20:26,30.37,0.00,,,,,
4152,04/25/2025 13:21:26,30.33,0.00,,,,,
4153,04/25/2025 13:22:26,30.33,0.00,,,,,
4154,04/25/2025 13:23:26,30.33,0.00,,,,,
4155,04/25/2025 13:24:26,30.37,0.00,,,,,
4156,04/25/2025 13:25:26,30.37,0.00,,,,,
4157,04/25/2025 13:26:26,30.33,0.20,,,,,
4158,04/25/2025 13:27:26,30.37,0.00,,,,,
4159,04/25/2025 13:28:26,30.33,0.20,,,,,
4160,04/25/2025 13:29:26,30.37,0.20,,,,,
4161,04/25/2025 13:30:26,30.41,0.40,,,,,
4162,04/25/2025 13:31:26,30.37,0.61,,,,,
4163,04/25/2025 13:32:26,30.33,1.02,,,,,
4164,04/25/2025 13:33:26,30.33,1.43,,,,,
4165,04/25/2025 13:34:26,30.33,1.84,,,,,
4166,04/25/2025 13:35:26,30.33,2.66,,,,,
4167,04/25/2025 13:36:26,30.33,3.48,,,,,
4168,04/25/2025 13:37:26,30.33,4.70,,,,,
4169,04/25/2025 13:38:26,30.33,6.96,,,,,
4170,04/25/2025 13:39:26,30.37,9.41,,,,,
4171,04/25/2025 13:40:26,30.33,11.46,,,,,
4172,04/25/2025 13:41:26,30.37,13.51,,,,,
4173,04/25/2025 13:42:26,30.37,15.97,,,,,
4174,04/25/2025 13:43:26,30.33,18.65,,,,,
4175,04/25/2025 13:44:26,30.28,21.96,,,,,
4176,04/25/2025 13:45:26,30.33,26.67,,,,,
4177,04/25/2025 13:46:26,30.33,31.99,,,,,
4178,04/25/2025 13:47:26,30.33,35.78,,,,,
4179,04/25/2025 13:48:26,30.37,43.56,,,,,
4180,04/25/2025 13:49:26,30.33,53.02,,,,,
4181,04/25/2025 13:50:26,30.33,60.86,,,,,
4182,04/25/2025 13:51:26,30.33,72.38,,,,,
4183,04/25/2025 13:52:26,30.33,91.40,,,,,
4184,04/25/2025 13:53:26,30.33,96.24,,,,,
4185,04/25/2025 13:54:26,30.28,105.32,,,,,
4186,04/25/2025 13:55:26,30.28,119.36,,,,,
4187,04/25/2025 13:56:26,30.28,134.92,,,,,
4188,04/25/2025 13:57:26,30.33,153.04,,,,,
4189,04/25/2025 13:58:26,30.33,172.00,,,,,
4190,04/25/2025 13:59:26,30.28,189.36,,,,,
4191,04/25/2025 14:00:26,30.33,207.36,,,,,
4192,04/25/2025 14:01:26,30.33,223.12,,,,,
4193,04/25/2025 14:02:26,30.33,241.20,,,,,
4194,04/25/2025 14:03:26,30.37,261.04,,,,,
4195,04/25/2025 14:04:26,30.33,289.68,,,,,
4196,04/25/2025 14:05:26,30.28,302.24,,,,,
4197,04/25/2025 14:06:26,30.33,321.84,,,,,
4198,04/25/2025 14:07:26,30.33,341.44,,,,,
4199,04/25/2025 14:08:26,30.33,360.32,,,,,
4200,04/25/2025 14:09:26,30.33,379.52,,,,,
4201,04/25/2025 14:10:26,30.37,400.00,,,,,
4202,04/25/2025 14:11:26,30.33,420.48,,,,,
4203,04/25/2025 14:12:26,30.33,444.64,,,,,
4204,04/25/2025 14:13:26,30.28,470.08,,,,,
4205,04/25/2025 14:14:26,30.33,493.76,,,,,
4206,04/25/2025 14:15:26,30.28,513.44,,,,,
4207,04/25/2025 14:16:26,30.33,533.60,,,,,
4208,04/25/2025 14:17:26,30.33,554.08,,,,,
4209,04/25/2025 14:18:26,30.33,573.76,,,,,
4210,04/25/2025 14:19:26,30.33,590.88,,,,,
4211,04/25/2025 14:20:26,30.33,610.08,,,,,
4212,04/25/2025 14:21:26,30.28,633.12,,,,,
4213,04/25/2025 14:22:26,30.28,656.64,,,,,
4214,04/25/2025 14:23:26,30.28,680.64,,,,,
4215,04/25/2025 14:24:26,30.28,703.04,,,,,
4216,04/25/2025 14:25:26,30.33,725.12,,,,,
4217,04/25/2025 14:26:26,30.37,747.52,,,,,
4218,04/25/2025 14:27:26,30.28,771.52,,,,,
4219,04/25/2025 14:28:26,30.33,795.20,,,,,
4220,04/25/2025 14:29:26,30.28,818.88,,,,,
4221,04/25/2025 14:30:26,30.33,843.52,,,,,
4222,04/25/2025 14:31:26,30.33,868.80,,,,,
4223,04/25/2025 14:32:26,30.33,899.20,,,,,
4224,04/25/2025 14:33:26,30.37,927.04,,,,,
4225,04/25/2025 14:34:26,30.33,953.92,,,,,
4226,04/25/2025 14:35:26,30.33,984.32,,,,,
4227,04/25/2025 14:36:26,30.37,1003.20,,,,,
4228,04/25/2025 14:37:26,30.33,1027.84,,,,,
4229,04/25/2025 14:38:26,30.37,1042.56,,,,,
4230,04/25/2025 14:39:26,30.33,1063.04,,,,,
4231,04/25/2025 14:40:26,30.33,1080.32,,,,,
4232,04/25/2025 14:41:26,30.37,1094.08,,,,,
4233,04/25/2025 14:42:26,30.33,1108.16,,,,,
4234,04/25/2025 14:43:26,30.33,1115.52,,,,,
4235,04/25/2025 14:44:26,30.33,1130.88,,,,,
4236,04/25/2025 14:45:26,30.41,1146.56,,,,,
4237,04/25/2025 14:46:26,30.33,1168.00,,,,,
4238,04/25/2025 14:47:26,30.33,1217.92,,,,,
4239,04/25/2025 14:48:26,30.41,1200.64,,,,,
4240,04/25/2025 14:49:26,30.28,1212.80,,,,,
4241,04/25/2025 14:50:26,30.28,1226.88,,,,,
4242,04/25/2025 14:51:26,30.37,1234.24,,,,,
4243,04/25/2025 14:52:26,30.33,1255.36,,,,,
4244,04/25/2025 14:53:26,30.41,1275.84,,,,,
4245,04/25/2025 14:54:26,30.28,1292.48,,,,,
4246,04/25/2025 14:55:26,30.33,1306.24,,,,,
4247,04/25/2025 14:56:26,30.33,1320.96,,,,,
4248,04/25/2025 14:57:26,30.37,1331.20,,,,,
4249,04/25/2025 14:58:26,30.33,1338.88,,,,,
4250,04/25/2025 14:59:26,30.37,1347.84,,,,,
4251,04/25/2025 15:00:26,30.33,1352.96,,,,,
4252,04/25/2025 15:01:26,30.28,1359.36,,,,,
4253,04/25/2025 15:02:26,30.37,1370.88,,,,,
4254,04/25/2025 15:03:26,30.33,1389.44,,,,,
4255,04/25/2025 15:04:26,30.33,1396.48,,,,,
4256,04/25/2025 15:05:26,30.28,1402.24,,,,,
4257,04/25/2025 15:06:26,30.37,1408.64,,,,,
4258,04/25/2025 15:07:26,30.33,1415.68,,,,,
4259,04/25/2025 15:08:26,30.33,1430.40,,,,,
4260,04/25/2025 15:09:26,30.33,1388.16,,,,,
4261,04/25/2025 15:10:26,30.33,1386.24,,,,,
4262,04/25/2025 15:11:26,30.37,1382.40,,,,,
4263,04/25/2025 15:12:26,30.33,1386.88,,,,,
4264,04/25/2025 15:13:26,30.33,1392.64,,,,,
4265,04/25/2025 15:14:26,30.33,1409.28,,,,,
4266,04/25/2025 15:15:26,30.37,1435.52,,,,,
4267,04/25/2025 15:16:26,30.33,1473.28,,,,,
4268,04/25/2025 15:17:26,30.37,1513.60,,,,,
4269,04/25/2025 15:18:26,30.33,1482.88,,,,,
4270,04/25/2025 15:19:26,30.33,1523.20,,,,,
4271,04/25/2025 15:20:26,30.33,1502.72,,,,,
4272,04/25/2025 15:21:26,30.33,1514.24,,,,,
4273,04/25/2025 15:22:26,30.37,1514.24,,,,,
4274,04/25/2025 15:23:26,30.33,1516.80,,,,,
4275,04/25/2025 15:24:26,30.33,1541.12,,,,,
4276,04/25/2025 15:25:26,30.37,1550.72,,,,,
4277,04/25/2025 15:26:26,30.37,1578.24,,,,,
4278,04/25/2025 15:27:26,30.37,1587.20,,,,,
4279,04/25/2025 15:28:26,30.37,1602.56,,,,,
4280,04/25/2025 15:29:26,30.37,1644.16,,,,,
4281,04/25/2025 15:30:26,30.33,1693.44,,,,,
4282,04/25/2025 15:31:26,30.37,1780.48,,,,,
4283,04/25/2025 15:32:26,30.37,1804.80,,,,,
4284,04/25/2025 15:33:26,30.37,1716.48,,,,,
4285,04/25/2025 15:34:26,30.37,1728.00,,,,,
4286,04/25/2025 15:35:26,30.37,1760.64,,,,,
4287,04/25/2025 15:36:26,30.41,1600.00,,,,,
4288,04/25/2025 15:37:26,30.37,1781.76,,,,,
4289,04/25/2025 15:38:26,30.33,1934.08,,,,,
4290,04/25/2025 15:39:26,30.41,1808.00,,,,,
4291,04/25/2025 15:40:26,30.37,1847.68,,,,,
4292,04/25/2025 15:41:26,30.41,1937.92,,,,,
4293,04/25/2025 15:42:26,30.37,2644.48,,,,,
4294,04/25/2025 15:43:26,30.41,3111.68,,,,,
4295,04/25/2025 15:44:26,30.41,2972.16,,,,,
4296,04/25/2025 15:45:26,30.37,2509.44,,,,,
4297,04/25/2025 15:46:26,30.37,2488.32,,,,,
4298,04/25/2025 15:47:26,30.41,2647.04,,,,,
4299,04/25/2025 15:48:26,30.41,2040.96,,,,,
4300,04/25/2025 15:49:26,30.37,1978.88,,,,,
4301,04/25/2025 15:50:26,30.41,2023.04,,,,,
4302,04/25/2025 15:51:26,30.41,2636.80,,,,,
4303,04/25/2025 15:52:26,30.37,3315.20,,,,,
4304,04/25/2025 15:53:26,30.41,2694.40,,,,,
4305,04/25/2025 15:54:26,30.37,1882.24,,,,,
4306,04/25/2025 15:55:26,30.37,2239.36,,,,,
4307,04/25/2025 15:56:26,30.37,2198.40,,,,,
4308,04/25/2025 15:57:26,30.41,2599.68,,,,,
4309,04/25/2025 15:58:26,30.41,2299.52,,,,,
4310,04/25/2025 15:59:26,30.41,2384.64,,,,,
4311,04/25/2025 16:00:26,30.41,2301.44,,,,,
4312,04/25/2025 16:01:26,30.41,2068.48,,,,,
4313,04/25/2025 16:02:26,30.37,1960.32,,,,,
4314,04/25/2025 16:03:26,30.37,1827.84,,,,,
4315,04/25/2025 16:04:26,30.41,1863.68,,,,,
4316,04/25/2025 16:05:26,30.46,1798.40,,,,,
4317,04/25/2025 16:06:26,30.37,1786.88,,,,,
4318,04/25/2025 16:07:26,30.37,1654.40,,,,,
4319,04/25/2025 16:08:26,30.41,1576.96,,,,,
4320,04/25/2025 16:09:26,30.41,1479.68,,,,,
4321,04/25/2025 16:10:26,30.37,1770.24,,,,,
4322,04/25/2025 16:11:26,30.41,1760.64,,,,,
4323,04/25/2025 16:12:26,30.33,1795.20,,,,,
4324,04/25/2025 16:13:26,30.37,1866.88,,,,,
4325,04/25/2025 16:14:26,30.41,2239.36,,,,,
4326,04/25/2025 16:15:26,30.41,2629.12,,,,,
4327,04/25/2025 16:16:26,30.37,2428.80,,,,,
4328,04/25/2025 16:17:26,30.46,1989.76,,,,,
4329,04/25/2025 16:18:26,30.41,2507.52,,,,,
4330,04/25/2025 16:19:26,30.41,2307.84,,,,,
4331,04/25/2025 16:20:26,30.41,2014.72,,,,,
4332,04/25/2025 16:21:26,30.41,1948.80,,,,,
4333,04/25/2025 16:22:26,30.37,2563.20,,,,,
4334,04/25/2025 16:23:26,30.41,2276.48,,,,,
4335,04/25/2025 16:24:26,30.37,2019.84,,,,,
4336,04/25/2025 16:25:26,30.41,2334.08,,,,,
4337,04/25/2025 16:26:26,30.37,2288.00,,,,,
4338,04/25/2025 16:27:26,30.41,2658.56,,,,,
4339,04/25/2025 16:28:26,30.46,3052.80,,,,,
4340,04/25/2025 16:29:26,30.41,2792.96,,,,,
4341,04/25/2025 16:30:26,30.41,2272.00,,,,,
4342,04/25/2025 16:31:26,30.41,2003.20,,,,,
4343,04/25/2025 16:32:26,30.41,2360.32,,,,,
4344,04/25/2025 16:33:26,30.37,1698.56,,,,,
4345,04/25/2025 16:34:26,30.41,2204.80,,,,,
4346,04/25/2025 16:35:26,30.46,2638.08,,,,,
4347,04/25/2025 16:36:26,30.46,2179.84,,,,,
4348,04/25/2025 16:37:26,30.41,2168.32,,,,,
4349,04/25/2025 16:38:26,30.41,2536.96,,,,,
4350,04/25/2025 16:39:26,30.41,2473.60,,,,,
4351,04/25/2025 16:40:26,30.41,3080.96,,,,,
4352,04/25/2025 16:41:26,30.41,2826.24,,,,,
4353,04/25/2025 16:42:26,30.41,3439.36,,,,,
4354,04/25/2025 16:43:26,30.46,2824.96,,,,,
4355,04/25/2025 16:44:26,30.46,2670.08,,,,,
4356,04/25/2025 16:45:26,30.46,3550.72,,,,,
4357,04/25/2025 16:46:26,30.46,3704.32,,,,,
4358,04/25/2025 16:47:26,30.50,3344.64,,,,,
4359,04/25/2025 16:48:26,30.46,2942.72,,,,,
4360,04/25/2025 16:49:26,30.50,2958.08,,,,,
4361,04/25/2025 16:50:26,30.50,3741.44,,,,,
4362,04/25/2025 16:51:26,30.50,4121.60,,,,,
4363,04/25/2025 16:52:26,30.50,2872.32,,,,,
4364,04/25/2025 16:53:26,30.46,1937.92,,,,,
4365,04/25/2025 16:54:26,30.46,2355.20,,,,,
4366,04/25/2025 16:55:26,30.46,2964.48,,,,,
4367,04/25/2025 16:56:26,30.50,3514.88,,,,,
4368,04/25/2025 16:57:26,30.46,3790.08,,,,,
4369,04/25/2025 16:58:26,30.54,4412.16,,,,,
4370,04/25/2025 16:59:26,30.54,4773.12,,,,,
4371,04/25/2025 17:00:26,30.54,4189.44,,,,,
4372,04/25/2025 17:01:26,30.50,3403.52,,,,,
4373,04/25/2025 17:02:26,30.50,2565.12,,,,,
4374,04/25/2025 17:03:26,30.50,2412.80,,,,,
4375,04/25/2025 17:04:26,30.54,2905.60,,,,,
4376,04/25/2025 17:05:26,30.50,2986.24,,,,,
4377,04/25/2025 17:06:26,30.54,2735.36,,,,,
4378,04/25/2025 17:07:26,30.54,3083.52,,,,,
4379,04/25/2025 17:08:26,30.50,3397.12,,,,,
4380,04/25/2025 17:09:26,30.54,3712.00,,,,,
4381,04/25/2025 17:10:26,30.59,4039.68,,,,,
4382,04/25/2025 17:11:26,30.54,3432.96,,,,,
4383,04/25/2025 17:12:26,30.59,2183.04,,,,,
4384,04/25/2025 17:13:26,30.54,2224.00,,,,,
4385,04/25/2025 17:14:26,30.54,2109.44,,,,,
4386,04/25/2025 17:15:26,30.50,2248.96,,,,,
4387,04/25/2025 17:16:26,30.50,3662.08,,,,,
4388,04/25/2025 17:17:26,30.54,3960.32,,,,,
4389,04/25/2025 17:18:26,30.54,2933.76,,,,,
4390,04/25/2025 17:19:26,30.54,2391.68,,,,,
4391,04/25/2025 17:20:26,30.50,2167.04,,,,,
4392,04/25/2025 17:21:26,30.54,2540.16,,,,,
4393,04/25/2025 17:22:26,30.54,4065.28,,,,,
4394,04/25/2025 17:23:26,30.59,4727.04,,,,,
4395,04/25/2025 17:24:26,30.63,4094.72,,,,,
4396,04/25/2025 17:25:26,30.59,4396.80,,,,,
4397,04/25/2025 17:26:26,30.54,4828.16,,,,,
4398,04/25/2025 17:27:26,30.63,3317.76,,,,,
4399,04/25/2025 17:28:26,30.59,2954.24,,,,,
4400,04/25/2025 17:29:26,30.54,2227.84,,,,,
4401,04/25/2025 17:30:26,30.59,2504.32,,,,,
4402,04/25/2025 17:31:26,30.54,2607.36,,,,,
4403,04/25/2025 17:32:26,30.54,2635.52,,,,,
4404,04/25/2025 17:33:26,30.59,2718.72,,,,,
4405,04/25/2025 17:34:26,30.54,2081.92,,,,,
4406,04/25/2025 17:35:26,30.54,2718.72,,,,,
4407,04/25/2025 17:36:26,30.50,2510.72,,,,,
4408,04/25/2025 17:37:26,30.54,2937.60,,,,,
4409,04/25/2025 17:38:26,30.54,2571.52,,,,,
4410,04/25/2025 17:39:26,30.54,2918.40,,,,,
4411,04/25/2025 17:40:26,30.54,2735.36,,,,,
4412,04/25/2025 17:41:26,30.54,2592.64,,,,,
4413,04/25/2025 17:42:26,30.54,2375.04,,,,,
4414,04/25/2025 17:43:26,30.59,2346.88,,,,,
4415,04/25/2025 17:44:26,30.50,2346.88,,,,,
4416,04/25/2025 17:45:26,30.54,2396.16,,,,,
4417,04/25/2025 17:46:26,30.50,2510.72,,,,,
4418,04/25/2025 17:47:26,30.54,2969.60,,,,,
4419,04/25/2025 17:48:26,30.59,2592.64,,,,,
4420,04/25/2025 17:49:26,30.59,2676.48,,,,,
4421,04/25/2025 17:50:26,30.59,2392.96,,,,,
4422,04/25/2025 17:51:26,30.54,1675.52,,,,,
4423,04/25/2025 17:52:26,30.54,2849.28,,,,,
4424,04/25/2025 17:53:26,30.54,2584.96,,,,,
4425,04/25/2025 17:54:26,30.59,2492.80,,,,,
4426,04/25/2025 17:55:26,30.59,2644.48,,,,,
4427,04/25/2025 17:56:26,30.54,2743.04,,,,,
4428,04/25/2025 17:57:26,30.54,2970.88,,,,,
4429,04/25/2025 17:58:26,30.54,2942.72,,,,,
4430,04/25/2025 17:59:26,30.54,2571.52,,,,,
4431,04/25/2025 18:00:26,30.59,2874.88,,,,,
4432,04/25/2025 18:01:26,30.59,2813.44,,,,,
4433,04/25/2025 18:02:26,30.63,2964.48,,,,,
4434,04/25/2025 18:03:26,30.59,3884.80,,,,,
4435,04/25/2025 18:04:26,30.59,3645.44,,,,,
4436,04/25/2025 18:05:26,30.63,4485.12,,,,,
4437,04/25/2025 18:06:26,30.63,3668.48,,,,,
4438,04/25/2025 18:07:26,30.63,3384.32,,,,,
4439,04/25/2025 18:08:26,30.63,3191.04,,,,,
4440,04/25/2025 18:09:26,30.63,2324.48,,,,,
4441,04/25/2025 18:10:26,30.63,2851.84,,,,,
4442,04/25/2025 18:11:26,30.59,2638.08,,,,,
4443,04/25/2025 18:12:26,30.59,2602.88,,,,,
4444,04/25/2025 18:13:26,30.63,2591.36,,,,,
4445,04/25/2025 18:14:26,30.59,2656.00,,,,,
4446,04/25/2025 18:15:26,30.59,2722.56,,,,,
4447,04/25/2025 18:16:26,30.63,3182.08,,,,,
4448,04/25/2025 18:17:26,30.63,3363.84,,,,,
4449,04/25/2025 18:18:26,30.63,3468.80,,,,,
4450,04/25/2025 18:19:26,30.63,3636.48,,,,,
4451,04/25/2025 18:20:26,30.67,3760.64,,,,,
4452,04/25/2025 18:21:26,30.63,3354.88,,,,,
4453,04/25/2025 18:22:26,30.67,3331.84,,,,,
4454,04/25/2025 18:23:26,30.63,2615.68,,,,,
4455,04/25/2025 18:24:26,30.67,3443.20,,,,,
4456,04/25/2025 18:25:26,30.67,3272.96,,,,,
4457,04/25/2025 18:26:26,30.59,3770.88,,,,,
4458,04/25/2025 18:27:26,30.67,4599.04,,,,,
4459,04/25/2025 18:28:26,30.67,3727.36,,,,,
4460,04/25/2025 18:29:26,30.67,4264.96,,,,,
4461,04/25/2025 18:30:26,30.71,4117.76,,,,,
4462,04/25/2025 18:31:26,30.67,3409.92,,,,,
4463,04/25/2025 18:32:26,30.67,3340.80,,,,,
4464,04/25/2025 18:33:26,30.71,3152.64,,,,,
4465,04/25/2025 18:34:26,30.67,3182.08,,,,,
4466,04/25/2025 18:35:26,30.67,2295.04,,,,,
4467,04/25/2025 18:36:26,30.63,3832.32,,,,,
4468,04/25/2025 18:37:26,30.63,3202.56,,,,,
4469,04/25/2025 18:38:26,30.67,3024.64,,,,,
4470,04/25/2025 18:39:26,30.67,3970.56,,,,,
4471,04/25/2025 18:40:26,30.67,4691.20,,,,,
4472,04/25/2025 18:41:26,30.71,3607.04,,,,,
4473,04/25/2025 18:42:26,30.71,3966.72,,,,,
4474,04/25/2025 18:43:26,30.76,4907.52,,,,,
4475,04/25/2025 18:44:26,30.76,3783.68,,,,,
4476,04/25/2025 18:45:26,30.71,3265.28,,,,,
4477,04/25/2025 18:46:26,30.71,3537.92,,,,,
4478,04/25/2025 18:47:26,30.71,4094.72,,,,,
4479,04/25/2025 18:48:26,30.76,4046.08,,,,,
4480,04/25/2025 18:49:26,30.76,5309.44,,,,,
4481,04/25/2025 18:50:26,30.80,5721.60,,,,,
4482,04/25/2025 18:51:26,30.80,4327.68,,,,,
4483,04/25/2025 18:52:26,30.80,3993.60,,,,,
4484,04/25/2025 18:53:26,30.80,3733.76,,,,,
4485,04/25/2025 18:54:26,30.80,4508.16,,,,,
4486,04/25/2025 18:55:26,30.80,4979.20,,,,,
4487,04/25/2025 18:56:26,30.84,6448.64,,,,,
4488,04/25/2025 18:57:26,30.84,6681.60,,,,,
4489,04/25/2025 18:58:26,30.89,6282.24,,,,,
4490,04/25/2025 18:59:26,30.84,6323.20,,,,,
4491,04/25/2025 19:00:26,30.89,5657.60,,,,,
4492,04/25/2025 19:01:26,30.89,5222.40,,,,,
4493,04/25/2025 19:02:26,30.89,4746.24,,,,,
4494,04/25/2025 19:03:26,30.89,5954.56,,,,,
4495,04/25/2025 19:04:26,30.89,5634.56,,,,,
4496,04/25/2025 19:05:26,30.93,6225.92,,,,,
4497,04/25/2025 19:06:26,30.93,6563.84,,,,,
4498,04/25/2025 19:07:26,30.93,6635.52,,,,,
4499,04/25/2025 19:08:26,30.97,5222.40,,,,,
4500,04/25/2025 19:09:26,30.89,5182.72,,,,,
4501,04/25/2025 19:10:26,30.93,5698.56,,,,,
4502,04/25/2025 19:11:26,30.97,6054.40,,,,,
4503,04/25/2025 19:12:26,30.97,6571.52,,,,,
4504,04/25/2025 19:13:26,30.93,5859.84,,,,,
4505,04/25/2025 19:14:26,30.97,6330.88,,,,,
4506,04/25/2025 19:15:26,31.01,5427.20,,,,,
4507,04/25/2025 19:16:26,31.01,4336.64,,,,,
4508,04/25/2025 19:17:26,30.97,7022.08,,,,,
4509,04/25/2025 19:18:26,30.97,7096.32,,,,,
4510,04/25/2025 19:19:26,31.01,6768.64,,,,,
4511,04/25/2025 19:20:26,31.01,6446.08,,,,,
4512,04/25/2025 19:21:26,31.06,7272.96,,,,,
4513,04/25/2025 19:22:26,31.06,7718.40,,,,,
4514,04/25/2025 19:23:26,31.06,6410.24,,,,,
4515,04/25/2025 19:24:26,31.06,6469.12,,,,,
4516,04/25/2025 19:25:26,31.06,7521.28,,,,,
4517,04/25/2025 19:26:26,31.06,7055.36,,,,,
4518,04/25/2025 19:27:26,31.10,6773.76,,,,,
4519,04/25/2025 19:28:26,31.14,8005.12,,,,,
4520,04/25/2025 19:29:26,31.14,8529.92,,,,,
4521,04/25/2025 19:30:26,31.14,8373.76,,,,,
4522,04/25/2025 19:31:26,31.19,8555.52,,,,,
4523,04/25/2025 19:32:26,31.14,8176.64,,,,,
4524,04/25/2025 19:33:26,31.14,7383.04,,,,,
4525,04/25/2025 19:34:26,31.14,8458.24,,,,,
4526,04/25/2025 19:35:26,31.19,9310.72,,,,,
4527,04/25/2025 19:36:26,31.19,5793.28,,,,,
4528,04/25/2025 19:37:26,31.23,8110.08,,,,,
4529,04/25/2025 19:38:26,31.23,9566.72,,,,,
4530,04/25/2025 19:39:26,31.23,8332.80,,,,,
4531,04/25/2025 19:40:26,31.23,8550.40,,,,,
4532,04/25/2025 19:41:26,31.23,9925.12,,,,,
4533,04/25/2025 19:42:26,31.27,9853.44,,,,,
4534,04/25/2025 19:43:26,31.31,9945.60,,,,,
4535,04/25/2025 19:44:26,31.31,10506.24,,,,,
4536,04/25/2025 19:45:26,31.31,10385.92,,,,,
4537,04/25/2025 19:46:26,31.36,11555.84,,,,,
4538,04/25/2025 19:47:26,31.36,11719.68,,,,,
4539,04/25/2025 19:48:26,31.36,10567.68,,,,,
4540,04/25/2025 19:49:26,31.40,10480.64,,,,,
4541,04/25/2025 19:50:26,31.36,10485.76,,,,,
4542,04/25/2025 19:51:26,31.31,9827.84,,,,,
4543,04/25/2025 19:52:26,31.31,10071.04,,,,,
4544,04/25/2025 19:53:26,31.36,10961.92,,,,,
4545,04/25/2025 19:54:26,31.40,11141.12,,,,,
4546,04/25/2025 19:55:26,31.44,13404.16,,,,,
4547,04/25/2025 19:56:26,31.40,6748.16,,,,,
4548,04/25/2025 19:57:26,31.36,5603.84,,,,,
4549,04/25/2025 19:58:26,31.31,12846.08,,,,,
4550,04/25/2025 19:59:26,31.40,11950.08,,,,,
4551,04/25/2025 20:00:26,31.36,8110.08,,,,,
4552,04/25/2025 20:01:26,31.40,10608.64,,,,,
4553,04/25/2025 20:02:26,31.40,10869.76,,,,,
4554,04/25/2025 20:03:26,31.36,10787.84,,,,,
4555,04/25/2025 20:04:26,31.36,10188.80,,,,,
4556,04/25/2025 20:05:26,31.44,10357.76,,,,,
4557,04/25/2025 20:06:26,31.44,10398.72,,,,,
4558,04/25/2025 20:07:26,31.44,10972.16,,,,,
4559,04/25/2025 20:08:26,31.44,10716.16,,,,,
4560,04/25/2025 20:09:26,31.44,14310.40,,,,,
4561,04/25/2025 20:10:26,31.49,14013.44,,,,,
4562,04/25/2025 20:11:26,31.44,12810.24,,,,,
4563,04/25/2025 20:12:26,31.49,13890.56,,,,,
4564,04/25/2025 20:13:26,31.44,14622.72,,,,,
4565,04/25/2025 20:14:26,31.53,14156.80,,,,,
4566,04/25/2025 20:15:26,31.57,11832.32,,,,,
4567,04/25/2025 20:16:26,31.44,4451.84,,,,,
4568,04/25/2025 20:17:26,31.53,15708.16,,,,,
4569,04/25/2025 20:18:26,31.57,15539.20,,,,,
4570,04/25/2025 20:19:26,31.61,16527.36,,,,,
4571,04/25/2025 20:20:26,31.49,4357.12,,,,,
4572,04/25/2025 20:21:26,31.49,11960.32,,,,,
4573,04/25/2025 20:22:26,31.49,18816.00,,,,,
4574,04/25/2025 20:23:26,31.61,18524.16,,,,,
4575,04/25/2025 20:24:26,31.70,18119.68,,,,,
4576,04/25/2025 20:25:26,31.70,18304.00,,,,,
4577,04/25/2025 20:26:26,31.70,18949.12,,,,,
4578,04/25/2025 20:27:26,31.74,19220.48,,,,,
4579,04/25/2025 20:28:26,31.74,20116.48,,,,,
4580,04/25/2025 20:29:26,31.83,21012.48,,,,,
4581,04/25/2025 20:30:26,31.87,21248.00,,,,,
4582,04/25/2025 20:31:26,31.92,21841.92,,,,,
4583,04/25/2025 20:32:26,31.92,23193.60,,,,,
4584,04/25/2025 20:33:26,31.96,22517.76,,,,,
4585,04/25/2025 20:34:26,31.96,22179.84,,,,,
4586,04/25/2025 20:35:26,32.00,23080.96,,,,,
4587,04/25/2025 20:36:26,32.00,23357.44,,,,,
4588,04/25/2025 20:37:26,32.04,23255.04,,,,,
4589,04/25/2025 20:38:26,32.04,21422.08,,,,,
4590,04/25/2025 20:39:26,32.04,24217.60,,,,,
4591,04/25/2025 20:40:26,32.00,25927.68,,,,,
4592,04/25/2025 20:41:26,32.00,18718.72,,,,,
4593,04/25/2025 20:42:26,31.92,23306.24,,,,,
4594,04/25/2025 20:43:26,32.04,27043.84,,,,,
4595,04/25/2025 20:44:26,31.92,10142.72,,,,,
4596,04/25/2025 20:45:26,31.92,4648.96,,,,,
4597,04/25/2025 20:46:26,31.79,15744.00,,,,,
4598,04/25/2025 20:47:26,31.96,27494.40,,,,,
4599,04/25/2025 20:48:26,32.09,26490.88,,,,,
4600,04/25/2025 20:49:26,32.04,22548.48,,,,,
4601,04/25/2025 20:50:26,32.04,16947.20,,,,,
4602,04/25/2025 20:51:26,31.96,12206.08,,,,,
4603,04/25/2025 20:52:26,31.92,21688.32,,,,,
4604,04/25/2025 20:53:26,31.96,23828.48,,,,,
4605,04/25/2025 20:54:26,32.00,23285.76,,,,,
4606,04/25/2025 20:55:26,32.04,15836.16,,,,,
4607,04/25/2025 20:56:26,32.04,22958.08,,,,,
4608,04/25/2025 20:57:26,32.09,23592.96,,,,,
4609,04/25/2025 20:58:26,32.13,24535.04,,,,,
4610,04/25/2025 20:59:26,32.13,25436.16,,,,,
4611,04/25/2025 21:00:26,32.13,25620.48,,,,,
4612,04/25/2025 21:01:26,32.22,25886.72,,,,,
4613,04/25/2025 21:02:26,32.22,25487.36,,,,,
4614,04/25/2025 21:03:26,32.26,26439.68,,,,,
4615,04/25/2025 21:04:26,32.22,26511.36,,,,,
4616,04/25/2025 21:05:26,32.26,26511.36,,,,,
4617,04/25/2025 21:06:26,32.34,27310.08,,,,,
4618,04/25/2025 21:07:26,32.34,26726.40,,,,,
4619,04/25/2025 21:08:26,32.30,27371.52,,,,,
4620,04/25/2025 21:09:26,32.30,28170.24,,,,,
4621,04/25/2025 21:10:26,32.34,27596.80,,,,,
4622,04/25/2025 21:11:26,32.34,28129.28,,,,,
4623,04/25/2025 21:12:26,32.34,27381.76,,,,,
4624,04/25/2025 21:13:26,32.34,23848.96,,,,,
4625,04/25/2025 21:14:26,32.39,27729.92,,,,,
4626,04/25/2025 21:15:26,32.34,27279.36,,,,,
4627,04/25/2025 21:16:26,32.30,26234.88,,,,,
4628,04/25/2025 21:17:26,32.34,26562.56,,,,,
4629,04/25/2025 21:18:26,32.39,26071.04,,,,,
4630,04/25/2025 21:19:26,32.30,23920.64,,,,,
4631,04/25/2025 21:20:26,32.30,24924.16,,,,,
4632,04/25/2025 21:21:26,32.30,25999.36,,,,,
4633,04/25/2025 21:22:26,32.39,26234.88,,,,,
4634,04/25/2025 21:23:26,32.30,24975.36,,,,,
4635,04/25/2025 21:24:26,32.22,24545.28,,,,,
4636,04/25/2025 21:25:26,32.26,24391.68,,,,,
4637,04/25/2025 21:26:26,32.30,24084.48,,,,,
4638,04/25/2025 21:27:26,32.30,24289.28,,,,,
4639,04/25/2025 21:28:26,32.34,24545.28,,,,,
4640,04/25/2025 21:29:26,32.30,24186.88,,,,,
4641,04/25/2025 21:30:26,32.34,24576.00,,,,,
4642,04/25/2025 21:31:26,32.34,24453.12,,,,,
4643,04/25/2025 21:32:26,32.30,22947.84,,,,,
4644,04/25/2025 21:33:26,32.30,21329.92,,,,,
4645,04/25/2025 21:34:26,32.26,20689.92,,,,,
4646,04/25/2025 21:35:26,32.26,19906.56,,,,,
4647,04/25/2025 21:36:26,32.22,18391.04,,,,,
4648,04/25/2025 21:37:26,32.26,19358.72,,,,,
4649,04/25/2025 21:38:26,32.00,4307.20,,,,,
4650,04/25/2025 21:39:26,31.96,17858.56,,,,,
4651,04/25/2025 21:40:26,32.04,13445.12,,,,,
4652,04/25/2025 21:41:26,31.96,16993.28,,,,,
4653,04/25/2025 21:42:26,31.79,3607.04,,,,,
4654,04/25/2025 21:43:26,31.74,5475.84,,,,,
4655,04/25/2025 21:44:26,31.83,15800.32,,,,,
4656,04/25/2025 21:45:26,31.92,16189.44,,,,,
4657,04/25/2025 21:46:26,31.87,5319.68,,,,,
4658,04/25/2025 21:47:26,31.87,7331.84,,,,,
4659,04/25/2025 21:48:26,31.83,6300.16,,,,,
4660,04/25/2025 21:49:26,31.92,13936.64,,,,,
4661,04/25/2025 21:50:26,31.74,2696.96,,,,,
4662,04/25/2025 21:51:26,31.70,2945.28,,,,,
4663,04/25/2025 21:52:26,31.74,14090.24,,,,,
4664,04/25/2025 21:53:26,31.87,14044.16,,,,,
4665,04/25/2025 21:54:26,31.96,14417.92,,,,,
4666,04/25/2025 21:55:26,31.87,9415.68,,,,,
4667,04/25/2025 21:56:26,31.87,3989.76,,,,,
4668,04/25/2025 21:57:26,31.83,13332.48,,,,,
4669,04/25/2025 21:58:26,31.83,3491.84,,,,,
4670,04/25/2025 21:59:26,31.74,13281.28,,,,,
4671,04/25/2025 22:00:26,31.92,13025.28,,,,,
4672,04/25/2025 22:01:26,31.92,12779.52,,,,,
4673,04/25/2025 22:02:26,31.96,12815.36,,,,,
4674,04/25/2025 22:03:26,31.96,12277.76,,,,,
4675,04/25/2025 22:04:26,32.04,12723.20,,,,,
4676,04/25/2025 22:05:26,32.04,13015.04,,,,,
4677,04/25/2025 22:06:26,32.04,12999.68,,,,,
4678,04/25/2025 22:07:26,32.04,13127.68,,,,,
4679,04/25/2025 22:08:26,32.04,13153.28,,,,,
4680,04/25/2025 22:09:26,32.09,13552.64,,,,,
4681,04/25/2025 22:10:26,32.13,13900.80,,,,,
4682,04/25/2025 22:11:26,32.04,13772.80,,,,,
4683,04/25/2025 22:12:26,32.09,14172.16,,,,,
4684,04/25/2025 22:13:26,32.04,14136.32,,,,,
4685,04/25/2025 22:14:26,32.13,13900.80,,,,,
4686,04/25/2025 22:15:26,32.09,6095.36,,,,,
4687,04/25/2025 22:16:26,32.00,12554.24,,,,,
4688,04/25/2025 22:17:26,32.04,11842.56,,,,,
4689,04/25/2025 22:18:26,32.04,12328.96,,,,,
4690,04/25/2025 22:19:26,32.04,12067.84,,,,,
4691,04/25/2025 22:20:26,32.04,11648.00,,,,,
4692,04/25/2025 22:21:26,32.09,11735.04,,,,,
4693,04/25/2025 22:22:26,32.09,11535.36,,,,,
4694,04/25/2025 22:23:26,32.04,12344.32,,,,,
4695,04/25/2025 22:24:26,32.09,12052.48,,,,,
4696,04/25/2025 22:25:26,31.92,3918.08,,,,,
4697,04/25/2025 22:26:26,31.87,8097.28,,,,,
4698,04/25/2025 22:27:26,31.92,10618.88,,,,,
4699,04/25/2025 22:28:26,31.87,3511.04,,,,,
4700,04/25/2025 22:29:26,31.83,10024.96,,,,,
4701,04/25/2025 22:30:26,31.87,3779.84,,,,,
4702,04/25/2025 22:31:26,31.74,3468.80,,,,,
4703,04/25/2025 22:32:26,31.92,9420.80,,,,,
4704,04/25/2025 22:33:26,31.92,9807.36,,,,,
4705,04/25/2025 22:34:26,31.96,9533.44,,,,,
4706,04/25/2025 22:35:26,32.04,10206.72,,,,,
4707,04/25/2025 22:36:26,32.04,10206.72,,,,,
4708,04/25/2025 22:37:26,31.96,9192.96,,,,,
4709,04/25/2025 22:38:26,32.04,10306.56,,,,,
4710,04/25/2025 22:39:26,31.96,4140.80,,,,,
4711,04/25/2025 22:40:26,31.83,3645.44,,,,,
4712,04/25/2025 22:41:26,31.96,10286.08,,,,,
4713,04/25/2025 22:42:26,31.96,6891.52,,,,,
4714,04/25/2025 22:43:26,31.96,9730.56,,,,,
4715,04/25/2025 22:44:26,32.00,9945.60,,,,,
4716,04/25/2025 22:45:26,32.00,8924.16,,,,,
4717,04/25/2025 22:46:26,32.00,7214.08,,,,,
4718,04/25/2025 22:47:26,32.00,9832.96,,,,,
4719,04/25/2025 22:48:26,32.00,9774.08,,,,,
4720,04/25/2025 22:49:26,32.04,8747.52,,,,,
4721,04/25/2025 22:50:26,31.96,8243.20,,,,,
4722,04/25/2025 22:51:26,32.00,8668.16,,,,,
4723,04/25/2025 22:52:26,32.00,8555.52,,,,,
4724,04/25/2025 22:53:26,32.00,8117.76,,,,,
4725,04/25/2025 22:54:26,31.96,7992.32,,,,,
4726,04/25/2025 22:55:26,31.96,7882.24,,,,,
4727,04/25/2025 22:56:26,31.96,7508.48,,,,,
4728,04/25/2025 22:57:26,31.96,7521.28,,,,,
4729,04/25/2025 22:58:26,31.96,7383.04,,,,,
4730,04/25/2025 22:59:26,32.00,7854.08,,,,,
4731,04/25/2025 23:00:26,31.92,4088.32,,,,,
4732,04/25/2025 23:01:26,31.92,6807.04,,,,,
4733,04/25/2025 23:02:26,31.92,6622.72,,,,,
4734,04/25/2025 23:03:26,31.92,6950.40,,,,,
4735,04/25/2025 23:04:26,31.92,7219.20,,,,,
4736,04/25/2025 23:05:26,31.92,4019.20,,,,,
4737,04/25/2025 23:06:26,31.96,7127.04,,,,,
4738,04/25/2025 23:07:26,31.92,7042.56,,,,,
4739,04/25/2025 23:08:26,31.92,6507.52,,,,,
4740,04/25/2025 23:09:26,31.96,6814.72,,,,,
4741,04/25/2025 23:10:26,31.96,6873.60,,,,,
4742,04/25/2025 23:11:26,31.92,6912.00,,,,,
4743,04/25/2025 23:12:26,31.96,7168.00,,,,,
4744,04/25/2025 23:13:26,31.96,7088.64,,,,,
4745,04/25/2025 23:14:26,31.92,7449.60,,,,,
4746,04/25/2025 23:15:26,31.92,7554.56,,,,,
4747,04/25/2025 23:16:26,31.96,7646.72,,,,,
4748,04/25/2025 23:17:26,31.92,7631.36,,,,,
4749,04/25/2025 23:18:26,31.92,7705.60,,,,,
4750,04/25/2025 23:19:26,31.92,7659.52,,,,,
4751,04/25/2025 23:20:26,31.92,7915.52,,,,,
4752,04/25/2025 23:21:26,31.87,7613.44,,,,,
4753,04/25/2025 23:22:26,31.92,7659.52,,,,,
4754,04/25/2025 23:23:26,31.92,7869.44,,,,,
4755,04/25/2025 23:24:26,31.92,7298.56,,,,,
4756,04/25/2025 23:25:26,31.92,7127.04,,,,,
4757,04/25/2025 23:26:26,31.96,7109.12,,,,,
4758,04/25/2025 23:27:26,31.96,6499.84,,,,,
4759,04/25/2025 23:28:26,31.87,5683.20,,,,,
4760,04/25/2025 23:29:26,31.87,5130.24,,,,,
4761,04/25/2025 23:30:26,31.83,5185.28,,,,,
4762,04/25/2025 23:31:26,31.83,4887.04,,,,,
4763,04/25/2025 23:32:26,31.87,4556.80,,,,,
4764,04/25/2025 23:33:26,31.83,4232.96,,,,,
4765,04/25/2025 23:34:26,31.83,4151.04,,,,,
4766,04/25/2025 23:35:26,31.87,3941.12,,,,,
4767,04/25/2025 23:36:26,31.83,4147.20,,,,,
4768,04/25/2025 23:37:26,31.79,4065.28,,,,,
4769,04/25/2025 23:38:26,31.74,3842.56,,,,,
4770,04/25/2025 23:39:26,31.70,3747.84,,,,,
4771,04/25/2025 23:40:26,31.79,3292.16,,,,,
4772,04/25/2025 23:41:26,31.79,3456.00,,,,,
4773,04/25/2025 23:42:26,31.79,3093.76,,,,,
4774,04/25/2025 23:43:26,31.79,3098.88,,,,,
4775,04/25/2025 23:44:26,31.79,2841.60,,,,,
4776,04/25/2025 23:45:26,31.74,2883.84,,,,,
4777,04/25/2025 23:46:26,31.70,2796.80,,,,,
4778,04/25/2025 23:47:26,31.66,2764.80,,,,,
4779,04/25/2025 23:48:26,31.70,2917.12,,,,,
4780,04/25/2025 23:49:26,31.70,2664.96,,,,,
4781,04/25/2025 23:50:26,31.70,2758.40,,,,,
4782,04/25/2025 23:51:26,31.66,2661.12,,,,,
4783,04/25/2025 23:52:26,31.66,2584.96,,,,,
4784,04/25/2025 23:53:26,31.66,2604.16,,,,,
4785,04/25/2025 23:54:26,31.66,2607.36,,,,,
4786,04/25/2025 23:55:26,31.61,2997.76,,,,,
4787,04/25/2025 23:56:26,31.66,2922.24,,,,,
4788,04/25/2025 23:57:26,31.61,2769.92,,,,,
4789,04/25/2025 23:58:26,31.66,2760.96,,,,,
4790,04/25/2025 23:59:26,31.66,2690.56,,,,,
4791,04/26/2025 00:00:26,31.66,2387.84,,,,,
4792,04/26/2025 00:01:26,31.66,2245.76,,,,,
4793,04/26/2025 00:02:26,31.66,2823.68,,,,,
4794,04/26/2025 00:03:26,31.61,2946.56,,,,,
4795,04/26/2025 00:04:26,31.66,2854.40,,,,,
4796,04/26/2025 00:05:26,31.61,2656.00,,,,,
4797,04/26/2025 00:06:26,31.57,2494.72,,,,,
4798,04/26/2025 00:07:26,31.61,2681.60,,,,,
4799,04/26/2025 00:08:26,31.66,2392.96,,,,,
4800,04/26/2025 00:09:26,31.61,2175.36,,,,,
4801,04/26/2025 00:10:26,31.61,2097.92,,,,,
4802,04/26/2025 00:11:26,31.66,1888.64,,,,,
4803,04/26/2025 00:12:26,31.61,1822.72,,,,,
4804,04/26/2025 00:13:26,31.61,1760.64,,,,,
4805,04/26/2025 00:14:26,31.61,1767.04,,,,,
4806,04/26/2025 00:15:26,31.61,2016.00,,,,,
4807,04/26/2025 00:16:26,31.61,2161.92,,,,,
4808,04/26/2025 00:17:26,31.61,2316.16,,,,,
4809,04/26/2025 00:18:26,31.61,2122.88,,,,,
4810,04/26/2025 00:19:26,31.57,1903.36,,,,,
4811,04/26/2025 00:20:26,31.57,1778.56,,,,,
4812,04/26/2025 00:21:26,31.61,1762.56,,,,,
4813,04/26/2025 00:22:26,31.53,1888.64,,,,,
4814,04/26/2025 00:23:26,31.57,1834.24,,,,,
4815,04/26/2025 00:24:26,31.57,2016.00,,,,,
4816,04/26/2025 00:25:26,31.53,2317.44,,,,,
4817,04/26/2025 00:26:26,31.57,2410.88,,,,,
4818,04/26/2025 00:27:26,31.53,2547.20,,,,,
4819,04/26/2025 00:28:26,31.53,2424.32,,,,,
4820,04/26/2025 00:29:26,31.61,2307.84,,,,,
4821,04/26/2025 00:30:26,31.53,2309.76,,,,,
4822,04/26/2025 00:31:26,31.57,2488.32,,,,,
4823,04/26/2025 00:32:26,31.61,2621.44,,,,,
4824,04/26/2025 00:33:26,31.61,2620.16,,,,,
4825,04/26/2025 00:34:26,31.57,2366.72,,,,,
4826,04/26/2025 00:35:26,31.57,1926.40,,,,,
4827,04/26/2025 00:36:26,31.57,1667.20,,,,,
4828,04/26/2025 00:37:26,31.57,1543.68,,,,,
4829,04/26/2025 00:38:26,31.57,1437.44,,,,,
4830,04/26/2025 00:39:26,31.53,1470.08,,,,,
4831,04/26/2025 00:40:26,31.49,1407.36,,,,,
4832,04/26/2025 00:41:26,31.49,1470.72,,,,,
4833,04/26/2025 00:42:26,31.49,1468.16,,,,,
4834,04/26/2025 00:43:26,31.49,1456.64,,,,,
4835,04/26/2025 00:44:26,31.49,1368.32,,,,,
4836,04/26/2025 00:45:26,31.49,1376.00,,,,,
4837,04/26/2025 00:46:26,31.49,1290.56,,,,,
4838,04/26/2025 00:47:26,31.44,1274.24,,,,,
4839,04/26/2025 00:48:26,31.44,1198.08,,,,,
4840,04/26/2025 00:49:26,31.44,1101.44,,,,,
4841,04/26/2025 00:50:26,31.40,1122.88,,,,,
4842,04/26/2025 00:51:26,31.44,1200.64,,,,,
4843,04/26/2025 00:52:26,31.44,1349.76,,,,,
4844,04/26/2025 00:53:26,31.40,1257.92,,,,,
4845,04/26/2025 00:54:26,31.44,1019.52,,,,,
4846,04/26/2025 00:55:26,31.44,881.28,,,,,
4847,04/26/2025 00:56:26,31.40,831.36,,,,,
4848,04/26/2025 00:57:26,31.40,845.12,,,,,
4849,04/26/2025 00:58:26,31.40,1040.00,,,,,
4850,04/26/2025 00:59:26,31.40,980.16,,,,,
4851,04/26/2025 01:00:26,31.40,830.40,,,,,
4852,04/26/2025 01:01:26,31.31,900.16,,,,,
4853,04/26/2025 01:02:26,31.40,857.28,,,,,
4854,04/26/2025 01:03:26,31.36,761.60,,,,,
4855,04/26/2025 01:04:26,31.44,878.72,,,,,
4856,04/26/2025 01:05:26,31.27,942.72,,,,,
4857,04/26/2025 01:06:26,31.36,916.48,,,,,
4858,04/26/2025 01:07:26,31.36,851.84,,,,,
4859,04/26/2025 01:08:26,31.36,693.44,,,,,
4860,04/26/2025 01:09:26,31.27,666.56,,,,,
4861,04/26/2025 01:10:26,31.31,701.76,,,,,
4862,04/26/2025 01:11:26,31.36,879.68,,,,,
4863,04/26/2025 01:12:26,31.36,864.00,,,,,
4864,04/26/2025 01:13:26,31.36,846.72,,,,,
4865,04/26/2025 01:14:26,31.31,832.00,,,,,
4866,04/26/2025 01:15:26,31.31,812.48,,,,,
4867,04/26/2025 01:16:26,31.36,778.88,,,,,
4868,04/26/2025 01:17:26,31.27,786.24,,,,,
4869,04/26/2025 01:18:26,31.27,775.36,,,,,
4870,04/26/2025 01:19:26,31.31,725.12,,,,,
4871,04/26/2025 01:20:26,31.31,749.44,,,,,
4872,04/26/2025 01:21:26,31.36,731.84,,,,,
4873,04/26/2025 01:22:26,31.31,712.96,,,,,
4874,04/26/2025 01:23:26,31.31,693.12,,,,,
4875,04/26/2025 01:24:26,31.27,672.32,,,,,
4876,04/26/2025 01:25:26,31.27,653.60,,,,,
4877,04/26/2025 01:26:26,31.27,640.48,,,,,
4878,04/26/2025 01:27:26,31.27,531.52,,,,,
4879,04/26/2025 01:28:26,31.31,538.08,,,,,
4880,04/26/2025 01:29:26,31.27,491.36,,,,,
4881,04/26/2025 01:30:26,31.23,479.84,,,,,
4882,04/26/2025 01:31:26,31.23,516.80,,,,,
4883,04/26/2025 01:32:26,31.23,475.84,,,,,
4884,04/26/2025 01:33:26,31.27,449.12,,,,,
4885,04/26/2025 01:34:26,31.23,413.12,,,,,
4886,04/26/2025 01:35:26,31.23,364.48,,,,,
4887,04/26/2025 01:36:26,31.23,345.60,,,,,
4888,04/26/2025 01:37:26,31.27,339.04,,,,,
4889,04/26/2025 01:38:26,31.23,326.80,,,,,
4890,04/26/2025 01:39:26,31.23,314.32,,,,,
4891,04/26/2025 01:40:26,31.23,309.36,,,,,
4892,04/26/2025 01:41:26,31.19,307.76,,,,,
4893,04/26/2025 01:42:26,31.23,320.24,,,,,
4894,04/26/2025 01:43:26,31.19,348.00,,,,,
4895,04/26/2025 01:44:26,31.23,313.44,,,,,
4896,04/26/2025 01:45:26,31.19,345.60,,,,,
4897,04/26/2025 01:46:26,31.19,297.12,,,,,
4898,04/26/2025 01:47:26,31.19,306.08,,,,,
4899,04/26/2025 01:48:26,31.14,299.52,,,,,
4900,04/26/2025 01:49:26,31.14,289.68,,,,,
4901,04/26/2025 01:50:26,31.19,272.48,,,,,
4902,04/26/2025 01:51:26,31.14,238.72,,,,,
4903,04/26/2025 01:52:26,31.19,213.92,,,,,
4904,04/26/2025 01:53:26,31.14,200.80,,,,,
4905,04/26/2025 01:54:26,31.14,190.80,,,,,
4906,04/26/2025 01:55:26,31.14,178.48,,,,,
4907,04/26/2025 01:56:26,31.14,167.76,,,,,
4908,04/26/2025 01:57:26,31.14,155.52,,,,,
4909,04/26/2025 01:58:26,31.14,145.56,,,,,
4910,04/26/2025 01:59:26,31.14,135.76,,,,,
4911,04/26/2025 02:00:26,31.14,126.64,,,,,
4912,04/26/2025 02:01:26,31.14,116.00,,,,,
4913,04/26/2025 02:02:26,31.10,107.68,,,,,
4914,04/26/2025 02:03:26,31.10,98.68,,,,,
4915,04/26/2025 02:04:26,31.10,89.68,,,,,
4916,04/26/2025 02:05:26,31.10,82.20,,,,,
4917,04/26/2025 02:06:26,31.06,73.20,,,,,
4918,04/26/2025 02:07:26,31.14,64.96,,,,,
4919,04/26/2025 02:08:26,31.06,57.54,,,,,
4920,04/26/2025 02:09:26,31.10,49.74,,,,,
4921,04/26/2025 02:10:26,31.10,43.14,,,,,
4922,04/26/2025 02:11:26,31.10,36.96,,,,,
4923,04/26/2025 02:12:26,31.06,31.58,,,,,
4924,04/26/2025 02:13:26,31.10,25.85,,,,,
4925,04/26/2025 02:14:26,31.10,21.73,,,,,
4926,04/26/2025 02:15:26,31.01,18.22,,,,,
4927,04/26/2025 02:16:26,31.01,14.94,,,,,
4928,04/26/2025 02:17:26,31.06,12.08,,,,,
4929,04/26/2025 02:18:26,31.01,9.62,,,,,
4930,04/26/2025 02:19:26,31.06,7.57,,,,,
4931,04/26/2025 02:20:26,31.06,5.93,,,,,
4932,04/26/2025 02:21:26,31.06,4.50,,,,,
4933,04/26/2025 02:22:26,31.06,3.48,,,,,
4934,04/26/2025 02:23:26,31.01,2.66,,,,,
4935,04/26/2025 02:24:26,31.01,2.04,,,,,
4936,04/26/2025 02:25:26,31.01,1.43,,,,,
4937,04/26/2025 02:26:26,30.97,1.22,,,,,
4938,04/26/2025 02:27:26,31.01,1.22,,,,,
4939,04/26/2025 02:28:26,30.97,0.61,,,,,
4940,04/26/2025 02:29:26,30.97,0.40,,,,,
4941,04/26/2025 02:30:26,31.01,0.40,,,,,
4942,04/26/2025 02:31:26,31.01,0.20,,,,,
4943,04/26/2025 02:32:26,31.01,0.20,,,,,
4944,04/26/2025 02:33:26,31.01,0.20,,,,,
4945,04/26/2025 02:34:26,30.97,0.20,,,,,
4946,04/26/2025 02:35:26,30.97,0.00,,,,,
4947,04/26/2025 02:36:26,30.97,0.00,,,,,
4948,04/26/2025 02:37:26,30.97,0.00,,,,,
4949,04/26/2025 02:38:26,30.97,0.00,,,,,
4950,04/26/2025 02:39:26,30.97,0.00,,,,,
4951,04/26/2025 02:40:26,30.97,0.00,,,,,
4952,04/26/2025 02:41:26,30.89,0.00,,,,,
4953,04/26/2025 02:42:26,30.93,0.00,,,,,
4954,04/26/2025 02:43:26,30.97,0.00,,,,,
4955,04/26/2025 02:44:26,30.97,0.00,,,,,
4956,04/26/2025 02:45:26,30.93,0.00,,,,,
4957,04/26/2025 02:46:26,30.97,0.00,,,,,
4958,04/26/2025 02:47:26,30.89,0.00,,,,,
4959,04/26/2025 02:48:26,30.93,0.00,,,,,
4960,04/26/2025 02:49:26,30.89,0.00,,,,,
4961,04/26/2025 02:50:26,30.93,0.00,,,,,
4962,04/26/2025 02:51:26,30.93,0.00,,,,,
4963,04/26/2025 02:52:26,30.89,0.00,,,,,
4964,04/26/2025 02:53:26,30.93,0.00,,,,,
4965,04/26/2025 02:54:26,30.93,0.00,,,,,
4966,04/26/2025 02:55:26,30.93,0.00,,,,,
4967,04/26/2025 02:56:26,30.89,0.00,,,,,
4968,04/26/2025 02:57:26,30.89,0.00,,,,,
4969,04/26/2025 02:58:26,30.89,0.00,,,,,
4970,04/26/2025 02:59:26,30.89,0.00,,,,,
4971,04/26/2025 03:00:26,30.93,0.00,,,,,
4972,04/26/2025 03:01:26,30.97,0.00,,,,,
4973,04/26/2025 03:02:26,30.84,0.00,,,,,
4974,04/26/2025 03:03:26,30.89,0.00,,,,,
4975,04/26/2025 03:04:26,30.89,0.00,,,,,
4976,04/26/2025 03:05:26,30.89,0.20,,,,,
4977,04/26/2025 03:06:26,30.89,0.00,,,,,
4978,04/26/2025 03:07:26,30.84,0.00,,,,,
4979,04/26/2025 03:08:26,30.84,0.00,,,,,
4980,04/26/2025 03:09:26,30.89,0.00,,,,,
4981,04/26/2025 03:10:26,30.84,0.00,,,,,
4982,04/26/2025 03:11:26,30.84,0.00,,,,,
4983,04/26/2025 03:12:26,30.84,0.00,,,,,
4984,04/26/2025 03:13:26,30.84,0.00,,,,,
4985,04/26/2025 03:14:26,30.84,0.00,,,,,
4986,04/26/2025 03:15:26,30.89,0.00,,,,,
4987,04/26/2025 03:16:26,30.80,0.00,,,,,
4988,04/26/2025 03:17:26,30.84,0.00,,,,,
4989,04/26/2025 03:18:26,30.84,0.00,,,,,
4990,04/26/2025 03:19:26,30.80,0.00,,,,,
4991,04/26/2025 03:20:26,30.80,0.20,,,,,
4992,04/26/2025 03:21:26,30.84,0.00,,,,,
4993,04/26/2025 03:22:26,30.89,0.00,,,,,
4994,04/26/2025 03:23:26,30.84,0.00,,,,,
4995,04/26/2025 03:24:26,30.84,0.00,,,,,
4996,04/26/2025 03:25:26,30.84,0.00,,,,,
4997,04/26/2025 03:26:26,30.84,0.00,,,,,
4998,04/26/2025 03:27:26,30.84,0.00,,,,,
4999,04/26/2025 03:28:26,30.80,0.00,,,,,
5000,04/26/2025 03:29:26,30.84,0.00,,,,,
5001,04/26/2025 03:30:26,30.80,0.00,,,,,
5002,04/26/2025 03:31:26,30.80,0.00,,,,,
5003,04/26/2025 03:32:26,30.80,0.00,,,,,
5004,04/26/2025 03:33:26,30.80,0.00,,,,,
5005,04/26/2025 03:34:26,30.80,0.00,,,,,
5006,04/26/2025 03:35:26,30.80,0.00,,,,,
5007,04/26/2025 03:36:26,30.80,0.00,,,,,
5008,04/26/2025 03:37:26,30.80,0.00,,,,,
5009,04/26/2025 03:38:26,30.80,0.00,,,,,
5010,04/26/2025 03:39:26,30.80,0.00,,,,,
5011,04/26/2025 03:40:26,30.76,0.00,,,,,
5012,04/26/2025 03:41:26,30.84,0.00,,,,,
5013,04/26/2025 03:42:26,30.76,0.00,,,,,
5014,04/26/2025 03:43:26,30.80,0.00,,,,,
5015,04/26/2025 03:44:26,30.80,0.00,,,,,
5016,04/26/2025 03:45:26,30.76,0.00,,,,,
5017,04/26/2025 03:46:26,30.76,0.00,,,,,
5018,04/26/2025 03:47:26,30.71,0.00,,,,,
5019,04/26/2025 03:48:26,30.80,0.00,,,,,
5020,04/26/2025 03:49:26,30.71,0.00,,,,,
5021,04/26/2025 03:50:26,30.76,0.00,,,,,
5022,04/26/2025 03:51:26,30.76,0.00,,,,,
5023,04/26/2025 03:52:26,30.71,0.00,,,,,
5024,04/26/2025 03:53:26,30.76,0.00,,,,,
5025,04/26/2025 03:54:26,30.80,0.00,,,,,
5026,04/26/2025 03:55:26,30.76,0.00,,,,,
5027,04/26/2025 03:56:26,30.76,0.00,,,,,
5028,04/26/2025 03:57:26,30.71,0.00,,,,,
5029,04/26/2025 03:58:26,30.71,0.20,,,,,
5030,04/26/2025 03:59:26,30.76,0.00,,,,,
5031,04/26/2025 04:00:26,30.76,0.00,,,,,
5032,04/26/2025 04:01:26,30.76,0.00,,,,,
5033,04/26/2025 04:02:26,30.80,0.00,,,,,
5034,04/26/2025 04:03:26,30.76,0.00,,,,,
5035,04/26/2025 04:04:26,30.80,0.00,,,,,
5036,04/26/2025 04:05:26,30.76,0.00,,,,,
5037,04/26/2025 04:06:26,30.71,0.00,,,,,
5038,04/26/2025 04:07:26,30.67,0.00,,,,,
5039,04/26/2025 04:08:26,30.71,0.00,,,,,
5040,04/26/2025 04:09:26,30.71,0.00,,,,,
5041,04/26/2025 04:10:26,30.71,0.00,,,,,
5042,04/26/2025 04:11:26,30.67,0.00,,,,,
5043,04/26/2025 04:12:26,30.71,0.00,,,,,
5044,04/26/2025 04:13:26,30.71,0.00,,,,,
5045,04/26/2025 04:14:26,30.71,0.00,,,,,
5046,04/26/2025 04:15:26,30.71,0.00,,,,,
5047,04/26/2025 04:16:26,30.67,0.00,,,,,
5048,04/26/2025 04:17:26,30.67,0.00,,,,,
5049,04/26/2025 04:18:26,30.71,0.00,,,,,
5050,04/26/2025 04:19:26,30.76,0.00,,,,,
5051,04/26/2025 04:20:26,30.71,0.00,,,,,
5052,04/26/2025 04:21:26,30.67,0.00,,,,,
5053,04/26/2025 04:22:26,30.71,0.00,,,,,
5054,04/26/2025 04:23:26,30.67,0.00,,,,,
5055,04/26/2025 04:24:26,30.71,0.00,,,,,
5056,04/26/2025 04:25:26,30.67,0.00,,,,,
5057,04/26/2025 04:26:26,30.71,0.00,,,,,
5058,04/26/2025 04:27:26,30.71,0.00,,,,,
5059,04/26/2025 04:28:26,30.67,0.00,,,,,
5060,04/26/2025 04:29:26,30.67,0.00,,,,,
5061,04/26/2025 04:30:26,30.67,0.00,,,,,
5062,04/26/2025 04:31:26,30.71,0.00,,,,,
5063,04/26/2025 04:32:26,30.63,0.00,,,,,
5064,04/26/2025 04:33:26,30.63,0.00,,,,,
5065,04/26/2025 04:34:26,30.67,0.00,,,,,
5066,04/26/2025 04:35:26,30.63,0.00,,,,,
5067,04/26/2025 04:36:26,30.71,0.20,,,,,
5068,04/26/2025 04:37:26,30.67,0.00,,,,,
5069,04/26/2025 04:38:26,30.67,0.00,,,,,
5070,04/26/2025 04:39:26,30.67,0.00,,,,,
5071,04/26/2025 04:40:26,30.67,0.00,,,,,
5072,04/26/2025 04:41:26,30.63,0.00,,,,,
5073,04/26/2025 04:42:26,30.67,0.00,,,,,
5074,04/26/2025 04:43:26,30.67,0.00,,,,,
5075,04/26/2025 04:44:26,30.63,0.00,,,,,
5076,04/26/2025 04:45:26,30.67,0.00,,,,,
5077,04/26/2025 04:46:26,30.63,0.00,,,,,
5078,04/26/2025 04:47:26,30.63,0.00,,,,,
5079,04/26/2025 04:48:26,30.67,0.00,,,,,
5080,04/26/2025 04:49:26,30.67,0.00,,,,,
5081,04/26/2025 04:50:26,30.67,0.00,,,,,
5082,04/26/2025 04:51:26,30.67,0.00,,,,,
5083,04/26/2025 04:52:26,30.63,0.00,,,,,
5084,04/26/2025 04:53:26,30.71,0.00,,,,,
5085,04/26/2025 04:54:26,30.67,0.00,,,,,
5086,04/26/2025 04:55:26,30.63,0.00,,,,,
5087,04/26/2025 04:56:26,30.67,0.00,,,,,
5088,04/26/2025 04:57:26,30.63,0.00,,,,,
5089,04/26/2025 04:58:26,30.67,0.00,,,,,
5090,04/26/2025 04:59:26,30.63,0.00,,,,,
5091,04/26/2025 05:00:26,30.71,0.00,,,,,
5092,04/26/2025 05:01:26,30.67,0.00,,,,,
5093,04/26/2025 05:02:26,30.67,0.00,,,,,
5094,04/26/2025 05:03:26,30.63,0.00,,,,,
5095,04/26/2025 05:04:26,30.67,0.00,,,,,
5096,04/26/2025 05:05:26,30.67,0.00,,,,,
5097,04/26/2025 05:06:26,30.63,0.00,,,,,
5098,04/26/2025 05:07:26,30.67,0.00,,,,,
5099,04/26/2025 05:08:26,30.67,0.00,,,,,
5100,04/26/2025 05:09:26,30.63,0.00,,,,,
5101,04/26/2025 05:10:26,30.63,0.00,,,,,
5102,04/26/2025 05:11:26,30.67,0.00,,,,,
5103,04/26/2025 05:12:26,30.63,0.00,,,,,
5104,04/26/2025 05:13:26,30.63,0.00,,,,,
5105,04/26/2025 05:14:26,30.63,0.00,,,,,
5106,04/26/2025 05:15:26,30.63,0.00,,,,,
5107,04/26/2025 05:16:26,30.67,0.00,,,,,
5108,04/26/2025 05:17:26,30.63,0.00,,,,,
5109,04/26/2025 05:18:26,30.63,0.00,,,,,
5110,04/26/2025 05:19:26,30.67,0.00,,,,,
5111,04/26/2025 05:20:26,30.59,0.00,,,,,
5112,04/26/2025 05:21:26,30.59,0.00,,,,,
5113,04/26/2025 05:22:26,30.63,0.00,,,,,
5114,04/26/2025 05:23:26,30.63,0.00,,,,,
5115,04/26/2025 05:24:26,30.67,0.00,,,,,
5116,04/26/2025 05:25:26,30.63,0.00,,,,,
5117,04/26/2025 05:26:26,30.67,0.00,,,,,
5118,04/26/2025 05:27:26,30.63,0.00,,,,,
5119,04/26/2025 05:28:26,30.63,0.00,,,,,
5120,04/26/2025 05:29:26,30.63,0.20,,,,,
5121,04/26/2025 05:30:26,30.63,0.00,,,,,
5122,04/26/2025 05:31:26,30.63,0.00,,,,,
5123,04/26/2025 05:32:26,30.63,0.00,,,,,
5124,04/26/2025 05:33:26,30.63,0.00,,,,,
5125,04/26/2025 05:34:26,30.59,0.00,,,,,
5126,04/26/2025 05:35:26,30.63,0.00,,,,,
5127,04/26/2025 05:36:26,30.63,0.00,,,,,
5128,04/26/2025 05:37:26,30.63,0.00,,,,,
5129,04/26/2025 05:38:26,30.63,0.00,,,,,
5130,04/26/2025 05:39:26,30.59,0.00,,,,,
5131,04/26/2025 05:40:26,30.59,0.00,,,,,
5132,04/26/2025 05:41:26,30.59,0.00,,,,,
5133,04/26/2025 05:42:26,30.63,0.00,,,,,
5134,04/26/2025 05:43:26,30.63,0.00,,,,,
5135,04/26/2025 05:44:26,30.63,0.00,,,,,
5136,04/26/2025 05:45:26,30.63,0.00,,,,,
5137,04/26/2025 05:46:26,30.63,0.00,,,,,
5138,04/26/2025 05:47:26,30.63,0.00,,,,,
5139,04/26/2025 05:48:26,30.67,0.00,,,,,
5140,04/26/2025 05:49:26,30.67,0.00,,,,,
5141,04/26/2025 05:50:26,30.59,0.00,,,,,
5142,04/26/2025 05:51:26,30.59,0.00,,,,,
5143,04/26/2025 05:52:26,30.63,0.00,,,,,
5144,04/26/2025 05:53:26,30.67,0.00,,,,,
5145,04/26/2025 05:54:26,30.59,0.00,,,,,
5146,04/26/2025 05:55:26,30.63,0.00,,,,,
5147,04/26/2025 05:56:26,30.67,0.00,,,,,
5148,04/26/2025 05:57:26,30.59,0.00,,,,,
5149,04/26/2025 05:58:26,30.59,0.00,,,,,
5150,04/26/2025 05:59:26,30.63,0.00,,,,,
5151,04/26/2025 06:00:26,30.63,0.00,,,,,
5152,04/26/2025 06:01:26,30.63,0.00,,,,,
5153,04/26/2025 06:02:26,30.59,0.00,,,,,
5154,04/26/2025 06:03:26,30.63,0.00,,,,,
5155,04/26/2025 06:04:26,30.59,0.00,,,,,
5156,04/26/2025 06:05:26,30.63,0.00,,,,,
5157,04/26/2025 06:06:26,30.59,0.00,,,,,
5158,04/26/2025 06:07:26,30.59,0.20,,,,,
5159,04/26/2025 06:08:26,30.63,0.00,,,,,
5160,04/26/2025 06:09:26,30.67,0.00,,,,,
5161,04/26/2025 06:10:26,30.59,0.00,,,,,
5162,04/26/2025 06:11:26,30.67,0.00,,,,,
5163,04/26/2025 06:12:26,30.59,0.00,,,,,
5164,04/26/2025 06:13:26,30.63,0.00,,,,,
5165,04/26/2025 06:14:26,30.59,0.00,,,,,
5166,04/26/2025 06:15:26,30.59,0.00,,,,,
5167,04/26/2025 06:16:26,30.63,0.00,,,,,
5168,04/26/2025 06:17:26,30.63,0.00,,,,,
5169,04/26/2025 06:18:26,30.54,0.00,,,,,
5170,04/26/2025 06:19:26,30.59,0.00,,,,,
5171,04/26/2025 06:20:26,30.63,0.00,,,,,
5172,04/26/2025 06:21:26,30.63,0.00,,,,,
5173,04/26/2025 06:22:26,30.63,0.00,,,,,
5174,04/26/2025 06:23:26,30.63,0.00,,,,,
5175,04/26/2025 06:24:26,30.63,0.00,,,,,
5176,04/26/2025 06:25:26,30.59,0.00,,,,,
5177,04/26/2025 06:26:26,30.59,0.00,,,,,
5178,04/26/2025 06:27:26,30.59,0.00,,,,,
5179,04/26/2025 06:28:26,30.63,0.00,,,,,
5180,04/26/2025 06:29:26,30.59,0.00,,,,,
5181,04/26/2025 06:30:26,30.54,0.00,,,,,
5182,04/26/2025 06:31:26,30.59,0.00,,,,,
5183,04/26/2025 06:32:26,30.63,0.00,,,,,
5184,04/26/2025 06:33:26,30.59,0.00,,,,,
5185,04/26/2025 06:34:26,30.59,0.00,,,,,
5186,04/26/2025 06:35:26,30.59,0.00,,,,,
5187,04/26/2025 06:36:26,30.59,0.00,,,,,
5188,04/26/2025 06:37:26,30.63,0.00,,,,,
5189,04/26/2025 06:38:26,30.54,0.00,,,,,
5190,04/26/2025 06:39:26,30.59,0.00,,,,,
5191,04/26/2025 06:40:26,30.63,0.00,,,,,
5192,04/26/2025 06:41:26,30.59,0.00,,,,,
5193,04/26/2025 06:42:26,30.59,0.00,,,,,
5194,04/26/2025 06:43:26,30.63,0.00,,,,,
5195,04/26/2025 06:44:26,30.54,0.00,,,,,
5196,04/26/2025 06:45:26,30.63,0.00,,,,,
5197,04/26/2025 06:46:26,30.59,0.00,,,,,
5198,04/26/2025 06:47:26,30.59,0.00,,,,,
5199,04/26/2025 06:48:26,30.59,0.00,,,,,
5200,04/26/2025 06:49:26,30.59,0.00,,,,,
5201,04/26/2025 06:50:26,30.63,0.00,,,,,
5202,04/26/2025 06:51:26,30.54,0.00,,,,,
5203,04/26/2025 06:52:26,30.59,0.00,,,,,
5204,04/26/2025 06:53:26,30.59,0.00,,,,,
5205,04/26/2025 06:54:26,30.59,0.00,,,,,
5206,04/26/2025 06:55:26,30.59,0.00,,,,,
5207,04/26/2025 06:56:26,30.59,0.00,,,,,
5208,04/26/2025 06:57:26,30.59,0.00,,,,,
5209,04/26/2025 06:58:26,30.59,0.00,,,,,
5210,04/26/2025 06:59:26,30.54,0.00,,,,,
5211,04/26/2025 07:00:26,30.59,0.20,,,,,
5212,04/26/2025 07:01:26,30.54,0.00,,,,,
5213,04/26/2025 07:02:26,30.54,0.00,,,,,
5214,04/26/2025 07:03:26,30.59,0.00,,,,,
5215,04/26/2025 07:04:26,30.59,0.00,,,,,
5216,04/26/2025 07:05:26,30.54,0.00,,,,,
5217,04/26/2025 07:06:26,30.54,0.00,,,,,
5218,04/26/2025 07:07:26,30.59,0.00,,,,,
5219,04/26/2025 07:08:26,30.59,0.00,,,,,
5220,04/26/2025 07:09:26,30.59,0.00,,,,,
5221,04/26/2025 07:10:26,30.54,0.00,,,,,
5222,04/26/2025 07:11:26,30.59,0.00,,,,,
5223,04/26/2025 07:12:26,30.59,0.00,,,,,
5224,04/26/2025 07:13:26,30.59,0.00,,,,,
5225,04/26/2025 07:14:26,30.54,0.00,,,,,
5226,04/26/2025 07:15:26,30.59,0.00,,,,,
5227,04/26/2025 07:16:26,30.54,0.00,,,,,
5228,04/26/2025 07:17:26,30.54,0.00,,,,,
5229,04/26/2025 07:18:26,30.54,0.00,,,,,
5230,04/26/2025 07:19:26,30.59,0.00,,,,,
5231,04/26/2025 07:20:26,30.54,0.00,,,,,
5232,04/26/2025 07:21:26,30.54,0.00,,,,,
5233,04/26/2025 07:22:26,30.54,0.00,,,,,
5234,04/26/2025 07:23:26,30.63,0.00,,,,,
5235,04/26/2025 07:24:26,30.54,0.00,,,,,
5236,04/26/2025 07:25:26,30.54,0.00,,,,,
5237,04/26/2025 07:26:26,30.54,0.00,,,,,
5238,04/26/2025 07:27:26,30.59,0.00,,,,,
5239,04/26/2025 07:28:26,30.54,0.00,,,,,
5240,04/26/2025 07:29:26,30.54,0.00,,,,,
5241,04/26/2025 07:30:26,30.54,0.00,,,,,
5242,04/26/2025 07:31:26,30.54,0.00,,,,,
5243,04/26/2025 07:32:26,30.54,0.00,,,,,
5244,04/26/2025 07:33:26,30.54,0.00,,,,,
5245,04/26/2025 07:34:26,30.54,0.00,,,,,
5246,04/26/2025 07:35:26,30.54,0.00,,,,,
5247,04/26/2025 07:36:26,30.59,0.00,,,,,
5248,04/26/2025 07:37:26,30.54,0.00,,,,,
5249,04/26/2025 07:38:26,30.54,0.20,,,,,
5250,04/26/2025 07:39:26,30.59,0.00,,,,,
5251,04/26/2025 07:40:26,30.54,0.00,,,,,
5252,04/26/2025 07:41:26,30.54,0.00,,,,,
5253,04/26/2025 07:42:26,30.54,0.00,,,,,
5254,04/26/2025 07:43:26,30.54,0.00,,,,,
5255,04/26/2025 07:44:26,30.54,0.00,,,,,
5256,04/26/2025 07:45:26,30.54,0.00,,,,,
5257,04/26/2025 07:46:26,30.54,0.00,,,,,
5258,04/26/2025 07:47:26,30.54,0.00,,,,,
5259,04/26/2025 07:48:26,30.54,0.00,,,,,
5260,04/26/2025 07:49:26,30.54,0.00,,,,,
5261,04/26/2025 07:50:26,30.54,0.00,,,,,
5262,04/26/2025 07:51:26,30.54,0.00,,,,,
5263,04/26/2025 07:52:26,30.54,0.00,,,,,
5264,04/26/2025 07:53:26,30.50,0.00,,,,,
5265,04/26/2025 07:54:26,30.59,0.00,,,,,
5266,04/26/2025 07:55:26,30.54,0.00,,,,,
5267,04/26/2025 07:56:26,30.54,0.00,,,,,
5268,04/26/2025 07:57:26,30.54,0.00,,,,,
5269,04/26/2025 07:58:26,30.54,0.00,,,,,
5270,04/26/2025 07:59:26,30.54,0.00,,,,,
5271,04/26/2025 08:00:26,30.54,0.00,,,,,
5272,04/26/2025 08:01:26,30.54,0.00,,,,,
5273,04/26/2025 08:02:26,30.54,0.00,,,,,
5274,04/26/2025 08:03:26,30.54,0.00,,,,,
5275,04/26/2025 08:04:26,30.54,0.00,,,,,
5276,04/26/2025 08:05:26,30.54,0.00,,,,,
5277,04/26/2025 08:06:26,30.59,0.00,,,,,
5278,04/26/2025 08:07:26,30.59,0.00,,,,,
5279,04/26/2025 08:08:26,30.54,0.00,,,,,
5280,04/26/2025 08:09:26,30.54,0.00,,,,,
5281,04/26/2025 08:10:26,30.54,0.00,,,,,
5282,04/26/2025 08:11:26,30.54,0.00,,,,,
5283,04/26/2025 08:12:26,30.54,0.00,,,,,
5284,04/26/2025 08:13:26,30.54,0.00,,,,,
5285,04/26/2025 08:14:26,30.54,0.00,,,,,
5286,04/26/2025 08:15:26,30.54,0.00,,,,,
5287,04/26/2025 08:16:26,30.54,0.00,,,,,
5288,04/26/2025 08:17:26,30.54,0.00,,,,,
5289,04/26/2025 08:18:26,30.59,0.00,,,,,
5290,04/26/2025 08:19:26,30.54,0.00,,,,,
5291,04/26/2025 08:20:26,30.54,0.00,,,,,
5292,04/26/2025 08:21:26,30.50,0.00,,,,,
5293,04/26/2025 08:22:26,30.54,0.00,,,,,
5294,04/26/2025 08:23:26,30.54,0.00,,,,,
5295,04/26/2025 08:24:26,30.54,0.00,,,,,
5296,04/26/2025 08:25:26,30.54,0.00,,,,,
5297,04/26/2025 08:26:26,30.50,0.00,,,,,
5298,04/26/2025 08:27:26,30.54,0.00,,,,,
5299,04/26/2025 08:28:26,30.59,0.00,,,,,
5300,04/26/2025 08:29:26,30.54,0.00,,,,,
5301,04/26/2025 08:30:26,30.54,0.00,,,,,
5302,04/26/2025 08:31:26,30.59,0.20,,,,,
5303,04/26/2025 08:32:26,30.59,0.00,,,,,
5304,04/26/2025 08:33:26,30.46,0.00,,,,,
5305,04/26/2025 08:34:26,30.54,0.00,,,,,
5306,04/26/2025 08:35:26,30.54,0.00,,,,,
5307,04/26/2025 08:36:26,30.54,0.00,,,,,
5308,04/26/2025 08:37:26,30.46,0.00,,,,,
5309,04/26/2025 08:38:26,30.50,0.00,,,,,
5310,04/26/2025 08:39:26,30.54,0.00,,,,,
5311,04/26/2025 08:40:26,30.50,0.00,,,,,
5312,04/26/2025 08:41:26,30.54,0.00,,,,,
5313,04/26/2025 08:42:26,30.54,0.00,,,,,
5314,04/26/2025 08:43:26,30.59,0.00,,,,,
5315,04/26/2025 08:44:26,30.54,0.00,,,,,
5316,04/26/2025 08:45:26,30.54,0.00,,,,,
5317,04/26/2025 08:46:26,30.54,0.00,,,,,
5318,04/26/2025 08:47:26,30.54,0.00,,,,,
5319,04/26/2025 08:48:26,30.54,0.00,,,,,
5320,04/26/2025 08:49:26,30.50,0.00,,,,,
5321,04/26/2025 08:50:26,30.54,0.00,,,,,
5322,04/26/2025 08:51:26,30.54,0.00,,,,,
5323,04/26/2025 08:52:26,30.54,0.00,,,,,
5324,04/26/2025 08:53:26,30.54,0.00,,,,,
5325,04/26/2025 08:54:26,30.54,0.00,,,,,
5326,04/26/2025 08:55:26,30.54,0.00,,,,,
5327,04/26/2025 08:56:26,30.50,0.00,,,,,
5328,04/26/2025 08:57:26,30.50,0.00,,,,,
5329,04/26/2025 08:58:26,30.54,0.00,,,,,
5330,04/26/2025 08:59:26,30.54,0.00,,,,,
5331,04/26/2025 09:00:26,30.54,0.00,,,,,
5332,04/26/2025 09:01:26,30.54,0.00,,,,,
5333,04/26/2025 09:02:26,30.54,0.00,,,,,
5334,04/26/2025 09:03:26,30.54,0.00,,,,,
5335,04/26/2025 09:04:26,30.54,0.00,,,,,
5336,04/26/2025 09:05:26,30.54,0.00,,,,,
5337,04/26/2025 09:06:26,30.54,0.00,,,,,
5338,04/26/2025 09:07:26,30.54,0.00,,,,,
5339,04/26/2025 09:08:26,30.59,0.00,,,,,
5340,04/26/2025 09:09:26,30.50,0.20,,,,,
5341,04/26/2025 09:10:26,30.50,0.00,,,,,
5342,04/26/2025 09:11:26,30.54,0.00,,,,,
5343,04/26/2025 09:12:26,30.54,0.00,,,,,
5344,04/26/2025 09:13:26,30.54,0.00,,,,,
5345,04/26/2025 09:14:26,30.50,0.00,,,,,
5346,04/26/2025 09:15:26,30.54,0.00,,,,,
5347,04/26/2025 09:16:26,30.54,0.00,,,,,
5348,04/26/2025 09:17:26,30.50,0.00,,,,,
5349,04/26/2025 09:18:26,30.54,0.00,,,,,
5350,04/26/2025 09:19:26,30.46,0.00,,,,,
5351,04/26/2025 09:20:26,30.54,0.00,,,,,
5352,04/26/2025 09:21:26,30.50,0.00,,,,,
5353,04/26/2025 09:22:26,30.50,0.00,,,,,
5354,04/26/2025 09:23:26,30.54,0.00,,,,,
5355,04/26/2025 09:24:26,30.50,0.00,,,,,
5356,04/26/2025 09:25:26,30.50,0.00,,,,,
5357,04/26/2025 09:26:26,30.54,0.00,,,,,
5358,04/26/2025 09:27:26,30.54,0.00,,,,,
5359,04/26/2025 09:28:26,30.54,0.00,,,,,
5360,04/26/2025 09:29:26,30.50,0.00,,,,,
5361,04/26/2025 09:30:26,30.54,0.00,,,,,
5362,04/26/2025 09:31:26,30.46,0.00,,,,,
5363,04/26/2025 09:32:26,30.50,0.00,,,,,
5364,04/26/2025 09:33:26,30.50,0.00,,,,,
5365,04/26/2025 09:34:26,30.54,0.00,,,,,
5366,04/26/2025 09:35:26,30.54,0.00,,,,,
5367,04/26/2025 09:36:26,30.46,0.00,,,,,
5368,04/26/2025 09:37:26,30.50,0.00,,,,,
5369,04/26/2025 09:38:26,30.50,0.00,,,,,
5370,04/26/2025 09:39:26,30.50,0.00,,,,,
5371,04/26/2025 09:40:26,30.54,0.00,,,,,
5372,04/26/2025 09:41:26,30.54,0.00,,,,,
5373,04/26/2025 09:42:26,30.50,0.00,,,,,
5374,04/26/2025 09:43:26,30.54,0.00,,,,,
5375,04/26/2025 09:44:26,30.54,0.00,,,,,
5376,04/26/2025 09:45:26,30.46,0.00,,,,,
5377,04/26/2025 09:46:26,30.50,0.00,,,,,
5378,04/26/2025 09:47:26,30.46,0.20,,,,,
5379,04/26/2025 09:48:26,30.46,0.00,,,,,
5380,04/26/2025 09:49:26,30.50,0.00,,,,,
5381,04/26/2025 09:50:26,30.50,0.00,,,,,
5382,04/26/2025 09:51:26,30.46,0.00,,,,,
5383,04/26/2025 09:52:26,30.50,0.00,,,,,
5384,04/26/2025 09:53:26,30.50,0.00,,,,,
5385,04/26/2025 09:54:26,30.50,0.00,,,,,
5386,04/26/2025 09:55:26,30.50,0.00,,,,,
5387,04/26/2025 09:56:26,30.54,0.00,,,,,
5388,04/26/2025 09:57:26,30.50,0.00,,,,,
5389,04/26/2025 09:58:26,30.54,0.00,,,,,
5390,04/26/2025 09:59:26,30.50,0.00,,,,,
5391,04/26/2025 10:00:26,30.50,0.00,,,,,
5392,04/26/2025 10:01:26,30.50,0.00,,,,,
5393,04/26/2025 10:02:26,30.50,0.00,,,,,
5394,04/26/2025 10:03:26,30.46,0.00,,,,,
5395,04/26/2025 10:04:26,30.54,0.00,,,,,
5396,04/26/2025 10:05:26,30.50,0.00,,,,,
5397,04/26/2025 10:06:26,30.50,0.00,,,,,
5398,04/26/2025 10:07:26,30.54,0.00,,,,,
5399,04/26/2025 10:08:26,30.50,0.00,,,,,
5400,04/26/2025 10:09:26,30.54,0.00,,,,,
5401,04/26/2025 10:10:26,30.50,0.00,,,,,
5402,04/26/2025 10:11:26,30.50,0.00,,,,,
5403,04/26/2025 10:12:26,30.46,0.00,,,,,
5404,04/26/2025 10:13:26,30.50,0.00,,,,,
5405,04/26/2025 10:14:26,30.54,0.00,,,,,
5406,04/26/2025 10:15:26,30.50,0.00,,,,,
5407,04/26/2025 10:16:26,30.50,0.00,,,,,
5408,04/26/2025 10:17:26,30.54,0.00,,,,,
5409,04/26/2025 10:18:26,30.54,0.00,,,,,
5410,04/26/2025 10:19:26,30.54,0.00,,,,,
5411,04/26/2025 10:20:26,30.46,0.00,,,,,
5412,04/26/2025 10:21:26,30.54,0.00,,,,,
5413,04/26/2025 10:22:26,30.54,0.00,,,,,
5414,04/26/2025 10:23:26,30.54,0.00,,,,,
5415,04/26/2025 10:24:26,30.54,0.00,,,,,
5416,04/26/2025 10:25:26,30.54,0.00,,,,,
5417,04/26/2025 10:26:26,30.50,0.00,,,,,
5418,04/26/2025 10:27:26,30.54,0.00,,,,,
5419,04/26/2025 10:28:26,30.54,0.00,,,,,
5420,04/26/2025 10:29:26,30.54,0.00,,,,,
5421,04/26/2025 10:30:26,30.50,0.00,,,,,
5422,04/26/2025 10:31:26,30.54,0.00,,,,,
5423,04/26/2025 10:32:26,30.50,0.00,,,,,
5424,04/26/2025 10:33:26,30.54,0.00,,,,,
5425,04/26/2025 10:34:26,30.50,0.00,,,,,
5426,04/26/2025 10:35:26,30.46,0.00,,,,,
5427,04/26/2025 10:36:26,30.54,0.00,,,,,
5428,04/26/2025 10:37:26,30.54,0.00,,,,,
5429,04/26/2025 10:38:26,30.50,0.00,,,,,
5430,04/26/2025 10:39:26,30.54,0.00,,,,,
5431,04/26/2025 10:40:26,30.54,0.20,,,,,
5432,04/26/2025 10:41:26,30.54,0.00,,,,,
5433,04/26/2025 10:42:26,30.54,0.00,,,,,
5434,04/26/2025 10:43:26,30.50,0.00,,,,,
5435,04/26/2025 10:44:26,30.50,0.00,,,,,
5436,04/26/2025 10:45:26,30.54,0.00,,,,,
5437,04/26/2025 10:46:26,30.50,0.00,,,,,
5438,04/26/2025 10:47:26,30.50,0.00,,,,,
5439,04/26/2025 10:48:26,30.50,0.00,,,,,
5440,04/26/2025 10:49:26,30.54,0.00,,,,,
5441,04/26/2025 10:50:26,30.54,0.00,,,,,
5442,04/26/2025 10:51:26,30.46,0.00,,,,,
5443,04/26/2025 10:52:26,30.46,0.00,,,,,
5444,04/26/2025 10:53:26,30.46,0.00,,,,,
5445,04/26/2025 10:54:26,30.54,0.00,,,,,
5446,04/26/2025 10:55:26,30.50,0.00,,,,,
5447,04/26/2025 10:56:26,30.54,0.00,,,,,
5448,04/26/2025 10:57:26,30.50,0.00,,,,,
5449,04/26/2025 10:58:26,30.54,0.00,,,,,
5450,04/26/2025 10:59:26,30.50,0.00,,,,,
5451,04/26/2025 11:00:26,30.54,0.00,,,,,
5452,04/26/2025 11:01:26,30.50,0.00,,,,,
5453,04/26/2025 11:02:26,30.46,0.00,,,,,
5454,04/26/2025 11:03:26,30.50,0.00,,,,,
5455,04/26/2025 11:04:26,30.46,0.00,,,,,
5456,04/26/2025 11:05:26,30.54,0.00,,,,,
5457,04/26/2025 11:06:26,30.50,0.00,,,,,
5458,04/26/2025 11:07:26,30.46,0.00,,,,,
5459,04/26/2025 11:08:26,30.41,0.00,,,,,
5460,04/26/2025 11:09:26,30.46,0.00,,,,,
5461,04/26/2025 11:10:26,30.50,0.00,,,,,
5462,04/26/2025 11:11:26,30.46,0.00,,,,,
5463,04/26/2025 11:12:26,30.46,0.00,,,,,
5464,04/26/2025 11:13:26,30.46,0.00,,,,,
5465,04/26/2025 11:14:26,30.50,0.00,,,,,
5466,04/26/2025 11:15:26,30.54,0.00,,,,,
5467,04/26/2025 11:16:26,30.46,0.00,,,,,
5468,04/26/2025 11:17:26,30.46,0.00,,,,,
5469,04/26/2025 11:18:26,30.46,0.20,,,,,
5470,04/26/2025 11:19:26,30.46,0.00,,,,,
5471,04/26/2025 11:20:26,30.46,0.00,,,,,
5472,04/26/2025 11:21:26,30.46,0.00,,,,,
5473,04/26/2025 11:22:26,30.41,0.00,,,,,
5474,04/26/2025 11:23:26,30.50,0.00,,,,,
5475,04/26/2025 11:24:26,30.50,0.00,,,,,
5476,04/26/2025 11:25:26,30.46,0.00,,,,,
5477,04/26/2025 11:26:26,30.41,0.00,,,,,
5478,04/26/2025 11:27:26,30.46,0.00,,,,,
5479,04/26/2025 11:28:26,30.46,0.00,,,,,
5480,04/26/2025 11:29:26,30.46,0.00,,,,,
5481,04/26/2025 11:30:26,30.46,0.00,,,,,
5482,04/26/2025 11:31:26,30.46,0.00,,,,,
5483,04/26/2025 11:32:26,30.50,0.00,,,,,
5484,04/26/2025 11:33:26,30.46,0.00,,,,,
5485,04/26/2025 11:34:26,30.41,0.00,,,,,
5486,04/26/2025 11:35:26,30.41,0.00,,,,,
5487,04/26/2025 11:36:26,30.46,0.00,,,,,
5488,04/26/2025 11:37:26,30.41,0.00,,,,,
5489,04/26/2025 11:38:26,30.46,0.00,,,,,
5490,04/26/2025 11:39:26,30.46,0.00,,,,,
5491,04/26/2025 11:40:26,30.41,0.00,,,,,
5492,04/26/2025 11:41:26,30.46,0.00,,,,,
5493,04/26/2025 11:42:26,30.41,0.00,,,,,
5494,04/26/2025 11:43:26,30.46,0.00,,,,,
5495,04/26/2025 11:44:26,30.46,0.00,,,,,
5496,04/26/2025 11:45:26,30.41,0.00,,,,,
5497,04/26/2025 11:46:26,30.41,0.00,,,,,
5498,04/26/2025 11:47:26,30.41,0.00,,,,,
5499,04/26/2025 11:48:26,30.41,0.00,,,,,
5500,04/26/2025 11:49:26,30.41,0.00,,,,,
5501,04/26/2025 11:50:26,30.41,0.00,,,,,
5502,04/26/2025 11:51:26,30.41,0.00,,,,,
5503,04/26/2025 11:52:26,30.41,0.00,,,,,
5504,04/26/2025 11:53:26,30.41,0.00,,,,,
5505,04/26/2025 11:54:26,30.41,0.00,,,,,
5506,04/26/2025 11:55:26,30.41,0.00,,,,,
5507,04/26/2025 11:56:26,30.41,0.00,,,,,
5508,04/26/2025 11:57:26,30.41,0.00,,,,,
5509,04/26/2025 11:58:26,30.41,0.00,,,,,
5510,04/26/2025 11:59:26,30.41,0.00,,,,,
5511,04/26/2025 12:00:26,30.46,0.00,,,,,
5512,04/26/2025 12:01:26,30.41,0.00,,,,,
5513,04/26/2025 12:02:26,30.46,0.00,,,,,
5514,04/26/2025 12:03:26,30.46,0.00,,,,,
5515,04/26/2025 12:04:26,30.41,0.00,,,,,
5516,04/26/2025 12:05:26,30.37,0.00,,,,,
5517,04/26/2025 12:06:26,30.46,0.00,,,,,
5518,04/26/2025 12:07:26,30.41,0.00,,,,,
5519,04/26/2025 12:08:26,30.41,0.00,,,,,
5520,04/26/2025 12:09:26,30.46,0.00,,,,,
5521,04/26/2025 12:10:26,30.41,0.00,,,,,
5522,04/26/2025 12:11:26,30.41,0.20,,,,,
5523,04/26/2025 12:12:26,30.41,0.00,,,,,
5524,04/26/2025 12:13:26,30.41,0.00,,,,,
5525,04/26/2025 12:14:26,30.41,0.00,,,,,
5526,04/26/2025 12:15:26,30.41,0.00,,,,,
5527,04/26/2025 12:16:26,30.41,0.00,,,,,
5528,04/26/2025 12:17:26,30.41,0.00,,,,,
5529,04/26/2025 12:18:26,30.41,0.00,,,,,
5530,04/26/2025 12:19:26,30.41,0.00,,,,,
5531,04/26/2025 12:20:26,30.41,0.00,,,,,
5532,04/26/2025 12:21:26,30.37,0.00,,,,,
5533,04/26/2025 12:22:26,30.41,0.00,,,,,
5534,04/26/2025 12:23:26,30.33,0.00,,,,,
5535,04/26/2025 12:24:26,30.41,0.00,,,,,
5536,04/26/2025 12:25:26,30.41,0.00,,,,,
5537,04/26/2025 12:26:26,30.41,0.00,,,,,
5538,04/26/2025 12:27:26,30.41,0.00,,,,,
5539,04/26/2025 12:28:26,30.37,0.00,,,,,
5540,04/26/2025 12:29:26,30.37,0.00,,,,,
5541,04/26/2025 12:30:26,30.41,0.00,,,,,
5542,04/26/2025 12:31:26,30.37,0.00,,,,,
5543,04/26/2025 12:32:26,30.37,0.00,,,,,
5544,04/26/2025 12:33:26,30.41,0.00,,,,,
5545,04/26/2025 12:34:26,30.37,0.00,,,,,
5546,04/26/2025 12:35:26,30.37,0.00,,,,,
5547,04/26/2025 12:36:26,30.37,0.00,,,,,
5548,04/26/2025 12:37:26,30.33,0.00,,,,,
5549,04/26/2025 12:38:26,30.37,0.00,,,,,
5550,04/26/2025 12:39:26,30.33,0.00,,,,,
5551,04/26/2025 12:40:26,30.37,0.00,,,,,
5552,04/26/2025 12:41:26,30.33,0.00,,,,,
5553,04/26/2025 12:42:26,30.37,0.00,,,,,
5554,04/26/2025 12:43:26,30.37,0.00,,,,,
5555,04/26/2025 12:44:26,30.41,0.00,,,,,
5556,04/26/2025 12:45:26,30.28,0.00,,,,,
5557,04/26/2025 12:46:26,30.33,0.00,,,,,
5558,04/26/2025 12:47:26,30.37,0.00,,,,,
5559,04/26/2025 12:48:26,30.33,0.00,,,,,
5560,04/26/2025 12:49:26,30.37,0.20,,,,,
5561,04/26/2025 12:50:26,30.37,0.00,,,,,
5562,04/26/2025 12:51:26,30.37,0.00,,,,,
5563,04/26/2025 12:52:26,30.33,0.00,,,,,
5564,04/26/2025 12:53:26,30.37,0.00,,,,,
5565,04/26/2025 12:54:26,30.37,0.00,,,,,
5566,04/26/2025 12:55:26,30.33,0.00,,,,,
5567,04/26/2025 12:56:26,30.33,0.00,,,,,
5568,04/26/2025 12:57:26,30.28,0.00,,,,,
5569,04/26/2025 12:58:26,30.33,0.00,,,,,
5570,04/26/2025 12:59:26,30.37,0.00,,,,,
5571,04/26/2025 13:00:26,30.28,0.00,,,,,
5572,04/26/2025 13:01:26,30.37,0.00,,,,,
5573,04/26/2025 13:02:26,30.33,0.00,,,,,
5574,04/26/2025 13:03:26,30.33,0.00,,,,,
5575,04/26/2025 13:04:26,30.33,0.00,,,,,
5576,04/26/2025 13:05:26,30.33,0.00,,,,,
5577,04/26/2025 13:06:26,30.33,0.00,,,,,
5578,04/26/2025 13:07:26,30.33,0.00,,,,,
5579,04/26/2025 13:08:26,30.28,0.00,,,,,
5580,04/26/2025 13:09:26,30.37,0.00,,,,,
5581,04/26/2025 13:10:26,30.33,0.00,,,,,
5582,04/26/2025 13:11:26,30.28,0.00,,,,,
5583,04/26/2025 13:12:26,30.33,0.00,,,,,
5584,04/26/2025 13:13:26,30.37,0.00,,,,,
5585,04/26/2025 13:14:26,30.33,0.00,,,,,
5586,04/26/2025 13:15:26,30.33,0.00,,,,,
5587,04/26/2025 13:16:26,30.33,0.00,,,,,
5588,04/26/2025 13:17:26,30.28,0.00,,,,,
5589,04/26/2025 13:18:26,30.33,0.00,,,,,
5590,04/26/2025 13:19:26,30.28,0.00,,,,,
5591,04/26/2025 13:20:26,30.28,0.00,,,,,
5592,04/26/2025 13:21:26,30.28,0.00,,,,,
5593,04/26/2025 13:22:26,30.24,0.00,,,,,
5594,04/26/2025 13:23:26,30.33,0.00,,,,,
5595,04/26/2025 13:24:26,30.28,0.00,,,,,
5596,04/26/2025 13:25:26,30.28,0.00,,,,,
5597,04/26/2025 13:26:26,30.28,0.00,,,,,
5598,04/26/2025 13:27:26,30.33,0.00,,,,,
5599,04/26/2025 13:28:26,30.28,0.00,,,,,
5600,04/26/2025 13:29:26,30.24,0.20,,,,,
5601,04/26/2025 13:30:26,30.28,0.20,,,,,
5602,04/26/2025 13:31:26,30.28,0.40,,,,,
5603,04/26/2025 13:32:26,30.24,0.61,,,,,
5604,04/26/2025 13:33:26,30.28,0.81,,,,,
5605,04/26/2025 13:34:26,30.28,1.22,,,,,
5606,04/26/2025 13:35:26,30.28,1.84,,,,,
5607,04/26/2025 13:36:26,30.28,2.66,,,,,
5608,04/26/2025 13:37:26,30.28,3.48,,,,,
5609,04/26/2025 13:38:26,30.28,4.91,,,,,
5610,04/26/2025 13:39:26,30.28,6.34,,,,,
5611,04/26/2025 13:40:26,30.28,8.39,,,,,
5612,04/26/2025 13:41:26,30.28,10.85,,,,,
5613,04/26/2025 13:42:26,30.24,13.71,,,,,
5614,04/26/2025 13:43:26,30.28,16.38,,,,,
5615,04/26/2025 13:44:26,30.28,19.27,,,,,
5616,04/26/2025 13:45:26,30.28,23.75,,,,,
5617,04/26/2025 13:46:26,30.28,27.08,,,,,
5618,04/26/2025 13:47:26,30.28,30.40,,,,,
5619,04/26/2025 13:48:26,30.28,35.32,,,,,
5620,04/26/2025 13:49:26,30.24,40.69,,,,,
5621,04/26/2025 13:50:26,30.28,47.30,,,,,
5622,04/26/2025 13:51:26,30.28,56.76,,,,,
5623,04/26/2025 13:52:26,30.28,64.54,,,,,
5624,04/26/2025 13:53:26,30.28,71.56,,,,,
5625,04/26/2025 13:54:26,30.24,78.92,,,,,
5626,04/26/2025 13:55:26,30.24,83.92,,,,,
5627,04/26/2025 13:56:26,30.28,90.48,,,,,
5628,04/26/2025 13:57:26,30.24,101.12,,,,,
5629,04/26/2025 13:58:26,30.24,114.36,,,,,
5630,04/26/2025 13:59:26,30.24,133.28,,,,,
5631,04/26/2025 14:00:26,30.28,153.88,,,,,
5632,04/26/2025 14:01:26,30.24,165.44,,,,,
5633,04/26/2025 14:02:26,30.20,182.64,,,,,
5634,04/26/2025 14:03:26,30.24,200.00,,,,,
5635,04/26/2025 14:04:26,30.24,229.68,,,,,
5636,04/26/2025 14:05:26,30.24,281.52,,,,,
5637,04/26/2025 14:06:26,30.20,334.24,,,,,
5638,04/26/2025 14:07:26,30.33,384.48,,,,,
5639,04/26/2025 14:08:26,30.24,416.48,,,,,
5640,04/26/2025 14:09:26,30.24,412.32,,,,,
5641,04/26/2025 14:10:26,30.24,463.52,,,,,
5642,04/26/2025 14:11:26,30.24,534.40,,,,,
5643,04/26/2025 14:12:26,30.24,521.28,,,,,
5644,04/26/2025 14:13:26,30.24,462.72,,,,,
5645,04/26/2025 14:14:26,30.20,438.56,,,,,
5646,04/26/2025 14:15:26,30.20,420.48,,,,,
5647,04/26/2025 14:16:26,30.24,403.36,,,,,
5648,04/26/2025 14:17:26,30.20,396.80,,,,,
5649,04/26/2025 14:18:26,30.28,407.36,,,,,
5650,04/26/2025 14:19:26,30.20,420.48,,,,,
5651,04/26/2025 14:20:26,30.24,435.20,,,,,
5652,04/26/2025 14:21:26,30.20,461.12,,,,,
5653,04/26/2025 14:22:26,30.24,498.72,,,,,
5654,04/26/2025 14:23:26,30.20,526.56,,,,,
5655,04/26/2025 14:24:26,30.24,549.12,,,,,
5656,04/26/2025 14:25:26,30.24,558.88,,,,,
5657,04/26/2025 14:26:26,30.20,590.88,,,,,
5658,04/26/2025 14:27:26,30.20,615.84,,,,,
5659,04/26/2025 14:28:26,30.24,651.04,,,,,
5660,04/26/2025 14:29:26,30.24,687.04,,,,,
5661,04/26/2025 14:30:26,30.20,836.80,,,,,
5662,04/26/2025 14:31:26,30.24,1045.76,,,,,
5663,04/26/2025 14:32:26,30.24,972.80,,,,,
5664,04/26/2025 14:33:26,30.24,820.48,,,,,
5665,04/26/2025 14:34:26,30.24,820.48,,,,,
5666,04/26/2025 14:35:26,30.20,873.92,,,,,
5667,04/26/2025 14:36:26,30.20,930.24,,,,,
5668,04/26/2025 14:37:26,30.24,943.36,,,,,
5669,04/26/2025 14:38:26,30.20,1002.24,,,,,
5670,04/26/2025 14:39:26,30.24,1094.08,,,,,
5671,04/26/2025 14:40:26,30.24,1213.76,,,,,
5672,04/26/2025 14:41:26,30.24,1316.48,,,,,
5673,04/26/2025 14:42:26,30.20,1462.40,,,,,
5674,04/26/2025 14:43:26,30.24,1658.88,,,,,
5675,04/26/2025 14:44:26,30.28,1927.68,,,,,
5676,04/26/2025 14:45:26,30.24,2190.08,,,,,
5677,04/26/2025 14:46:26,30.24,2278.40,,,,,
5678,04/26/2025 14:47:26,30.28,2243.84,,,,,
5679,04/26/2025 14:48:26,30.33,2168.32,,,,,
5680,04/26/2025 14:49:26,30.28,2076.80,,,,,
5681,04/26/2025 14:50:26,30.24,2103.04,,,,,
5682,04/26/2025 14:51:26,30.28,2129.28,,,,,
5683,04/26/2025 14:52:26,30.28,2142.08,,,,,
5684,04/26/2025 14:53:26,30.28,2106.24,,,,,
5685,04/26/2025 14:54:26,30.33,2078.72,,,,,
5686,04/26/2025 14:55:26,30.33,2058.88,,,,,
5687,04/26/2025 14:56:26,30.33,2075.52,,,,,
5688,04/26/2025 14:57:26,30.33,2060.80,,,,,
5689,04/26/2025 14:58:26,30.33,1988.48,,,,,
5690,04/26/2025 14:59:26,30.28,1922.56,,,,,
5691,04/26/2025 15:00:26,30.24,1866.88,,,,,
5692,04/26/2025 15:01:26,30.28,1803.52,,,,,
5693,04/26/2025 15:02:26,30.33,1734.40,,,,,
5694,04/26/2025 15:03:26,30.24,1687.04,,,,,
5695,04/26/2025 15:04:26,30.24,1623.04,,,,,
5696,04/26/2025 15:05:26,30.28,1523.20,,,,,
5697,04/26/2025 15:06:26,30.28,1416.96,,,,,
5698,04/26/2025 15:07:26,30.33,1346.56,,,,,
5699,04/26/2025 15:08:26,30.33,1309.44,,,,,
5700,04/26/2025 15:09:26,30.28,1288.96,,,,,
5701,04/26/2025 15:10:26,30.33,1227.52,,,,,
5702,04/26/2025 15:11:26,30.28,1188.48,,,,,
5703,04/26/2025 15:12:26,30.24,1142.40,,,,,
5704,04/26/2025 15:13:26,30.28,1099.84,,,,,
5705,04/26/2025 15:14:26,30.33,1074.56,,,,,
5706,04/26/2025 15:15:26,30.24,1045.76,,,,,
5707,04/26/2025 15:16:26,30.24,1048.96,,,,,
5708,04/26/2025 15:17:26,30.28,1031.04,,,,,
5709,04/26/2025 15:18:26,30.28,1017.92,,,,,
5710,04/26/2025 15:19:26,30.28,991.68,,,,,
5711,04/26/2025 15:20:26,30.28,982.72,,,,,
5712,04/26/2025 15:21:26,30.24,950.08,,,,,
5713,04/26/2025 15:22:26,30.28,920.64,,,,,
5714,04/26/2025 15:23:26,30.24,909.76,,,,,
5715,04/26/2025 15:24:26,30.24,900.16,,,,,
5716,04/26/2025 15:25:26,30.28,897.60,,,,,
5717,04/26/2025 15:26:26,30.24,840.96,,,,,
5718,04/26/2025 15:27:26,30.24,854.08,,,,,
5719,04/26/2025 15:28:26,30.28,880.32,,,,,
5720,04/26/2025 15:29:26,30.28,1082.56,,,,,
5721,04/26/2025 15:30:26,30.28,1157.12,,,,,
5722,04/26/2025 15:31:26,30.28,1216.32,,,,,
5723,04/26/2025 15:32:26,30.28,1272.64,,,,,
5724,04/26/2025 15:33:26,30.33,1449.60,,,,,
5725,04/26/2025 15:34:26,30.33,1443.20,,,,,
5726,04/26/2025 15:35:26,30.28,1507.84,,,,,
5727,04/26/2025 15:36:26,30.28,1491.84,,,,,
5728,04/26/2025 15:37:26,30.28,1443.84,,,,,
5729,04/26/2025 15:38:26,30.28,1361.92,,,,,
5730,04/26/2025 15:39:26,30.28,1310.08,,,,,
5731,04/26/2025 15:40:26,30.24,1219.52,,,,,
5732,04/26/2025 15:41:26,30.33,1319.04,,,,,
5733,04/26/2025 15:42:26,30.28,1219.52,,,,,
5734,04/26/2025 15:43:26,30.33,1231.68,,,,,
5735,04/26/2025 15:44:26,30.28,1274.24,,,,,
5736,04/26/2025 15:45:26,30.24,1336.32,,,,,
5737,04/26/2025 15:46:26,30.28,1406.72,,,,,
5738,04/26/2025 15:47:26,30.28,1481.60,,,,,
5739,04/26/2025 15:48:26,30.28,1667.20,,,,,
5740,04/26/2025 15:49:26,30.28,1745.92,,,,,
5741,04/26/2025 15:50:26,30.33,1809.92,,,,,
5742,04/26/2025 15:51:26,30.33,1865.60,,,,,
5743,04/26/2025 15:52:26,30.28,1834.24,,,,,
5744,04/26/2025 15:53:26,30.33,1780.48,,,,,
5745,04/26/2025 15:54:26,30.33,1751.04,,,,,
5746,04/26/2025 15:55:26,30.33,1683.84,,,,,
5747,04/26/2025 15:56:26,30.33,1646.08,,,,,
5748,04/26/2025 15:57:26,30.28,1626.88,,,,,
5749,04/26/2025 15:58:26,30.33,1634.56,,,,,
5750,04/26/2025 15:59:26,30.33,1613.44,,,,,
5751,04/26/2025 16:00:26,30.33,1578.88,,,,,
5752,04/26/2025 16:01:26,30.33,1552.64,,,,,
5753,04/26/2025 16:02:26,30.33,1534.08,,,,,
5754,04/26/2025 16:03:26,30.33,1515.52,,,,,
5755,04/26/2025 16:04:26,30.33,1503.36,,,,,
5756,04/26/2025 16:05:26,30.33,1487.36,,,,,
5757,04/26/2025 16:06:26,30.33,1447.68,,,,,
5758,04/26/2025 16:07:26,30.33,1381.76,,,,,
5759,04/26/2025 16:08:26,30.37,1281.60,,,,,
5760,04/26/2025 16:09:26,30.33,1193.28,,,,,
5761,04/26/2025 16:10:26,30.33,1205.44,,,,,
5762,04/26/2025 16:11:26,30.33,1203.84,,,,,
5763,04/26/2025 16:12:26,30.28,1043.20,,,,,
5764,04/26/2025 16:13:26,30.33,1128.64,,,,,
5765,04/26/2025 16:14:26,30.37,1266.24,,,,,
5766,04/26/2025 16:15:26,30.33,1448.32,,,,,
5767,04/26/2025 16:16:26,30.37,1716.48,,,,,
5768,04/26/2025 16:17:26,30.28,2428.80,,,,,
5769,04/26/2025 16:18:26,30.33,3479.04,,,,,
5770,04/26/2025 16:19:26,30.41,4248.32,,,,,
5771,04/26/2025 16:20:26,30.37,4815.36,,,,,
5772,04/26/2025 16:21:26,30.41,4851.20,,,,,
5773,04/26/2025 16:22:26,30.46,4641.28,,,,,
5774,04/26/2025 16:23:26,30.46,4645.12,,,,,
5775,04/26/2025 16:24:26,30.46,4634.88,,,,,
5776,04/26/2025 16:25:26,30.46,4625.92,,,,,
5777,04/26/2025 16:26:26,30.41,4399.36,,,,,
5778,04/26/2025 16:27:26,30.41,4035.84,,,,,
5779,04/26/2025 16:28:26,30.41,3704.32,,,,,
5780,04/26/2025 16:29:26,30.41,3432.96,,,,,
5781,04/26/2025 16:30:26,30.41,3147.52,,,,,
5782,04/26/2025 16:31:26,30.41,2945.28,,,,,
5783,04/26/2025 16:32:26,30.41,2813.44,,,,,
5784,04/26/2025 16:33:26,30.41,2594.56,,,,,
5785,04/26/2025 16:34:26,30.41,2512.64,,,,,
5786,04/26/2025 16:35:26,30.41,2311.04,,,,,
5787,04/26/2025 16:36:26,30.37,2111.36,,,,,
5788,04/26/2025 16:37:26,30.37,2093.44,,,,,
5789,04/26/2025 16:38:26,30.37,2175.36,,,,,
5790,04/26/2025 16:39:26,30.33,2232.32,,,,,
5791,04/26/2025 16:40:26,30.37,2307.84,,,,,
5792,04/26/2025 16:41:26,30.41,2406.40,,,,,
5793,04/26/2025 16:42:26,30.37,2565.12,,,,,
5794,04/26/2025 16:43:26,30.37,2684.16,,,,,
5795,04/26/2025 16:44:26,30.37,2744.32,,,,,
5796,04/26/2025 16:45:26,30.41,2702.08,,,,,
5797,04/26/2025 16:46:26,30.37,2744.32,,,,,
5798,04/26/2025 16:47:26,30.41,2772.48,,,,,
5799,04/26/2025 16:48:26,30.37,2795.52,,,,,
5800,04/26/2025 16:49:26,30.37,2807.04,,,,,
5801,04/26/2025 16:50:26,30.41,2673.92,,,,,
5802,04/26/2025 16:51:26,30.41,2509.44,,,,,
5803,04/26/2025 16:52:26,30.41,2722.56,,,,,
5804,04/26/2025 16:53:26,30.37,2799.36,,,,,
5805,04/26/2025 16:54:26,30.41,2841.60,,,,,
5806,04/26/2025 16:55:26,30.41,3156.48,,,,,
5807,04/26/2025 16:56:26,30.37,3399.68,,,,,
5808,04/26/2025 16:57:26,30.41,3475.20,,,,,
5809,04/26/2025 16:58:26,30.46,3495.68,,,,,
5810,04/26/2025 16:59:26,30.46,3592.96,,,,,
5811,04/26/2025 17:00:26,30.41,3344.64,,,,,
5812,04/26/2025 17:01:26,30.46,3156.48,,,,,
5813,04/26/2025 17:02:26,30.41,2986.24,,,,,
5814,04/26/2025 17:03:26,30.41,3328.00,,,,,
5815,04/26/2025 17:04:26,30.41,4340.48,,,,,
5816,04/26/2025 17:05:26,30.50,4878.08,,,,,
5817,04/26/2025 17:06:26,30.46,4481.28,,,,,
5818,04/26/2025 17:07:26,30.46,4550.40,,,,,
5819,04/26/2025 17:08:26,30.54,4605.44,,,,,
5820,04/26/2025 17:09:26,30.46,4733.44,,,,,
5821,04/26/2025 17:10:26,30.46,5228.80,,,,,
5822,04/26/2025 17:11:26,30.54,5185.28,,,,,
5823,04/26/2025 17:12:26,30.54,4517.12,,,,,
5824,04/26/2025 17:13:26,30.54,4563.20,,,,,
5825,04/26/2025 17:14:26,30.50,3802.88,,,,,
5826,04/26/2025 17:15:26,30.54,3760.64,,,,,
5827,04/26/2025 17:16:26,30.46,2988.80,,,,,
5828,04/26/2025 17:17:26,30.46,2730.24,,,,,
5829,04/26/2025 17:18:26,30.50,2245.76,,,,,
5830,04/26/2025 17:19:26,30.50,2737.92,,,,,
5831,04/26/2025 17:20:26,30.50,2748.16,,,,,
5832,04/26/2025 17:21:26,30.50,2361.60,,,,,
5833,04/26/2025 17:22:26,30.50,2375.04,,,,,
5834,04/26/2025 17:23:26,30.54,2240.64,,,,,
5835,04/26/2025 17:24:26,30.54,2150.40,,,,,
5836,04/26/2025 17:25:26,30.46,2172.16,,,,,
5837,04/26/2025 17:26:26,30.46,2211.20,,,,,
5838,04/26/2025 17:27:26,30.46,2227.84,,,,,
5839,04/26/2025 17:28:26,30.46,2288.00,,,,,
5840,04/26/2025 17:29:26,30.46,2307.84,,,,,
5841,04/26/2025 17:30:26,30.46,2343.68,,,,,
5842,04/26/2025 17:31:26,30.46,2360.32,,,,,
5843,04/26/2025 17:32:26,30.46,2348.80,,,,,
5844,04/26/2025 17:33:26,30.46,2332.16,,,,,
5845,04/26/2025 17:34:26,30.46,2283.52,,,,,
5846,04/26/2025 17:35:26,30.46,2258.56,,,,,
5847,04/26/2025 17:36:26,30.46,2211.20,,,,,
5848,04/26/2025 17:37:26,30.50,2235.52,,,,,
5849,04/26/2025 17:38:26,30.46,2278.40,,,,,
5850,04/26/2025 17:39:26,30.46,2376.96,,,,,
5851,04/26/2025 17:40:26,30.46,2515.84,,,,,
5852,04/26/2025 17:41:26,30.46,2672.64,,,,,
5853,04/26/2025 17:42:26,30.41,2766.08,,,,,
5854,04/26/2025 17:43:26,30.46,2935.04,,,,,
5855,04/26/2025 17:44:26,30.50,2929.92,,,,,
5856,04/26/2025 17:45:26,30.41,3118.08,,,,,
5857,04/26/2025 17:46:26,30.50,3136.00,,,,,
5858,04/26/2025 17:47:26,30.46,3180.80,,,,,
5859,04/26/2025 17:48:26,30.50,3169.28,,,,,
5860,04/26/2025 17:49:26,30.50,3063.04,,,,,
5861,04/26/2025 17:50:26,30.54,2796.80,,,,,
5862,04/26/2025 17:51:26,30.54,2574.72,,,,,
5863,04/26/2025 17:52:26,30.50,2252.16,,,,,
5864,04/26/2025 17:53:26,30.46,2152.32,,,,,
5865,04/26/2025 17:54:26,30.50,2086.40,,,,,
5866,04/26/2025 17:55:26,30.46,2276.48,,,,,
5867,04/26/2025 17:56:26,30.41,2661.12,,,,,
5868,04/26/2025 17:57:26,30.46,2954.24,,,,,
5869,04/26/2025 17:58:26,30.46,2976.00,,,,,
5870,04/26/2025 17:59:26,30.46,2976.00,,,,,
5871,04/26/2025 18:00:26,30.46,2631.68,,,,,
5872,04/26/2025 18:01:26,30.50,2499.20,,,,,
5873,04/26/2025 18:02:26,30.50,2281.60,,,,,
5874,04/26/2025 18:03:26,30.41,2201.60,,,,,
5875,04/26/2025 18:04:26,30.46,2514.56,,,,,
5876,04/26/2025 18:05:26,30.46,2592.64,,,,,
5877,04/26/2025 18:06:26,30.46,2538.88,,,,,
5878,04/26/2025 18:07:26,30.46,2553.60,,,,,
5879,04/26/2025 18:08:26,30.50,2604.16,,,,,
5880,04/26/2025 18:09:26,30.46,2632.96,,,,,
5881,04/26/2025 18:10:26,30.46,2647.04,,,,,
5882,04/26/2025 18:11:26,30.46,2681.60,,,,,
5883,04/26/2025 18:12:26,30.54,2693.12,,,,,
5884,04/26/2025 18:13:26,30.50,2836.48,,,,,
5885,04/26/2025 18:14:26,30.54,2935.04,,,,,
5886,04/26/2025 18:15:26,30.46,3042.56,,,,,
5887,04/26/2025 18:16:26,30.54,3069.44,,,,,
5888,04/26/2025 18:17:26,30.50,3101.44,,,,,
5889,04/26/2025 18:18:26,30.50,3185.92,,,,,
5890,04/26/2025 18:19:26,30.50,3239.68,,,,,
5891,04/26/2025 18:20:26,30.50,3298.56,,,,,
5892,04/26/2025 18:21:26,30.50,3357.44,,,,,
5893,04/26/2025 18:22:26,30.54,3456.00,,,,,
5894,04/26/2025 18:23:26,30.50,3704.32,,,,,
5895,04/26/2025 18:24:26,30.54,3973.12,,,,,
5896,04/26/2025 18:25:26,30.54,4264.96,,,,,
5897,04/26/2025 18:26:26,30.54,4573.44,,,,,
5898,04/26/2025 18:27:26,30.59,4936.96,,,,,
5899,04/26/2025 18:28:26,30.59,5276.16,,,,,
5900,04/26/2025 18:29:26,30.54,5634.56,,,,,
5901,04/26/2025 18:30:26,30.59,5637.12,,,,,
5902,04/26/2025 18:31:26,30.63,5504.00,,,,,
5903,04/26/2025 18:32:26,30.63,6092.80,,,,,
5904,04/26/2025 18:33:26,30.67,6149.12,,,,,
5905,04/26/2025 18:34:26,30.63,5616.64,,,,,
5906,04/26/2025 18:35:26,30.63,4976.64,,,,,
5907,04/26/2025 18:36:26,30.59,4098.56,,,,,
5908,04/26/2025 18:37:26,30.59,4023.04,,,,,
5909,04/26/2025 18:38:26,30.63,3511.04,,,,,
5910,04/26/2025 18:39:26,30.54,3498.24,,,,,
5911,04/26/2025 18:40:26,30.54,4514.56,,,,,
5912,04/26/2025 18:41:26,30.59,4916.48,,,,,
5913,04/26/2025 18:42:26,30.63,4953.60,,,,,
5914,04/26/2025 18:43:26,30.63,5061.12,,,,,
5915,04/26/2025 18:44:26,30.59,5639.68,,,,,
5916,04/26/2025 18:45:26,30.63,6330.88,,,,,
5917,04/26/2025 18:46:26,30.67,5941.76,,,,,
5918,04/26/2025 18:47:26,30.67,6668.80,,,,,
5919,04/26/2025 18:48:26,30.67,6256.64,,,,,
5920,04/26/2025 18:49:26,30.67,6023.68,,,,,
5921,04/26/2025 18:50:26,30.67,6581.76,,,,,
5922,04/26/2025 18:51:26,30.67,6400.00,,,,,
5923,04/26/2025 18:52:26,30.67,6410.24,,,,,
5924,04/26/2025 18:53:26,30.71,6200.32,,,,,
5925,04/26/2025 18:54:26,30.67,5875.20,,,,,
5926,04/26/2025 18:55:26,30.63,5527.04,,,,,
5927,04/26/2025 18:56:26,30.67,5391.36,,,,,
5928,04/26/2025 18:57:26,30.67,5473.28,,,,,
5929,04/26/2025 18:58:26,30.67,5593.60,,,,,
5930,04/26/2025 18:59:26,30.67,5593.60,,,,,
5931,04/26/2025 19:00:26,30.67,5437.44,,,,,
5932,04/26/2025 19:01:26,30.63,5212.16,,,,,
5933,04/26/2025 19:02:26,30.63,4808.96,,,,,
5934,04/26/2025 19:03:26,30.63,4121.60,,,,,
5935,04/26/2025 19:04:26,30.67,3527.68,,,,,
5936,04/26/2025 19:05:26,30.67,3649.28,,,,,
5937,04/26/2025 19:06:26,30.67,3744.00,,,,,
5938,04/26/2025 19:07:26,30.63,3793.92,,,,,
5939,04/26/2025 19:08:26,30.63,3868.16,,,,,
5940,04/26/2025 19:09:26,30.59,3924.48,,,,,
5941,04/26/2025 19:10:26,30.63,3947.52,,,,,
5942,04/26/2025 19:11:26,30.67,3790.08,,,,,
5943,04/26/2025 19:12:26,30.63,3491.84,,,,,
5944,04/26/2025 19:13:26,30.63,3531.52,,,,,
5945,04/26/2025 19:14:26,30.59,4153.60,,,,,
5946,04/26/2025 19:15:26,30.63,4317.44,,,,,
5947,04/26/2025 19:16:26,30.63,4500.48,,,,,
5948,04/26/2025 19:17:26,30.67,4720.64,,,,,
5949,04/26/2025 19:18:26,30.63,4405.76,,,,,
5950,04/26/2025 19:19:26,30.63,4357.12,,,,,
5951,04/26/2025 19:20:26,30.67,4078.08,,,,,
5952,04/26/2025 19:21:26,30.63,3659.52,,,,,
5953,04/26/2025 19:22:26,30.59,3156.48,,,,,
5954,04/26/2025 19:23:26,30.59,2489.60,,,,,
5955,04/26/2025 19:24:26,30.54,1973.76,,,,,
5956,04/26/2025 19:25:26,30.54,1575.04,,,,,
5957,04/26/2025 19:26:26,30.50,1310.72,,,,,
5958,04/26/2025 19:27:26,30.54,1127.04,,,,,
5959,04/26/2025 19:28:26,30.54,1112.96,,,,,
5960,04/26/2025 19:29:26,30.54,1228.48,,,,,
5961,04/26/2025 19:30:26,30.54,1429.76,,,,,
5962,04/26/2025 19:31:26,30.54,1770.24,,,,,
5963,04/26/2025 19:32:26,30.54,2173.44,,,,,
5964,04/26/2025 19:33:26,30.50,2807.04,,,,,
5965,04/26/2025 19:34:26,30.63,3554.56,,,,,
5966,04/26/2025 19:35:26,30.59,4615.68,,,,,
5967,04/26/2025 19:36:26,30.63,5726.72,,,,,
5968,04/26/2025 19:37:26,30.63,6149.12,,,,,
5969,04/26/2025 19:38:26,30.71,6507.52,,,,,
5970,04/26/2025 19:39:26,30.71,6827.52,,,,,
5971,04/26/2025 19:40:26,30.71,6760.96,,,,,
5972,04/26/2025 19:41:26,30.71,6878.72,,,,,
5973,04/26/2025 19:42:26,30.71,6991.36,,,,,
5974,04/26/2025 19:43:26,30.71,7232.00,,,,,
5975,04/26/2025 19:44:26,30.71,7508.48,,,,,
5976,04/26/2025 19:45:26,30.76,7895.04,,,,,
5977,04/26/2025 19:46:26,30.76,7915.52,,,,,
5978,04/26/2025 19:47:26,30.76,7874.56,,,,,
5979,04/26/2025 19:48:26,30.76,7828.48,,,,,
5980,04/26/2025 19:49:26,30.80,7941.12,,,,,
5981,04/26/2025 19:50:26,30.76,8752.64,,,,,
5982,04/26/2025 19:51:26,30.84,9041.92,,,,,
5983,04/26/2025 19:52:26,30.84,8975.36,,,,,
5984,04/26/2025 19:53:26,30.84,8819.20,,,,,
5985,04/26/2025 19:54:26,30.89,8739.84,,,,,
5986,04/26/2025 19:55:26,30.84,10311.68,,,,,
5987,04/26/2025 19:56:26,30.89,9579.52,,,,,
5988,04/26/2025 19:57:26,30.89,10496.00,,,,,
5989,04/26/2025 19:58:26,30.89,9774.08,,,,,
5990,04/26/2025 19:59:26,30.89,10649.60,,,,,
5991,04/26/2025 20:00:26,30.97,9146.88,,,,,
5992,04/26/2025 20:01:26,30.93,9991.68,,,,,
5993,04/26/2025 20:02:26,30.93,11438.08,,,,,
5994,04/26/2025 20:03:26,30.97,11914.24,,,,,
5995,04/26/2025 20:04:26,30.93,11740.16,,,,,
5996,04/26/2025 20:05:26,31.01,12282.88,,,,,
5997,04/26/2025 20:06:26,30.97,12820.48,,,,,
5998,04/26/2025 20:07:26,30.97,12625.92,,,,,
5999,04/26/2025 20:08:26,31.01,11863.04,,,,,
6000,04/26/2025 20:09:26,31.06,12615.68,,,,,
6001,04/26/2025 20:10:26,31.01,12887.04,,,,,
6002,04/26/2025 20:11:26,31.06,12513.28,,,,,
6003,04/26/2025 20:12:26,31.06,15370.24,,,,,
6004,04/26/2025 20:13:26,31.01,14458.88,,,,,
6005,04/26/2025 20:14:26,31.10,12779.52,,,,,
6006,04/26/2025 20:15:26,31.10,14238.72,,,,,
6007,04/26/2025 20:16:26,31.14,13470.72,,,,,
6008,04/26/2025 20:17:26,31.10,11386.88,,,,,
6009,04/26/2025 20:18:26,31.01,12236.80,,,,,
6010,04/26/2025 20:19:26,31.06,8491.52,,,,,
6011,04/26/2025 20:20:26,30.93,6328.32,,,,,
6012,04/26/2025 20:21:26,30.89,5987.84,,,,,
6013,04/26/2025 20:22:26,31.01,9768.96,,,,,
6014,04/26/2025 20:23:26,31.01,17827.84,,,,,
6015,04/26/2025 20:24:26,31.19,19845.12,,,,,
6016,04/26/2025 20:25:26,31.23,20454.40,,,,,
6017,04/26/2025 20:26:26,31.31,21995.52,,,,,
6018,04/26/2025 20:27:26,31.36,23459.84,,,,,
6019,04/26/2025 20:28:26,31.31,23808.00,,,,,
6020,04/26/2025 20:29:26,31.44,24340.48,,,,,
6021,04/26/2025 20:30:26,31.40,24995.84,,,,,
6022,04/26/2025 20:31:26,31.49,25108.48,,,,,
6023,04/26/2025 20:32:26,31.49,25088.00,,,,,
6024,04/26/2025 20:33:26,31.49,24668.16,,,,,
6025,04/26/2025 20:34:26,31.61,24780.80,,,,,
6026,04/26/2025 20:35:26,31.57,24944.64,,,,,
6027,04/26/2025 20:36:26,31.57,26081.28,,,,,
6028,04/26/2025 20:37:26,31.61,26572.80,,,,,
6029,04/26/2025 20:38:26,31.66,27074.56,,,,,
6030,04/26/2025 20:39:26,31.61,26255.36,,,,,
6031,04/26/2025 20:40:26,31.61,26234.88,,,,,
6032,04/26/2025 20:41:26,31.66,26132.48,,,,,
6033,04/26/2025 20:42:26,31.66,27228.16,,,,,
6034,04/26/2025 20:43:26,31.70,25815.04,,,,,
6035,04/26/2025 20:44:26,31.70,27453.44,,,,,
6036,04/26/2025 20:45:26,31.70,27699.20,,,,,
6037,04/26/2025 20:46:26,31.74,27975.68,,,,,
6038,04/26/2025 20:47:26,31.74,26808.32,,,,,
6039,04/26/2025 20:48:26,31.70,24084.48,,,,,
6040,04/26/2025 20:49:26,31.70,27381.76,,,,,
6041,04/26/2025 20:50:26,31.70,26941.44,,,,,
6042,04/26/2025 20:51:26,31.74,27269.12,,,,,
6043,04/26/2025 20:52:26,31.74,27013.12,,,,,
6044,04/26/2025 20:53:26,31.79,26019.84,,,,,
6045,04/26/2025 20:54:26,31.70,24852.48,,,,,
6046,04/26/2025 20:55:26,31.79,24320.00,,,,,
6047,04/26/2025 20:56:26,31.70,24012.80,,,,,
6048,04/26/2025 20:57:26,31.70,24494.08,,,,,
6049,04/26/2025 20:58:26,31.70,25006.08,,,,,
6050,04/26/2025 20:59:26,31.70,25651.20,,,,,
6051,04/26/2025 21:00:26,31.74,26398.72,,,,,
6052,04/26/2025 21:01:26,31.74,26736.64,,,,,
6053,04/26/2025 21:02:26,31.79,27166.72,,,,,
6054,04/26/2025 21:03:26,31.79,27473.92,,,,,
6055,04/26/2025 21:04:26,31.83,27842.56,,,,,
6056,04/26/2025 21:05:26,31.83,28057.60,,,,,
6057,04/26/2025 21:06:26,31.83,28641.28,,,,,
6058,04/26/2025 21:07:26,31.87,28948.48,,,,,
6059,04/26/2025 21:08:26,31.92,28682.24,,,,,
6060,04/26/2025 21:09:26,31.92,27607.04,,,,,
6061,04/26/2025 21:10:26,31.83,23408.64,,,,,
6062,04/26/2025 21:11:26,31.92,28917.76,,,,,
6063,04/26/2025 21:12:26,31.92,29440.00,,,,,
6064,04/26/2025 21:13:26,31.79,7959.04,,,,,
6065,04/26/2025 21:14:26,31.57,15938.56,,,,,
6066,04/26/2025 21:15:26,31.66,29460.48,,,,,
6067,04/26/2025 21:16:26,31.83,29286.40,,,,,
6068,04/26/2025 21:17:26,31.83,27996.16,,,,,
6069,04/26/2025 21:18:26,31.61,4350.72,,,,,
6070,04/26/2025 21:19:26,31.70,28887.04,,,,,
6071,04/26/2025 21:20:26,31.74,23101.44,,,,,
6072,04/26/2025 21:21:26,31.66,5995.52,,,,,
6073,04/26/2025 21:22:26,31.61,25610.24,,,,,
6074,04/26/2025 21:23:26,31.74,25139.20,,,,,
6075,04/26/2025 21:24:26,31.74,24125.44,,,,,
6076,04/26/2025 21:25:26,31.74,26798.08,,,,,
6077,04/26/2025 21:26:26,31.83,19804.16,,,,,
6078,04/26/2025 21:27:26,31.87,27781.12,,,,,
6079,04/26/2025 21:28:26,31.87,27596.80,,,,,
6080,04/26/2025 21:29:26,32.00,28815.36,,,,,
6081,04/26/2025 21:30:26,32.00,29091.84,,,,,
6082,04/26/2025 21:31:26,31.96,17167.36,,,,,
6083,04/26/2025 21:32:26,32.00,16962.56,,,,,
6084,04/26/2025 21:33:26,31.61,7987.20,,,,,
6085,04/26/2025 21:34:26,31.96,27822.08,,,,,
6086,04/26/2025 21:35:26,31.92,26900.48,,,,,
6087,04/26/2025 21:36:26,32.00,26613.76,,,,,
6088,04/26/2025 21:37:26,32.00,26961.92,,,,,
6089,04/26/2025 21:38:26,32.09,24709.12,,,,,
6090,04/26/2025 21:39:26,32.09,25262.08,,,,,
6091,04/26/2025 21:40:26,32.13,27525.12,,,,,
6092,04/26/2025 21:41:26,32.04,27084.80,,,,,
6093,04/26/2025 21:42:26,32.00,24760.32,,,,,
6094,04/26/2025 21:43:26,31.92,20551.68,,,,,
6095,04/26/2025 21:44:26,31.70,7232.00,,,,,
6096,04/26/2025 21:45:26,31.61,6492.16,,,,,
6097,04/26/2025 21:46:26,31.79,24453.12,,,,,
6098,04/26/2025 21:47:26,31.96,23613.44,,,,,
6099,04/26/2025 21:48:26,31.92,21872.64,,,,,
6100,04/26/2025 21:49:26,31.87,21616.64,,,,,
6101,04/26/2025 21:50:26,31.92,20705.28,,,,,
6102,04/26/2025 21:51:26,31.96,22302.72,,,,,
6103,04/26/2025 21:52:26,31.87,5283.84,,,,,
6104,04/26/2025 21:53:26,31.74,17597.44,,,,,
6105,04/26/2025 21:54:26,31.66,24883.20,,,,,
6106,04/26/2025 21:55:26,31.83,22978.56,,,,,
6107,04/26/2025 21:56:26,31.92,22958.08,,,,,
6108,04/26/2025 21:57:26,31.96,23889.92,,,,,
6109,04/26/2025 21:58:26,31.87,7528.96,,,,,
6110,04/26/2025 21:59:26,32.00,24688.64,,,,,
6111,04/26/2025 22:00:26,32.04,24852.48,,,,,
6112,04/26/2025 22:01:26,32.04,25651.20,,,,,
6113,04/26/2025 22:02:26,32.04,21186.56,,,,,
6114,04/26/2025 22:03:26,32.00,18196.48,,,,,
6115,04/26/2025 22:04:26,31.87,9866.24,,,,,
6116,04/26/2025 22:05:26,31.79,12861.44,,,,,
6117,04/26/2025 22:06:26,31.83,18810.88,,,,,
6118,04/26/2025 22:07:26,31.83,9218.56,,,,,
6119,04/26/2025 22:08:26,31.74,9487.36,,,,,
6120,04/26/2025 22:09:26,31.74,15784.96,,,,,
6121,04/26/2025 22:10:26,31.83,21053.44,,,,,
6122,04/26/2025 22:11:26,31.79,12405.76,,,,,
6123,04/26/2025 22:12:26,31.66,4582.40,,,,,
6124,04/26/2025 22:13:26,31.57,6167.04,,,,,
6125,04/26/2025 22:14:26,31.53,7336.96,,,,,
6126,04/26/2025 22:15:26,31.49,7915.52,,,,,
6127,04/26/2025 22:16:26,31.61,10501.12,,,,,
6128,04/26/2025 22:17:26,31.57,8844.80,,,,,
6129,04/26/2025 22:18:26,31.61,15400.96,,,,,
6130,04/26/2025 22:19:26,31.57,8550.40,,,,,
6131,04/26/2025 22:20:26,31.57,9886.72,,,,,
6132,04/26/2025 22:21:26,31.57,9180.16,,,,,
6133,04/26/2025 22:22:26,31.61,13803.52,,,,,
6134,04/26/2025 22:23:26,31.61,8524.80,,,,,
6135,04/26/2025 22:24:26,31.57,7915.52,,,,,
6136,04/26/2025 22:25:26,31.61,8122.88,,,,,
6137,04/26/2025 22:26:26,31.57,8568.32,,,,,
6138,04/26/2025 22:27:26,31.61,13501.44,,,,,
6139,04/26/2025 22:28:26,31.66,12400.64,,,,,
6140,04/26/2025 22:29:26,31.66,8673.28,,,,,
6141,04/26/2025 22:30:26,31.66,13045.76,,,,,
6142,04/26/2025 22:31:26,31.70,13399.04,,,,,
6143,04/26/2025 22:32:26,31.70,13465.60,,,,,
6144,04/26/2025 22:33:26,31.79,14428.16,,,,,
6145,04/26/2025 22:34:26,31.83,12979.20,,,,,
6146,04/26/2025 22:35:26,31.74,13434.88,,,,,
6147,04/26/2025 22:36:26,31.79,14156.80,,,,,
6148,04/26/2025 22:37:26,31.79,13035.52,,,,,
6149,04/26/2025 22:38:26,31.79,13199.36,,,,,
6150,04/26/2025 22:39:26,31.83,13342.72,,,,,
6151,04/26/2025 22:40:26,31.79,13025.28,,,,,
6152,04/26/2025 22:41:26,31.83,14617.60,,,,,
6153,04/26/2025 22:42:26,31.74,9643.52,,,,,
6154,04/26/2025 22:43:26,31.70,7357.44,,,,,
6155,04/26/2025 22:44:26,31.74,15974.40,,,,,
6156,04/26/2025 22:45:26,31.87,15257.60,,,,,
6157,04/26/2025 22:46:26,31.83,14807.04,,,,,
6158,04/26/2025 22:47:26,31.70,3964.16,,,,,
6159,04/26/2025 22:48:26,31.57,2124.16,,,,,
6160,04/26/2025 22:49:26,31.49,1545.60,,,,,
6161,04/26/2025 22:50:26,31.40,1201.28,,,,,
6162,04/26/2025 22:51:26,31.40,1074.56,,,,,
6163,04/26/2025 22:52:26,31.40,1061.44,,,,,
6164,04/26/2025 22:53:26,31.36,1121.28,,,,,
6165,04/26/2025 22:54:26,31.36,1215.36,,,,,
6166,04/26/2025 22:55:26,31.31,1220.16,,,,,
6167,04/26/2025 22:56:26,31.27,1237.44,,,,,
6168,04/26/2025 22:57:26,31.31,1345.28,,,,,
6169,04/26/2025 22:58:26,31.27,1479.68,,,,,
6170,04/26/2025 22:59:26,31.27,1623.04,,,,,
6171,04/26/2025 23:00:26,31.36,1740.80,,,,,
6172,04/26/2025 23:01:26,31.27,1842.56,,,,,
6173,04/26/2025 23:02:26,31.31,1900.16,,,,,
6174,04/26/2025 23:03:26,31.31,2104.96,,,,,
6175,04/26/2025 23:04:26,31.27,2157.44,,,,,
6176,04/26/2025 23:05:26,31.27,2208.00,,,,,
6177,04/26/2025 23:06:26,31.27,2409.60,,,,,
6178,04/26/2025 23:07:26,31.27,2284.80,,,,,
6179,04/26/2025 23:08:26,31.31,2586.24,,,,,
6180,04/26/2025 23:09:26,31.27,3016.96,,,,,
6181,04/26/2025 23:10:26,31.31,3141.12,,,,,
6182,04/26/2025 23:11:26,31.27,3228.16,,,,,
6183,04/26/2025 23:12:26,31.31,3141.12,,,,,
6184,04/26/2025 23:13:26,31.31,2949.12,,,,,
6185,04/26/2025 23:14:26,31.31,3198.72,,,,,
6186,04/26/2025 23:15:26,31.31,3110.40,,,,,
6187,04/26/2025 23:16:26,31.31,1678.72,,,,,
6188,04/26/2025 23:17:26,31.27,2424.32,,,,,
6189,04/26/2025 23:18:26,31.27,2412.80,,,,,
6190,04/26/2025 23:19:26,31.27,2090.24,,,,,
6191,04/26/2025 23:20:26,31.31,1942.40,,,,,
6192,04/26/2025 23:21:26,31.23,1813.12,,,,,
6193,04/26/2025 23:22:26,31.23,1724.80,,,,,
6194,04/26/2025 23:23:26,31.27,1854.08,,,,,
6195,04/26/2025 23:24:26,31.27,2958.08,,,,,
6196,04/26/2025 23:25:26,31.36,13358.08,,,,,
6197,04/26/2025 23:26:26,31.49,13091.84,,,,,
6198,04/26/2025 23:27:26,31.61,13173.76,,,,,
6199,04/26/2025 23:28:26,31.57,8424.96,,,,,
6200,04/26/2025 23:29:26,31.44,7109.12,,,,,
6201,04/26/2025 23:30:26,31.61,10521.60,,,,,
6202,04/26/2025 23:31:26,31.61,10808.32,,,,,
6203,04/26/2025 23:32:26,31.57,8243.20,,,,,
6204,04/26/2025 23:33:26,31.57,9638.40,,,,,
6205,04/26/2025 23:34:26,31.57,9067.52,,,,,
6206,04/26/2025 23:35:26,31.49,4586.24,,,,,
6207,04/26/2025 23:36:26,31.53,4638.72,,,,,
6208,04/26/2025 23:37:26,31.49,5529.60,,,,,
6209,04/26/2025 23:38:26,31.44,6558.72,,,,,
6210,04/26/2025 23:39:26,31.44,4094.72,,,,,
6211,04/26/2025 23:40:26,31.40,4229.12,,,,,
6212,04/26/2025 23:41:26,31.44,5765.12,,,,,
6213,04/26/2025 23:42:26,31.49,4481.28,,,,,
6214,04/26/2025 23:43:26,31.44,5483.52,,,,,
6215,04/26/2025 23:44:26,31.44,5035.52,,,,,
6216,04/26/2025 23:45:26,31.40,3432.96,,,,,
6217,04/26/2025 23:46:26,31.36,3937.28,,,,,
6218,04/26/2025 23:47:26,31.36,3193.60,,,,,
6219,04/26/2025 23:48:26,31.36,4023.04,,,,,
6220,04/26/2025 23:49:26,31.36,3783.68,,,,,
6221,04/26/2025 23:50:26,31.36,3481.60,,,,,
6222,04/26/2025 23:51:26,31.40,3338.24,,,,,
6223,04/26/2025 23:52:26,31.36,3024.64,,,,,
6224,04/26/2025 23:53:26,31.27,3162.88,,,,,
6225,04/26/2025 23:54:26,31.31,3334.40,,,,,
6226,04/26/2025 23:55:26,31.31,3462.40,,,,,
6227,04/26/2025 23:56:26,31.31,3600.64,,,,,
6228,04/26/2025 23:57:26,31.31,3235.84,,,,,
6229,04/26/2025 23:58:26,31.31,3399.68,,,,,
6230,04/26/2025 23:59:26,31.27,3452.16,,,,,
6231,04/27/2025 00:00:26,31.31,3531.52,,,,,
6232,04/27/2025 00:01:26,31.27,3630.08,,,,,
6233,04/27/2025 00:02:26,31.27,3838.72,,,,,
6234,04/27/2025 00:03:26,31.36,3770.88,,,,,
6235,04/27/2025 00:04:26,31.31,3800.32,,,,,
6236,04/27/2025 00:05:26,31.27,3580.16,,,,,
6237,04/27/2025 00:06:26,31.31,3563.52,,,,,
6238,04/27/2025 00:07:26,31.27,3407.36,,,,,
6239,04/27/2025 00:08:26,31.27,3697.92,,,,,
6240,04/27/2025 00:09:26,31.27,3845.12,,,,,
6241,04/27/2025 00:10:26,31.31,3802.88,,,,,
6242,04/27/2025 00:11:26,31.31,3374.08,,,,,
6243,04/27/2025 00:12:26,31.36,2784.00,,,,,
6244,04/27/2025 00:13:26,31.27,2168.32,,,,,
6245,04/27/2025 00:14:26,31.23,1584.64,,,,,
6246,04/27/2025 00:15:26,31.23,1418.24,,,,,
6247,04/27/2025 00:16:26,31.19,1525.12,,,,,
6248,04/27/2025 00:17:26,31.23,1620.48,,,,,
6249,04/27/2025 00:18:26,31.23,1754.24,,,,,
6250,04/27/2025 00:19:26,31.23,1832.96,,,,,
6251,04/27/2025 00:20:26,31.23,1865.60,,,,,
6252,04/27/2025 00:21:26,31.19,1859.20,,,,,
6253,04/27/2025 00:22:26,31.23,1803.52,,,,,
6254,04/27/2025 00:23:26,31.23,1731.20,,,,,
6255,04/27/2025 00:24:26,31.19,1647.36,,,,,
6256,04/27/2025 00:25:26,31.23,1541.12,,,,,
6257,04/27/2025 00:26:26,31.23,1441.28,,,,,
6258,04/27/2025 00:27:26,31.19,1342.72,,,,,
6259,04/27/2025 00:28:26,31.14,1277.76,,,,,
6260,04/27/2025 00:29:26,31.14,1228.48,,,,,
6261,04/27/2025 00:30:26,31.14,1196.48,,,,,
6262,04/27/2025 00:31:26,31.14,1177.60,,,,,
6263,04/27/2025 00:32:26,31.19,1170.24,,,,,
6264,04/27/2025 00:33:26,31.14,1179.20,,,,,
6265,04/27/2025 00:34:26,31.14,1211.20,,,,,
6266,04/27/2025 00:35:26,31.19,1266.24,,,,,
6267,04/27/2025 00:36:26,31.19,1324.16,,,,,
6268,04/27/2025 00:37:26,31.14,1383.68,,,,,
6269,04/27/2025 00:38:26,31.14,1426.56,,,,,
6270,04/27/2025 00:39:26,31.19,1461.76,,,,,
6271,04/27/2025 00:40:26,31.19,1514.88,,,,,
6272,04/27/2025 00:41:26,31.14,1541.12,,,,,
6273,04/27/2025 00:42:26,31.10,1553.28,,,,,
6274,04/27/2025 00:43:26,31.14,1564.80,,,,,
6275,04/27/2025 00:44:26,31.10,1587.20,,,,,
6276,04/27/2025 00:45:26,31.10,1600.00,,,,,
6277,04/27/2025 00:46:26,31.14,1605.76,,,,,
6278,04/27/2025 00:47:26,31.14,1610.24,,,,,
6279,04/27/2025 00:48:26,31.10,1616.00,,,,,
6280,04/27/2025 00:49:26,31.14,1614.08,,,,,
6281,04/27/2025 00:50:26,31.19,1588.48,,,,,
6282,04/27/2025 00:51:26,31.14,1550.08,,,,,
6283,04/27/2025 00:52:26,31.06,1508.48,,,,,
6284,04/27/2025 00:53:26,31.14,1479.04,,,,,
6285,04/27/2025 00:54:26,31.06,1446.40,,,,,
6286,04/27/2025 00:55:26,31.10,1420.80,,,,,
6287,04/27/2025 00:56:26,31.06,1392.64,,,,,
6288,04/27/2025 00:57:26,31.10,1365.12,,,,,
6289,04/27/2025 00:58:26,31.06,1338.88,,,,,
6290,04/27/2025 00:59:26,31.06,1314.56,,,,,
6291,04/27/2025 01:00:26,31.06,1298.24,,,,,
6292,04/27/2025 01:01:26,31.06,1285.12,,,,,
6293,04/27/2025 01:02:26,31.06,1265.28,,,,,
6294,04/27/2025 01:03:26,31.01,1228.48,,,,,
6295,04/27/2025 01:04:26,31.01,1192.32,,,,,
6296,04/27/2025 01:05:26,31.01,1158.08,,,,,
6297,04/27/2025 01:06:26,31.06,1129.28,,,,,
6298,04/27/2025 01:07:26,31.06,1110.40,,,,,
6299,04/27/2025 01:08:26,31.01,1089.28,,,,,
6300,04/27/2025 01:09:26,31.01,1060.48,,,,,
6301,04/27/2025 01:10:26,31.01,1019.52,,,,,
6302,04/27/2025 01:11:26,31.01,975.36,,,,,
6303,04/27/2025 01:12:26,31.06,929.60,,,,,
6304,04/27/2025 01:13:26,30.97,882.88,,,,,
6305,04/27/2025 01:14:26,31.01,846.08,,,,,
6306,04/27/2025 01:15:26,31.01,798.40,,,,,
6307,04/27/2025 01:16:26,31.01,754.88,,,,,
6308,04/27/2025 01:17:26,31.01,726.08,,,,,
6309,04/27/2025 01:18:26,31.01,694.08,,,,,
6310,04/27/2025 01:19:26,30.97,666.56,,,,,
6311,04/27/2025 01:20:26,31.01,642.88,,,,,
6312,04/27/2025 01:21:26,30.93,620.00,,,,,
6313,04/27/2025 01:22:26,31.01,595.04,,,,,
6314,04/27/2025 01:23:26,31.01,585.12,,,,,
6315,04/27/2025 01:24:26,30.97,578.56,,,,,
6316,04/27/2025 01:25:26,30.97,530.24,,,,,
6317,04/27/2025 01:26:26,30.93,526.56,,,,,
6318,04/27/2025 01:27:26,30.93,488.96,,,,,
6319,04/27/2025 01:28:26,30.97,462.72,,,,,
6320,04/27/2025 01:29:26,30.93,496.32,,,,,
6321,04/27/2025 01:30:26,30.93,490.56,,,,,
6322,04/27/2025 01:31:26,30.93,466.72,,,,,
6323,04/27/2025 01:32:26,30.97,435.20,,,,,
6324,04/27/2025 01:33:26,30.89,405.76,,,,,
6325,04/27/2025 01:34:26,30.97,388.64,,,,,
6326,04/27/2025 01:35:26,30.93,386.08,,,,,
6327,04/27/2025 01:36:26,30.89,348.00,,,,,
6328,04/27/2025 01:37:26,30.89,344.80,,,,,
6329,04/27/2025 01:38:26,30.89,348.00,,,,,
6330,04/27/2025 01:39:26,30.89,353.12,,,,,
6331,04/27/2025 01:40:26,30.93,337.44,,,,,
6332,04/27/2025 01:41:26,30.89,314.48,,,,,
6333,04/27/2025 01:42:26,30.93,292.96,,,,,
6334,04/27/2025 01:43:26,30.93,267.60,,,,,
6335,04/27/2025 01:44:26,30.93,259.20,,,,,
6336,04/27/2025 01:45:26,30.97,256.72,,,,,
6337,04/27/2025 01:46:26,30.93,246.88,,,,,
6338,04/27/2025 01:47:26,30.89,236.24,,,,,
6339,04/27/2025 01:48:26,30.93,222.96,,,,,
6340,04/27/2025 01:49:26,30.89,215.60,,,,,
6341,04/27/2025 01:50:26,30.93,207.36,,,,,
6342,04/27/2025 01:51:26,30.93,198.40,,,,,
6343,04/27/2025 01:52:26,30.93,183.44,,,,,
6344,04/27/2025 01:53:26,30.93,170.32,,,,,
6345,04/27/2025 01:54:26,30.93,163.68,,,,,
6346,04/27/2025 01:55:26,30.89,153.88,,,,,
6347,04/27/2025 01:56:26,30.89,146.40,,,,,
6348,04/27/2025 01:57:26,30.93,137.40,,,,,
6349,04/27/2025 01:58:26,30.89,125.08,,,,,
6350,04/27/2025 01:59:26,30.84,111.08,,,,,
6351,04/27/2025 02:00:26,30.84,100.32,,,,,
6352,04/27/2025 02:01:26,30.89,88.04,,,,,
6353,04/27/2025 02:02:26,30.84,76.48,,,,,
6354,04/27/2025 02:03:26,30.89,64.54,,,,,
6355,04/27/2025 02:04:26,30.84,57.12,,,,,
6356,04/27/2025 02:05:26,30.84,50.98,,,,,
6357,04/27/2025 02:06:26,30.84,45.60,,,,,
6358,04/27/2025 02:07:26,30.84,40.69,,,,,
6359,04/27/2025 02:08:26,30.84,36.96,,,,,
6360,04/27/2025 02:09:26,30.89,32.40,,,,,
6361,04/27/2025 02:10:26,30.84,27.08,,,,,
6362,04/27/2025 02:11:26,30.84,23.75,,,,,
6363,04/27/2025 02:12:26,30.80,20.29,,,,,
6364,04/27/2025 02:13:26,30.84,17.61,,,,,
6365,04/27/2025 02:14:26,30.80,15.15,,,,,
6366,04/27/2025 02:15:26,30.80,13.10,,,,,
6367,04/27/2025 02:16:26,30.80,10.23,,,,,
6368,04/27/2025 02:17:26,30.84,8.80,,,,,
6369,04/27/2025 02:18:26,30.80,7.78,,,,,
6370,04/27/2025 02:19:26,30.84,6.14,,,,,
6371,04/27/2025 02:20:26,30.84,4.50,,,,,
6372,04/27/2025 02:21:26,30.80,3.68,,,,,
6373,04/27/2025 02:22:26,30.76,2.66,,,,,
6374,04/27/2025 02:23:26,30.80,2.04,,,,,
6375,04/27/2025 02:24:26,30.84,1.43,,,,,
6376,04/27/2025 02:25:26,30.80,1.02,,,,,
6377,04/27/2025 02:26:26,30.76,0.81,,,,,
6378,04/27/2025 02:27:26,30.80,0.61,,,,,
6379,04/27/2025 02:28:26,30.76,0.61,,,,,
6380,04/27/2025 02:29:26,30.76,0.20,,,,,
6381,04/27/2025 02:30:26,30.80,0.20,,,,,
6382,04/27/2025 02:31:26,30.76,0.00,,,,,
6383,04/27/2025 02:32:26,30.76,0.00,,,,,
6384,04/27/2025 02:33:26,30.76,0.00,,,,,
6385,04/27/2025 02:34:26,30.76,0.00,,,,,
6386,04/27/2025 02:35:26,30.80,0.00,,,,,
6387,04/27/2025 02:36:26,30.80,0.00,,,,,
6388,04/27/2025 02:37:26,30.76,0.00,,,,,
6389,04/27/2025 02:38:26,30.80,0.00,,,,,
6390,04/27/2025 02:39:26,30.76,0.00,,,,,
6391,04/27/2025 02:40:26,30.76,0.00,,,,,
6392,04/27/2025 02:41:26,30.76,0.00,,,,,
6393,04/27/2025 02:42:26,30.76,0.00,,,,,
6394,04/27/2025 02:43:26,30.76,0.00,,,,,
6395,04/27/2025 02:44:26,30.76,0.00,,,,,
6396,04/27/2025 02:45:26,30.80,0.00,,,,,
6397,04/27/2025 02:46:26,30.71,0.00,,,,,
6398,04/27/2025 02:47:26,30.76,0.00,,,,,
6399,04/27/2025 02:48:26,30.71,0.00,,,,,
6400,04/27/2025 02:49:26,30.71,0.00,,,,,
6401,04/27/2025 02:50:26,30.76,0.00,,,,,
6402,04/27/2025 02:51:26,30.71,0.00,,,,,
6403,04/27/2025 02:52:26,30.71,0.00,,,,,
6404,04/27/2025 02:53:26,30.71,0.00,,,,,
6405,04/27/2025 02:54:26,30.71,0.00,,,,,
6406,04/27/2025 02:55:26,30.76,0.00,,,,,
6407,04/27/2025 02:56:26,30.76,0.00,,,,,
6408,04/27/2025 02:57:26,30.76,0.00,,,,,
6409,04/27/2025 02:58:26,30.76,0.00,,,,,
6410,04/27/2025 02:59:26,30.67,0.00,,,,,
6411,04/27/2025 03:00:26,30.67,0.00,,,,,
6412,04/27/2025 03:01:26,30.67,0.00,,,,,
6413,04/27/2025 03:02:26,30.71,0.00,,,,,
6414,04/27/2025 03:03:26,30.67,0.00,,,,,
6415,04/27/2025 03:04:26,30.67,0.00,,,,,
6416,04/27/2025 03:05:26,30.71,0.00,,,,,
6417,04/27/2025 03:06:26,30.71,0.00,,,,,
6418,04/27/2025 03:07:26,30.67,0.00,,,,,
6419,04/27/2025 03:08:26,30.67,0.00,,,,,
6420,04/27/2025 03:09:26,30.67,0.00,,,,,
6421,04/27/2025 03:10:26,30.67,0.00,,,,,
6422,04/27/2025 03:11:26,30.67,0.00,,,,,
6423,04/27/2025 03:12:26,30.63,0.00,,,,,
6424,04/27/2025 03:13:26,30.67,0.00,,,,,
6425,04/27/2025 03:14:26,30.67,0.00,,,,,
6426,04/27/2025 03:15:26,30.67,0.00,,,,,
6427,04/27/2025 03:16:26,30.63,0.00,,,,,
6428,04/27/2025 03:17:26,30.63,0.00,,,,,
6429,04/27/2025 03:18:26,30.63,0.00,,,,,
6430,04/27/2025 03:19:26,30.63,0.00,,,,,
6431,04/27/2025 03:20:26,30.63,0.00,,,,,
6432,04/27/2025 03:21:26,30.67,0.00,,,,,
6433,04/27/2025 03:22:26,30.63,0.00,,,,,
6434,04/27/2025 03:23:26,30.67,0.00,,,,,
6435,04/27/2025 03:24:26,30.63,0.00,,,,,
6436,04/27/2025 03:25:26,30.63,0.00,,,,,
6437,04/27/2025 03:26:26,30.63,0.00,,,,,
6438,04/27/2025 03:27:26,30.63,0.00,,,,,
6439,04/27/2025 03:28:26,30.59,0.00,,,,,
6440,04/27/2025 03:29:26,30.54,0.00,,,,,
6441,04/27/2025 03:30:26,30.59,0.00,,,,,
6442,04/27/2025 03:31:26,30.59,0.00,,,,,
6443,04/27/2025 03:32:26,30.59,0.00,,,,,
6444,04/27/2025 03:33:26,30.54,0.00,,,,,
6445,04/27/2025 03:34:26,30.54,0.00,,,,,
6446,04/27/2025 03:35:26,30.59,0.00,,,,,
6447,04/27/2025 03:36:26,30.54,0.00,,,,,
6448,04/27/2025 03:37:26,30.54,0.00,,,,,
6449,04/27/2025 03:38:26,30.54,0.00,,,,,
6450,04/27/2025 03:39:26,30.59,0.00,,,,,
6451,04/27/2025 03:40:26,30.54,0.00,,,,,
6452,04/27/2025 03:41:26,30.54,0.00,,,,,
6453,04/27/2025 03:42:26,30.54,0.00,,,,,
6454,04/27/2025 03:43:26,30.50,0.00,,,,,
6455,04/27/2025 03:44:26,30.54,0.20,,,,,
6456,04/27/2025 03:45:26,30.50,0.00,,,,,
6457,04/27/2025 03:46:26,30.54,0.00,,,,,
6458,04/27/2025 03:47:26,30.54,0.00,,,,,
6459,04/27/2025 03:48:26,30.50,0.00,,,,,
6460,04/27/2025 03:49:26,30.54,0.00,,,,,
6461,04/27/2025 03:50:26,30.46,0.00,,,,,
6462,04/27/2025 03:51:26,30.50,0.00,,,,,
6463,04/27/2025 03:52:26,30.46,0.00,,,,,
6464,04/27/2025 03:53:26,30.46,0.00,,,,,
6465,04/27/2025 03:54:26,30.46,0.00,,,,,
6466,04/27/2025 03:55:26,30.50,0.00,,,,,
6467,04/27/2025 03:56:26,30.46,0.00,,,,,
6468,04/27/2025 03:57:26,30.46,0.00,,,,,
6469,04/27/2025 03:58:26,30.46,0.00,,,,,
6470,04/27/2025 03:59:26,30.46,0.00,,,,,
6471,04/27/2025 04:00:26,30.46,0.00,,,,,
6472,04/27/2025 04:01:26,30.46,0.00,,,,,
6473,04/27/2025 04:02:26,30.41,0.00,,,,,
6474,04/27/2025 04:03:26,30.41,0.00,,,,,
6475,04/27/2025 04:04:26,30.46,0.00,,,,,
6476,04/27/2025 04:05:26,30.41,0.00,,,,,
6477,04/27/2025 04:06:26,30.41,0.00,,,,,
6478,04/27/2025 04:07:26,30.41,0.00,,,,,
6479,04/27/2025 04:08:26,30.37,0.00,,,,,
6480,04/27/2025 04:09:26,30.41,0.00,,,,,
6481,04/27/2025 04:10:26,30.37,0.00,,,,,
6482,04/27/2025 04:11:26,30.37,0.00,,,,,
6483,04/27/2025 04:12:26,30.41,0.00,,,,,
6484,04/27/2025 04:13:26,30.37,0.00,,,,,
6485,04/27/2025 04:14:26,30.41,0.00,,,,,
6486,04/27/2025 04:15:26,30.33,0.00,,,,,
6487,04/27/2025 04:16:26,30.37,0.00,,,,,
6488,04/27/2025 04:17:26,30.33,0.00,,,,,
6489,04/27/2025 04:18:26,30.33,0.00,,,,,
6490,04/27/2025 04:19:26,30.33,0.00,,,,,
6491,04/27/2025 04:20:26,30.37,0.00,,,,,
6492,04/27/2025 04:21:26,30.33,0.00,,,,,
6493,04/27/2025 04:22:26,30.37,0.00,,,,,
6494,04/27/2025 04:23:26,30.33,0.00,,,,,
6495,04/27/2025 04:24:26,30.28,0.00,,,,,
6496,04/27/2025 04:25:26,30.28,0.00,,,,,
6497,04/27/2025 04:26:26,30.33,0.00,,,,,
6498,04/27/2025 04:27:26,30.28,0.00,,,,,
6499,04/27/2025 04:28:26,30.28,0.00,,,,,
6500,04/27/2025 04:29:26,30.28,0.00,,,,,
6501,04/27/2025 04:30:26,30.28,0.00,,,,,
6502,04/27/2025 04:31:26,30.24,0.00,,,,,
6503,04/27/2025 04:32:26,30.28,0.00,,,,,
6504,04/27/2025 04:33:26,30.28,0.00,,,,,
6505,04/27/2025 04:34:26,30.24,0.00,,,,,
6506,04/27/2025 04:35:26,30.28,0.00,,,,,
6507,04/27/2025 04:36:26,30.28,0.00,,,,,
6508,04/27/2025 04:37:26,30.28,0.20,,,,,
6509,04/27/2025 04:38:26,30.24,0.00,,,,,
6510,04/27/2025 04:39:26,30.28,0.00,,,,,
6511,04/27/2025 04:40:26,30.24,0.00,,,,,
6512,04/27/2025 04:41:26,30.24,0.00,,,,,
6513,04/27/2025 04:42:26,30.24,0.00,,,,,
6514,04/27/2025 04:43:26,30.24,0.00,,,,,
6515,04/27/2025 04:44:26,30.24,0.00,,,,,
6516,04/27/2025 04:45:26,30.24,0.00,,,,,
6517,04/27/2025 04:46:26,30.24,0.00,,,,,
6518,04/27/2025 04:47:26,30.20,0.00,,,,,
6519,04/27/2025 04:48:26,30.24,0.00,,,,,
6520,04/27/2025 04:49:26,30.24,0.00,,,,,
6521,04/27/2025 04:50:26,30.20,0.00,,,,,
6522,04/27/2025 04:51:26,30.16,0.00,,,,,
6523,04/27/2025 04:52:26,30.20,0.00,,,,,
6524,04/27/2025 04:53:26,30.20,0.00,,,,,
6525,04/27/2025 04:54:26,30.16,0.00,,,,,
6526,04/27/2025 04:55:26,30.16,0.00,,,,,
6527,04/27/2025 04:56:26,30.20,0.00,,,,,
6528,04/27/2025 04:57:26,30.20,0.00,,,,,
6529,04/27/2025 04:58:26,30.16,0.00,,,,,
6530,04/27/2025 04:59:26,30.16,0.00,,,,,
6531,04/27/2025 05:00:26,30.16,0.00,,,,,
6532,04/27/2025 05:01:26,30.16,0.00,,,,,
6533,04/27/2025 05:02:26,30.16,0.00,,,,,
6534,04/27/2025 05:03:26,30.16,0.00,,,,,
6535,04/27/2025 05:04:26,30.11,0.00,,,,,
6536,04/27/2025 05:05:26,30.16,0.00,,,,,
6537,04/27/2025 05:06:26,30.11,0.00,,,,,
6538,04/27/2025 05:07:26,30.07,0.00,,,,,
6539,04/27/2025 05:08:26,30.11,0.00,,,,,
6540,04/27/2025 05:09:26,30.16,0.00,,,,,
6541,04/27/2025 05:10:26,30.07,0.00,,,,,
6542,04/27/2025 05:11:26,30.07,0.00,,,,,
6543,04/27/2025 05:12:26,30.11,0.00,,,,,
6544,04/27/2025 05:13:26,30.11,0.00,,,,,
6545,04/27/2025 05:14:26,30.11,0.00,,,,,
6546,04/27/2025 05:15:26,30.07,0.20,,,,,
6547,04/27/2025 05:16:26,30.07,0.00,,,,,
6548,04/27/2025 05:17:26,30.07,0.00,,,,,
6549,04/27/2025 05:18:26,30.07,0.00,,,,,
6550,04/27/2025 05:19:26,30.07,0.00,,,,,
6551,04/27/2025 05:20:26,30.03,0.00,,,,,
6552,04/27/2025 05:21:26,30.07,0.00,,,,,
6553,04/27/2025 05:22:26,30.07,0.00,,,,,
6554,04/27/2025 05:23:26,30.03,0.00,,,,,
6555,04/27/2025 05:24:26,30.03,0.00,,,,,
6556,04/27/2025 05:25:26,30.07,0.00,,,,,
6557,04/27/2025 05:26:26,30.07,0.00,,,,,
6558,04/27/2025 05:27:26,30.11,0.00,,,,,
6559,04/27/2025 05:28:26,30.07,0.00,,,,,
6560,04/27/2025 05:29:26,30.07,0.00,,,,,
6561,04/27/2025 05:30:26,30.07,0.00,,,,,
6562,04/27/2025 05:31:26,30.07,0.00,,,,,
6563,04/27/2025 05:32:26,30.07,0.00,,,,,
6564,04/27/2025 05:33:26,30.03,0.00,,,,,
6565,04/27/2025 05:34:26,30.03,0.00,,,,,
6566,04/27/2025 05:35:26,30.07,0.00,,,,,
6567,04/27/2025 05:36:26,30.03,0.00,,,,,
6568,04/27/2025 05:37:26,30.03,0.00,,,,,
6569,04/27/2025 05:38:26,29.98,0.00,,,,,
6570,04/27/2025 05:39:26,30.03,0.00,,,,,
6571,04/27/2025 05:40:26,30.07,0.00,,,,,
6572,04/27/2025 05:41:26,30.03,0.00,,,,,
6573,04/27/2025 05:42:26,29.98,0.00,,,,,
6574,04/27/2025 05:43:26,29.98,0.00,,,,,
6575,04/27/2025 05:44:26,30.03,0.00,,,,,
6576,04/27/2025 05:45:26,29.98,0.00,,,,,
6577,04/27/2025 05:46:26,30.03,0.00,,,,,
6578,04/27/2025 05:47:26,29.98,0.00,,,,,
6579,04/27/2025 05:48:26,29.94,0.00,,,,,
6580,04/27/2025 05:49:26,29.98,0.00,,,,,
6581,04/27/2025 05:50:26,29.98,0.00,,,,,
6582,04/27/2025 05:51:26,29.98,0.00,,,,,
6583,04/27/2025 05:52:26,29.98,0.00,,,,,
6584,04/27/2025 05:53:26,29.98,0.00,,,,,
6585,04/27/2025 05:54:26,29.98,0.00,,,,,
6586,04/27/2025 05:55:26,29.94,0.00,,,,,
6587,04/27/2025 05:56:26,29.98,0.00,,,,,
6588,04/27/2025 05:57:26,29.94,0.00,,,,,
6589,04/27/2025 05:58:26,29.94,0.00,,,,,
6590,04/27/2025 05:59:26,29.94,0.00,,,,,
6591,04/27/2025 06:00:26,29.94,0.00,,,,,
6592,04/27/2025 06:01:26,29.94,0.00,,,,,
6593,04/27/2025 06:02:26,29.94,0.00,,,,,
6594,04/27/2025 06:03:26,29.94,0.00,,,,,
6595,04/27/2025 06:04:26,29.98,0.00,,,,,
6596,04/27/2025 06:05:26,29.90,0.00,,,,,
6597,04/27/2025 06:06:26,29.90,0.00,,,,,
6598,04/27/2025 06:07:26,29.94,0.00,,,,,
6599,04/27/2025 06:08:26,29.90,0.20,,,,,
6600,04/27/2025 06:09:26,29.90,0.00,,,,,
6601,04/27/2025 06:10:26,29.94,0.00,,,,,
6602,04/27/2025 06:11:26,29.90,0.00,,,,,
6603,04/27/2025 06:12:26,29.86,0.00,,,,,
6604,04/27/2025 06:13:26,29.90,0.00,,,,,
6605,04/27/2025 06:14:26,29.86,0.00,,,,,
6606,04/27/2025 06:15:26,29.86,0.00,,,,,
6607,04/27/2025 06:16:26,29.86,0.00,,,,,
6608,04/27/2025 06:17:26,29.86,0.00,,,,,
6609,04/27/2025 06:18:26,29.86,0.00,,,,,
6610,04/27/2025 06:19:26,29.86,0.00,,,,,
6611,04/27/2025 06:20:26,29.81,0.00,,,,,
6612,04/27/2025 06:21:26,29.86,0.00,,,,,
6613,04/27/2025 06:22:26,29.81,0.00,,,,,
6614,04/27/2025 06:23:26,29.86,0.00,,,,,
6615,04/27/2025 06:24:26,29.81,0.00,,,,,
6616,04/27/2025 06:25:26,29.86,0.00,,,,,
6617,04/27/2025 06:26:26,29.81,0.00,,,,,
6618,04/27/2025 06:27:26,29.77,0.00,,,,,
6619,04/27/2025 06:28:26,29.81,0.00,,,,,
6620,04/27/2025 06:29:26,29.81,0.00,,,,,
6621,04/27/2025 06:30:26,29.81,0.00,,,,,
6622,04/27/2025 06:31:26,29.81,0.00,,,,,
6623,04/27/2025 06:32:26,29.77,0.00,,,,,
6624,04/27/2025 06:33:26,29.77,0.00,,,,,
6625,04/27/2025 06:34:26,29.77,0.00,,,,,
6626,04/27/2025 06:35:26,29.77,0.00,,,,,
6627,04/27/2025 06:36:26,29.77,0.00,,,,,
6628,04/27/2025 06:37:26,29.81,0.00,,,,,
6629,04/27/2025 06:38:26,29.77,0.00,,,,,
6630,04/27/2025 06:39:26,29.77,0.00,,,,,
6631,04/27/2025 06:40:26,29.81,0.00,,,,,
6632,04/27/2025 06:41:26,29.77,0.00,,,,,
6633,04/27/2025 06:42:26,29.73,0.00,,,,,
6634,04/27/2025 06:43:26,29.86,0.00,,,,,
6635,04/27/2025 06:44:26,29.73,0.00,,,,,
6636,04/27/2025 06:45:26,29.73,0.00,,,,,
6637,04/27/2025 06:46:26,29.77,0.20,,,,,
6638,04/27/2025 06:47:26,29.73,0.00,,,,,
6639,04/27/2025 06:48:26,29.77,0.00,,,,,
6640,04/27/2025 06:49:26,29.73,0.00,,,,,
6641,04/27/2025 06:50:26,29.77,0.00,,,,,
6642,04/27/2025 06:51:26,29.77,0.00,,,,,
6643,04/27/2025 06:52:26,29.73,0.00,,,,,
6644,04/27/2025 06:53:26,29.77,0.00,,,,,
6645,04/27/2025 06:54:26,29.77,0.00,,,,,
6646,04/27/2025 06:55:26,29.77,0.00,,,,,
6647,04/27/2025 06:56:26,29.77,0.00,,,,,
6648,04/27/2025 06:57:26,29.73,0.00,,,,,
6649,04/27/2025 06:58:26,29.73,0.00,,,,,
6650,04/27/2025 06:59:26,29.77,0.00,,,,,
6651,04/27/2025 07:00:26,29.73,0.00,,,,,
6652,04/27/2025 07:01:26,29.77,0.00,,,,,
6653,04/27/2025 07:02:26,29.77,0.00,,,,,
6654,04/27/2025 07:03:26,29.77,0.00,,,,,
6655,04/27/2025 07:04:26,29.73,0.00,,,,,
6656,04/27/2025 07:05:26,29.73,0.00,,,,,
6657,04/27/2025 07:06:26,29.68,0.00,,,,,
6658,04/27/2025 07:07:26,29.73,0.00,,,,,
6659,04/27/2025 07:08:26,29.77,0.00,,,,,
6660,04/27/2025 07:09:26,29.81,0.00,,,,,
6661,04/27/2025 07:10:26,29.73,0.00,,,,,
6662,04/27/2025 07:11:26,29.73,0.00,,,,,
6663,04/27/2025 07:12:26,29.68,0.00,,,,,
6664,04/27/2025 07:13:26,29.73,0.00,,,,,
6665,04/27/2025 07:14:26,29.68,0.00,,,,,
6666,04/27/2025 07:15:26,29.68,0.00,,,,,
6667,04/27/2025 07:16:26,29.64,0.00,,,,,
6668,04/27/2025 07:17:26,29.64,0.00,,,,,
6669,04/27/2025 07:18:26,29.64,0.00,,,,,
6670,04/27/2025 07:19:26,29.68,0.00,,,,,
6671,04/27/2025 07:20:26,29.68,0.00,,,,,
6672,04/27/2025 07:21:26,29.68,0.00,,,,,
6673,04/27/2025 07:22:26,29.73,0.00,,,,,
6674,04/27/2025 07:23:26,29.73,0.00,,,,,
6675,04/27/2025 07:24:26,29.68,0.00,,,,,
6676,04/27/2025 07:25:26,29.68,0.00,,,,,
6677,04/27/2025 07:26:26,29.68,0.00,,,,,
6678,04/27/2025 07:27:26,29.64,0.00,,,,,
6679,04/27/2025 07:28:26,29.68,0.00,,,,,
6680,04/27/2025 07:29:26,29.64,0.00,,,,,
6681,04/27/2025 07:30:26,29.64,0.00,,,,,
6682,04/27/2025 07:31:26,29.64,0.00,,,,,
6683,04/27/2025 07:32:26,29.68,0.00,,,,,
6684,04/27/2025 07:33:26,29.64,0.00,,,,,
6685,04/27/2025 07:34:26,29.64,0.00,,,,,
6686,04/27/2025 07:35:26,29.64,0.00,,,,,
6687,04/27/2025 07:36:26,29.64,0.00,,,,,
6688,04/27/2025 07:37:26,29.60,0.00,,,,,
6689,04/27/2025 07:38:26,29.68,0.00,,,,,
6690,04/27/2025 07:39:26,29.60,0.20,,,,,
6691,04/27/2025 07:40:26,29.64,0.00,,,,,
6692,04/27/2025 07:41:26,29.60,0.00,,,,,
6693,04/27/2025 07:42:26,29.64,0.00,,,,,
6694,04/27/2025 07:43:26,29.64,0.00,,,,,
6695,04/27/2025 07:44:26,29.64,0.00,,,,,
6696,04/27/2025 07:45:26,29.56,0.00,,,,,
6697,04/27/2025 07:46:26,29.64,0.00,,,,,
6698,04/27/2025 07:47:26,29.60,0.00,,,,,
6699,04/27/2025 07:48:26,29.60,0.00,,,,,
6700,04/27/2025 07:49:26,29.60,0.00,,,,,
6701,04/27/2025 07:50:26,29.60,0.00,,,,,
6702,04/27/2025 07:51:26,29.64,0.00,,,,,
6703,04/27/2025 07:52:26,29.60,0.00,,,,,
6704,04/27/2025 07:53:26,29.60,0.00,,,,,
6705,04/27/2025 07:54:26,29.56,0.00,,,,,
6706,04/27/2025 07:55:26,29.60,0.00,,,,,
6707,04/27/2025 07:56:26,29.60,0.00,,,,,
6708,04/27/2025 07:57:26,29.56,0.00,,,,,
6709,04/27/2025 07:58:26,29.56,0.00,,,,,
6710,04/27/2025 07:59:26,29.56,0.00,,,,,
6711,04/27/2025 08:00:26,29.60,0.00,,,,,
6712,04/27/2025 08:01:26,29.60,0.00,,,,,
6713,04/27/2025 08:02:26,29.56,0.00,,,,,
6714,04/27/2025 08:03:26,29.60,0.00,,,,,
6715,04/27/2025 08:04:26,29.60,0.00,,,,,
6716,04/27/2025 08:05:26,29.56,0.00,,,,,
6717,04/27/2025 08:06:26,29.56,0.00,,,,,
6718,04/27/2025 08:07:26,29.56,0.00,,,,,
6719,04/27/2025 08:08:26,29.51,0.00,,,,,
6720,04/27/2025 08:09:26,29.60,0.00,,,,,
6721,04/27/2025 08:10:26,29.51,0.00,,,,,
6722,04/27/2025 08:11:26,29.51,0.00,,,,,
6723,04/27/2025 08:12:26,29.51,0.00,,,,,
6724,04/27/2025 08:13:26,29.56,0.00,,,,,
6725,04/27/2025 08:14:26,29.51,0.00,,,,,
6726,04/27/2025 08:15:26,29.51,0.00,,,,,
6727,04/27/2025 08:16:26,29.56,0.00,,,,,
6728,04/27/2025 08:17:26,29.47,0.20,,,,,
6729,04/27/2025 08:18:26,29.56,0.00,,,,,
6730,04/27/2025 08:19:26,29.56,0.00,,,,,
6731,04/27/2025 08:20:26,29.47,0.00,,,,,
6732,04/27/2025 08:21:26,29.47,0.00,,,,,
6733,04/27/2025 08:22:26,29.47,0.00,,,,,
6734,04/27/2025 08:23:26,29.51,0.00,,,,,
6735,04/27/2025 08:24:26,29.47,0.00,,,,,
6736,04/27/2025 08:25:26,29.47,0.00,,,,,
6737,04/27/2025 08:26:26,29.47,0.00,,,,,
6738,04/27/2025 08:27:26,29.51,0.00,,,,,
6739,04/27/2025 08:28:26,29.47,0.00,,,,,
6740,04/27/2025 08:29:26,29.47,0.00,,,,,
6741,04/27/2025 08:30:26,29.51,0.00,,,,,
6742,04/27/2025 08:31:26,29.47,0.00,,,,,
6743,04/27/2025 08:32:26,29.43,0.00,,,,,
6744,04/27/2025 08:33:26,29.43,0.00,,,,,
6745,04/27/2025 08:34:26,29.47,0.00,,,,,
6746,04/27/2025 08:35:26,29.47,0.00,,,,,
6747,04/27/2025 08:36:26,29.47,0.00,,,,,
6748,04/27/2025 08:37:26,29.43,0.00,,,,,
6749,04/27/2025 08:38:26,29.43,0.00,,,,,
6750,04/27/2025 08:39:26,29.47,0.00,,,,,
6751,04/27/2025 08:40:26,29.47,0.00,,,,,
6752,04/27/2025 08:41:26,29.43,0.00,,,,,
6753,04/27/2025 08:42:26,29.43,0.00,,,,,
6754,04/27/2025 08:43:26,29.47,0.00,,,,,
6755,04/27/2025 08:44:26,29.47,0.00,,,,,
6756,04/27/2025 08:45:26,29.38,0.00,,,,,
6757,04/27/2025 08:46:26,29.43,0.00,,,,,
6758,04/27/2025 08:47:26,29.47,0.00,,,,,
6759,04/27/2025 08:48:26,29.43,0.00,,,,,
6760,04/27/2025 08:49:26,29.43,0.00,,,,,
6761,04/27/2025 08:50:26,29.38,0.00,,,,,
6762,04/27/2025 08:51:26,29.43,0.00,,,,,
6763,04/27/2025 08:52:26,29.43,0.00,,,,,
6764,04/27/2025 08:53:26,29.43,0.00,,,,,
6765,04/27/2025 08:54:26,29.43,0.00,,,,,
6766,04/27/2025 08:55:26,29.43,0.20,,,,,
6767,04/27/2025 08:56:26,29.38,0.00,,,,,
6768,04/27/2025 08:57:26,29.38,0.00,,,,,
6769,04/27/2025 08:58:26,29.38,0.00,,,,,
6770,04/27/2025 08:59:26,29.38,0.00,,,,,
6771,04/27/2025 09:00:26,29.38,0.00,,,,,
6772,04/27/2025 09:01:26,29.38,0.00,,,,,
6773,04/27/2025 09:02:26,29.38,0.00,,,,,
6774,04/27/2025 09:03:26,29.38,0.00,,,,,
6775,04/27/2025 09:04:26,29.38,0.00,,,,,
6776,04/27/2025 09:05:26,29.43,0.00,,,,,
6777,04/27/2025 09:06:26,29.38,0.00,,,,,
6778,04/27/2025 09:07:26,29.34,0.00,,,,,
6779,04/27/2025 09:08:26,29.38,0.00,,,,,
6780,04/27/2025 09:09:26,29.34,0.00,,,,,
6781,04/27/2025 09:10:26,29.34,0.20,,,,,
6782,04/27/2025 09:11:26,29.38,0.00,,,,,
6783,04/27/2025 09:12:26,29.34,0.00,,,,,
6784,04/27/2025 09:13:26,29.38,0.00,,,,,
6785,04/27/2025 09:14:26,29.38,0.00,,,,,
6786,04/27/2025 09:15:26,29.38,0.00,,,,,
6787,04/27/2025 09:16:26,29.38,0.00,,,,,
6788,04/27/2025 09:17:26,29.38,0.00,,,,,
6789,04/27/2025 09:18:26,29.38,0.00,,,,,
6790,04/27/2025 09:19:26,29.34,0.00,,,,,
6791,04/27/2025 09:20:26,29.38,0.00,,,,,
6792,04/27/2025 09:21:26,29.38,0.00,,,,,
6793,04/27/2025 09:22:26,29.34,0.00,,,,,
6794,04/27/2025 09:23:26,29.34,0.00,,,,,
6795,04/27/2025 09:24:26,29.34,0.00,,,,,
6796,04/27/2025 09:25:26,29.34,0.00,,,,,
6797,04/27/2025 09:26:26,29.34,0.00,,,,,
6798,04/27/2025 09:27:26,29.34,0.00,,,,,
6799,04/27/2025 09:28:26,29.34,0.00,,,,,
6800,04/27/2025 09:29:26,29.38,0.00,,,,,
6801,04/27/2025 09:30:26,29.34,0.00,,,,,
6802,04/27/2025 09:31:26,29.34,0.00,,,,,
6803,04/27/2025 09:32:26,29.30,0.00,,,,,
6804,04/27/2025 09:33:26,29.34,0.00,,,,,
6805,04/27/2025 09:34:26,29.34,0.00,,,,,
6806,04/27/2025 09:35:26,29.34,0.00,,,,,
6807,04/27/2025 09:36:26,29.34,0.00,,,,,
6808,04/27/2025 09:37:26,29.34,0.00,,,,,
6809,04/27/2025 09:38:26,29.34,0.00,,,,,
6810,04/27/2025 09:39:26,29.30,0.00,,,,,
6811,04/27/2025 09:40:26,29.34,0.00,,,,,
6812,04/27/2025 09:41:26,29.34,0.00,,,,,
6813,04/27/2025 09:42:26,29.30,0.00,,,,,
6814,04/27/2025 09:43:26,29.30,0.00,,,,,
6815,04/27/2025 09:44:26,29.34,0.00,,,,,
6816,04/27/2025 09:45:26,29.30,0.00,,,,,
6817,04/27/2025 09:46:26,29.30,0.00,,,,,
6818,04/27/2025 09:47:26,29.30,0.00,,,,,
6819,04/27/2025 09:48:26,29.34,0.20,,,,,
6820,04/27/2025 09:49:26,29.30,0.00,,,,,
6821,04/27/2025 09:50:26,29.30,0.00,,,,,
6822,04/27/2025 09:51:26,29.30,0.00,,,,,
6823,04/27/2025 09:52:26,29.30,0.00,,,,,
6824,04/27/2025 09:53:26,29.30,0.00,,,,,
6825,04/27/2025 09:54:26,29.30,0.00,,,,,
6826,04/27/2025 09:55:26,29.30,0.00,,,,,
6827,04/27/2025 09:56:26,29.26,0.00,,,,,
6828,04/27/2025 09:57:26,29.26,0.00,,,,,
6829,04/27/2025 09:58:26,29.26,0.00,,,,,
6830,04/27/2025 09:59:26,29.26,0.00,,,,,
6831,04/27/2025 10:00:26,29.26,0.00,,,,,
6832,04/27/2025 10:01:26,29.26,0.00,,,,,
6833,04/27/2025 10:02:26,29.30,0.00,,,,,
6834,04/27/2025 10:03:26,29.26,0.00,,,,,
6835,04/27/2025 10:04:26,29.26,0.00,,,,,
6836,04/27/2025 10:05:26,29.26,0.00,,,,,
6837,04/27/2025 10:06:26,29.26,0.00,,,,,
6838,04/27/2025 10:07:26,29.26,0.00,,,,,
6839,04/27/2025 10:08:26,29.26,0.00,,,,,
6840,04/27/2025 10:09:26,29.26,0.00,,,,,
6841,04/27/2025 10:10:26,29.26,0.00,,,,,
6842,04/27/2025 10:11:26,29.26,0.00,,,,,
6843,04/27/2025 10:12:26,29.26,0.00,,,,,
6844,04/27/2025 10:13:26,29.26,0.00,,,,,
6845,04/27/2025 10:14:26,29.26,0.00,,,,,
6846,04/27/2025 10:15:26,29.21,0.00,,,,,
6847,04/27/2025 10:16:26,29.26,0.00,,,,,
6848,04/27/2025 10:17:26,29.21,0.00,,,,,
6849,04/27/2025 10:18:26,29.26,0.00,,,,,
6850,04/27/2025 10:19:26,29.26,0.00,,,,,
6851,04/27/2025 10:20:26,29.26,0.00,,,,,
6852,04/27/2025 10:21:26,29.26,0.00,,,,,
6853,04/27/2025 10:22:26,29.30,0.00,,,,,
6854,04/27/2025 10:23:26,29.21,0.00,,,,,
6855,04/27/2025 10:24:26,29.26,0.00,,,,,
6856,04/27/2025 10:25:26,29.21,0.00,,,,,
6857,04/27/2025 10:26:26,29.26,0.00,,,,,
6858,04/27/2025 10:27:26,29.26,0.00,,,,,
6859,04/27/2025 10:28:26,29.21,0.00,,,,,
6860,04/27/2025 10:29:26,29.21,0.00,,,,,
6861,04/27/2025 10:30:26,29.30,0.00,,,,,
6862,04/27/2025 10:31:26,29.26,0.00,,,,,
6863,04/27/2025 10:32:26,29.26,0.00,,,,,
6864,04/27/2025 10:33:26,29.21,0.00,,,,,
6865,04/27/2025 10:34:26,29.26,0.00,,,,,
6866,04/27/2025 10:35:26,29.21,0.00,,,,,
6867,04/27/2025 10:36:26,29.26,0.00,,,,,
6868,04/27/2025 10:37:26,29.26,0.00,,,,,
6869,04/27/2025 10:38:26,29.17,0.00,,,,,
6870,04/27/2025 10:39:26,29.26,0.00,,,,,
6871,04/27/2025 10:40:26,29.17,0.00,,,,,
6872,04/27/2025 10:41:26,29.17,0.20,,,,,
6873,04/27/2025 10:42:26,29.21,0.00,,,,,
6874,04/27/2025 10:43:26,29.17,0.00,,,,,
6875,04/27/2025 10:44:26,29.17,0.00,,,,,
6876,04/27/2025 10:45:26,29.21,0.00,,,,,
6877,04/27/2025 10:46:26,29.21,0.00,,,,,
6878,04/27/2025 10:47:26,29.17,0.00,,,,,
6879,04/27/2025 10:48:26,29.17,0.00,,,,,
6880,04/27/2025 10:49:26,29.21,0.00,,,,,
6881,04/27/2025 10:50:26,29.17,0.00,,,,,
6882,04/27/2025 10:51:26,29.21,0.00,,,,,
6883,04/27/2025 10:52:26,29.21,0.00,,,,,
6884,04/27/2025 10:53:26,29.21,0.00,,,,,
6885,04/27/2025 10:54:26,29.21,0.00,,,,,
6886,04/27/2025 10:55:26,29.21,0.00,,,,,
6887,04/27/2025 10:56:26,29.17,0.00,,,,,
6888,04/27/2025 10:57:26,29.17,0.00,,,,,
6889,04/27/2025 10:58:26,29.17,0.00,,,,,
6890,04/27/2025 10:59:26,29.21,0.00,,,,,
6891,04/27/2025 11:00:26,29.17,0.00,,,,,
6892,04/27/2025 11:01:26,29.17,0.00,,,,,
6893,04/27/2025 11:02:26,29.17,0.00,,,,,
6894,04/27/2025 11:03:26,29.17,0.00,,,,,
6895,04/27/2025 11:04:26,29.17,0.00,,,,,
6896,04/27/2025 11:05:26,29.13,0.00,,,,,
6897,04/27/2025 11:06:26,29.17,1.43,,,,,
6898,04/27/2025 11:07:26,29.17,0.00,,,,,
6899,04/27/2025 11:08:26,29.17,0.00,,,,,
6900,04/27/2025 11:09:26,29.17,0.00,,,,,
6901,04/27/2025 11:10:26,29.17,0.00,,,,,
6902,04/27/2025 11:11:26,29.17,0.00,,,,,
6903,04/27/2025 11:12:26,29.17,0.00,,,,,
6904,04/27/2025 11:13:26,29.17,0.00,,,,,
6905,04/27/2025 11:14:26,29.17,0.00,,,,,
6906,04/27/2025 11:15:26,29.13,0.00,,,,,
6907,04/27/2025 11:16:26,29.17,0.00,,,,,
6908,04/27/2025 11:17:26,29.08,0.00,,,,,
6909,04/27/2025 11:18:26,29.08,0.00,,,,,
6910,04/27/2025 11:19:26,29.13,0.20,,,,,
6911,04/27/2025 11:20:26,29.13,0.00,,,,,
6912,04/27/2025 11:21:26,29.13,0.00,,,,,
6913,04/27/2025 11:22:26,29.13,0.00,,,,,
6914,04/27/2025 11:23:26,29.13,0.00,,,,,
6915,04/27/2025 11:24:26,29.08,0.00,,,,,
6916,04/27/2025 11:25:26,29.17,0.00,,,,,
6917,04/27/2025 11:26:26,29.13,0.00,,,,,
6918,04/27/2025 11:27:26,29.17,0.00,,,,,
6919,04/27/2025 11:28:26,29.13,0.00,,,,,
6920,04/27/2025 11:29:26,29.13,0.00,,,,,
6921,04/27/2025 11:30:26,29.13,0.00,,,,,
6922,04/27/2025 11:31:26,29.13,0.00,,,,,
6923,04/27/2025 11:32:26,29.13,0.00,,,,,
6924,04/27/2025 11:33:26,29.13,0.00,,,,,
6925,04/27/2025 11:34:26,29.17,0.00,,,,,
6926,04/27/2025 11:35:26,29.13,0.00,,,,,
6927,04/27/2025 11:36:26,29.17,0.00,,,,,
6928,04/27/2025 11:37:26,29.13,0.00,,,,,
6929,04/27/2025 11:38:26,29.17,0.00,,,,,
6930,04/27/2025 11:39:26,29.13,0.00,,,,,
6931,04/27/2025 11:40:26,29.13,0.00,,,,,
6932,04/27/2025 11:41:26,29.17,0.00,,,,,
6933,04/27/2025 11:42:26,29.13,0.00,,,,,
6934,04/27/2025 11:43:26,29.13,0.00,,,,,
6935,04/27/2025 11:44:26,29.13,0.00,,,,,
6936,04/27/2025 11:45:26,29.17,0.00,,,,,
6937,04/27/2025 11:46:26,29.13,0.00,,,,,
6938,04/27/2025 11:47:26,29.17,0.00,,,,,
6939,04/27/2025 11:48:26,29.13,0.00,,,,,
6940,04/27/2025 11:49:26,29.13,0.00,,,,,
6941,04/27/2025 11:50:26,29.17,0.00,,,,,
6942,04/27/2025 11:51:26,29.13,0.00,,,,,
6943,04/27/2025 11:52:26,29.17,0.00,,,,,
6944,04/27/2025 11:53:26,29.17,0.00,,,,,
6945,04/27/2025 11:54:26,29.17,0.00,,,,,
6946,04/27/2025 11:55:26,29.13,0.00,,,,,
6947,04/27/2025 11:56:26,29.17,0.00,,,,,
6948,04/27/2025 11:57:26,29.17,0.20,,,,,
6949,04/27/2025 11:58:26,29.13,0.00,,,,,
6950,04/27/2025 11:59:26,29.17,0.00,,,,,
6951,04/27/2025 12:00:26,29.21,0.00,,,,,
6952,04/27/2025 12:01:26,29.17,0.00,,,,,
6953,04/27/2025 12:02:26,29.17,0.00,,,,,
6954,04/27/2025 12:03:26,29.17,0.00,,,,,
6955,04/27/2025 12:04:26,29.21,0.00,,,,,
6956,04/27/2025 12:05:26,29.21,0.00,,,,,
6957,04/27/2025 12:06:26,29.21,0.00,,,,,
6958,04/27/2025 12:07:26,29.17,0.00,,,,,
6959,04/27/2025 12:08:26,29.17,0.00,,,,,
6960,04/27/2025 12:09:26,29.17,0.00,,,,,
6961,04/27/2025 12:10:26,29.17,0.00,,,,,
6962,04/27/2025 12:11:26,29.17,0.00,,,,,
6963,04/27/2025 12:12:26,29.17,0.00,,,,,
6964,04/27/2025 12:13:26,29.21,0.00,,,,,
6965,04/27/2025 12:14:26,29.17,0.00,,,,,
6966,04/27/2025 12:15:26,29.17,0.00,,,,,
6967,04/27/2025 12:16:26,29.26,0.00,,,,,
6968,04/27/2025 12:17:26,29.17,0.00,,,,,
6969,04/27/2025 12:18:26,29.17,0.00,,,,,
6970,04/27/2025 12:19:26,29.21,0.00,,,,,
6971,04/27/2025 12:20:26,29.17,0.00,,,,,
6972,04/27/2025 12:21:26,29.21,0.00,,,,,
6973,04/27/2025 12:22:26,29.17,0.00,,,,,
6974,04/27/2025 12:23:26,29.21,0.00,,,,,
6975,04/27/2025 12:24:26,29.17,0.00,,,,,
6976,04/27/2025 12:25:26,29.21,0.00,,,,,
6977,04/27/2025 12:26:26,29.21,0.00,,,,,
6978,04/27/2025 12:27:26,29.21,0.00,,,,,
6979,04/27/2025 12:28:26,29.17,0.00,,,,,
6980,04/27/2025 12:29:26,29.17,0.00,,,,,
6981,04/27/2025 12:30:26,29.21,0.00,,,,,
6982,04/27/2025 12:31:26,29.17,0.00,,,,,
6983,04/27/2025 12:32:26,29.21,0.00,,,,,
6984,04/27/2025 12:33:26,29.21,0.00,,,,,
6985,04/27/2025 12:34:26,29.21,0.00,,,,,
6986,04/27/2025 12:35:26,29.21,0.00,,,,,
6987,04/27/2025 12:36:26,29.21,0.00,,,,,
6988,04/27/2025 12:37:26,29.21,0.00,,,,,
6989,04/27/2025 12:38:26,29.21,0.00,,,,,
6990,04/27/2025 12:39:26,29.21,0.00,,,,,
6991,04/27/2025 12:40:26,29.21,0.00,,,,,
6992,04/27/2025 12:41:26,29.21,0.00,,,,,
6993,04/27/2025 12:42:26,29.26,0.00,,,,,
6994,04/27/2025 12:43:26,29.21,0.00,,,,,
6995,04/27/2025 12:44:26,29.21,0.00,,,,,
6996,04/27/2025 12:45:26,29.26,0.00,,,,,
6997,04/27/2025 12:46:26,29.17,0.00,,,,,
6998,04/27/2025 12:47:26,29.26,0.00,,,,,
6999,04/27/2025 12:48:26,29.26,0.00,,,,,
7000,04/27/2025 12:49:26,29.26,0.00,,,,,
7001,04/27/2025 12:50:26,29.21,0.20,,,,,
7002,04/27/2025 12:51:26,29.21,0.00,,,,,
7003,04/27/2025 12:52:26,29.21,0.00,,,,,
7004,04/27/2025 12:53:26,29.21,0.00,,,,,
7005,04/27/2025 12:54:26,29.26,0.00,,,,,
7006,04/27/2025 12:55:26,29.21,0.00,,,,,
7007,04/27/2025 12:56:26,29.21,0.00,,,,,
7008,04/27/2025 12:57:26,29.21,0.00,,,,,
7009,04/27/2025 12:58:26,29.26,0.00,,,,,
7010,04/27/2025 12:59:26,29.26,0.00,,,,,
7011,04/27/2025 13:00:26,29.26,0.00,,,,,
7012,04/27/2025 13:01:26,29.21,0.00,,,,,
7013,04/27/2025 13:02:26,29.26,0.00,,,,,
7014,04/27/2025 13:03:26,29.21,0.00,,,,,
7015,04/27/2025 13:04:26,29.26,0.00,,,,,
7016,04/27/2025 13:05:26,29.26,0.00,,,,,
7017,04/27/2025 13:06:26,29.26,0.00,,,,,
7018,04/27/2025 13:07:26,29.21,0.00,,,,,
7019,04/27/2025 13:08:26,29.21,0.00,,,,,
7020,04/27/2025 13:09:26,29.21,0.00,,,,,
7021,04/27/2025 13:10:26,29.26,0.00,,,,,
7022,04/27/2025 13:11:26,29.26,0.00,,,,,
7023,04/27/2025 13:12:26,29.26,0.00,,,,,
7024,04/27/2025 13:13:26,29.26,0.00,,,,,
7025,04/27/2025 13:14:26,29.30,0.00,,,,,
7026,04/27/2025 13:15:26,29.26,0.00,,,,,
7027,04/27/2025 13:16:26,29.26,0.00,,,,,
7028,04/27/2025 13:17:26,29.26,0.00,,,,,
7029,04/27/2025 13:18:26,29.30,0.00,,,,,
7030,04/27/2025 13:19:26,29.21,0.00,,,,,
7031,04/27/2025 13:20:26,29.26,0.00,,,,,
7032,04/27/2025 13:21:26,29.30,0.00,,,,,
7033,04/27/2025 13:22:26,29.26,0.00,,,,,
7034,04/27/2025 13:23:26,29.30,0.00,,,,,
7035,04/27/2025 13:24:26,29.26,0.00,,,,,
7036,04/27/2025 13:25:26,29.26,0.00,,,,,
7037,04/27/2025 13:26:26,29.30,0.00,,,,,
7038,04/27/2025 13:27:26,29.26,0.00,,,,,
7039,04/27/2025 13:28:26,29.30,0.40,,,,,
7040,04/27/2025 13:29:26,29.30,0.20,,,,,
7041,04/27/2025 13:30:26,29.26,0.20,,,,,
7042,04/27/2025 13:31:26,29.30,0.40,,,,,
7043,04/27/2025 13:32:26,29.26,0.61,,,,,
7044,04/27/2025 13:33:26,29.34,0.81,,,,,
7045,04/27/2025 13:34:26,29.30,1.22,,,,,
7046,04/27/2025 13:35:26,29.21,1.63,,,,,
7047,04/27/2025 13:36:26,29.30,2.25,,,,,
7048,04/27/2025 13:37:26,29.26,3.07,,,,,
7049,04/27/2025 13:38:26,29.30,4.30,,,,,
7050,04/27/2025 13:39:26,29.30,5.73,,,,,
7051,04/27/2025 13:40:26,29.26,7.57,,,,,
7052,04/27/2025 13:41:26,29.26,9.82,,,,,
7053,04/27/2025 13:42:26,29.26,12.28,,,,,
7054,04/27/2025 13:43:26,29.26,15.15,,,,,
7055,04/27/2025 13:44:26,29.30,18.01,,,,,
7056,04/27/2025 13:45:26,29.30,20.91,,,,,
7057,04/27/2025 13:46:26,29.30,24.21,,,,,
7058,04/27/2025 13:47:26,29.26,28.30,,,,,
7059,04/27/2025 13:48:26,29.26,31.63,,,,,
7060,04/27/2025 13:49:26,29.26,36.96,,,,,
7061,04/27/2025 13:50:26,29.30,42.32,,,,,
7062,04/27/2025 13:51:26,29.26,49.34,,,,,
7063,04/27/2025 13:52:26,29.26,57.58,,,,,
7064,04/27/2025 13:53:26,29.26,67.00,,,,,
7065,04/27/2025 13:54:26,29.30,78.10,,,,,
7066,04/27/2025 13:55:26,29.30,90.48,,,,,
7067,04/27/2025 13:56:26,29.30,106.96,,,,,
7068,04/27/2025 13:57:26,29.30,125.92,,,,,
7069,04/27/2025 13:58:26,29.30,146.48,,,,,
7070,04/27/2025 13:59:26,29.30,169.52,,,,,
7071,04/27/2025 14:00:26,29.30,194.32,,,,,
7072,04/27/2025 14:01:26,29.26,219.04,,,,,
7073,04/27/2025 14:02:26,29.30,247.76,,,,,
7074,04/27/2025 14:03:26,29.34,274.16,,,,,
7075,04/27/2025 14:04:26,29.34,303.84,,,,,
7076,04/27/2025 14:05:26,29.30,334.08,,,,,
7077,04/27/2025 14:06:26,29.30,364.80,,,,,
7078,04/27/2025 14:07:26,29.30,398.40,,,,,
7079,04/27/2025 14:08:26,29.26,435.20,,,,,
7080,04/27/2025 14:09:26,29.30,474.24,,,,,
7081,04/27/2025 14:10:26,29.30,517.12,,,,,
7082,04/27/2025 14:11:26,29.30,560.64,,,,,
7083,04/27/2025 14:12:26,29.30,601.92,,,,,
7084,04/27/2025 14:13:26,29.30,642.08,,,,,
7085,04/27/2025 14:14:26,29.34,680.00,,,,,
7086,04/27/2025 14:15:26,29.34,716.80,,,,,
7087,04/27/2025 14:16:26,29.34,749.44,,,,,
7088,04/27/2025 14:17:26,29.30,778.88,,,,,
7089,04/27/2025 14:18:26,29.34,803.20,,,,,
7090,04/27/2025 14:19:26,29.30,823.68,,,,,
7091,04/27/2025 14:20:26,29.34,840.96,,,,,
7092,04/27/2025 14:21:26,29.30,857.28,,,,,
7093,04/27/2025 14:22:26,29.34,872.00,,,,,
7094,04/27/2025 14:23:26,29.34,890.88,,,,,
7095,04/27/2025 14:24:26,29.34,905.60,,,,,
7096,04/27/2025 14:25:26,29.38,921.28,,,,,
7097,04/27/2025 14:26:26,29.30,937.60,,,,,
7098,04/27/2025 14:27:26,29.30,957.44,,,,,
7099,04/27/2025 14:28:26,29.34,973.76,,,,,
7100,04/27/2025 14:29:26,29.34,991.68,,,,,
7101,04/27/2025 14:30:26,29.38,997.44,,,,,
7102,04/27/2025 14:31:26,29.38,1000.64,,,,,
7103,04/27/2025 14:32:26,29.34,999.04,,,,,
7104,04/27/2025 14:33:26,29.34,994.24,,,,,
7105,04/27/2025 14:34:26,29.34,994.24,,,,,
7106,04/27/2025 14:35:26,29.43,987.52,,,,,
7107,04/27/2025 14:36:26,29.38,984.32,,,,,
7108,04/27/2025 14:37:26,29.38,976.96,,,,,
7109,04/27/2025 14:38:26,29.38,976.96,,,,,
7110,04/27/2025 14:39:26,29.38,975.36,,,,,
7111,04/27/2025 14:40:26,29.38,976.32,,,,,
7112,04/27/2025 14:41:26,29.43,976.96,,,,,
7113,04/27/2025 14:42:26,29.38,975.36,,,,,
7114,04/27/2025 14:43:26,29.38,977.92,,,,,
7115,04/27/2025 14:44:26,29.43,978.56,,,,,
7116,04/27/2025 14:45:26,29.34,978.56,,,,,
7117,04/27/2025 14:46:26,29.43,990.08,,,,,
7118,04/27/2025 14:47:26,29.38,994.88,,,,,
7119,04/27/2025 14:48:26,29.38,998.40,,,,,
7120,04/27/2025 14:49:26,29.38,1008.00,,,,,
7121,04/27/2025 14:50:26,29.38,1019.52,,,,,
7122,04/27/2025 14:51:26,29.38,1030.40,,,,,
7123,04/27/2025 14:52:26,29.43,1035.20,,,,,
7124,04/27/2025 14:53:26,29.38,1038.40,,,,,
7125,04/27/2025 14:54:26,29.43,1036.80,,,,,
7126,04/27/2025 14:55:26,29.43,1041.60,,,,,
7127,04/27/2025 14:56:26,29.38,1026.24,,,,,
7128,04/27/2025 14:57:26,29.43,1002.24,,,,,
7129,04/27/2025 14:58:26,29.43,1009.92,,,,,
7130,04/27/2025 14:59:26,29.38,1002.24,,,,,
7131,04/27/2025 15:00:26,29.38,1002.24,,,,,
7132,04/27/2025 15:01:26,29.43,985.28,,,,,
7133,04/27/2025 15:02:26,29.43,981.12,,,,,
7134,04/27/2025 15:03:26,29.38,986.88,,,,,
7135,04/27/2025 15:04:26,29.43,1004.16,,,,,
7136,04/27/2025 15:05:26,29.43,1030.40,,,,,
7137,04/27/2025 15:06:26,29.43,1055.68,,,,,
7138,04/27/2025 15:07:26,29.43,1091.52,,,,,
7139,04/27/2025 15:08:26,29.47,1183.36,,,,,
7140,04/27/2025 15:09:26,29.43,1221.76,,,,,
7141,04/27/2025 15:10:26,29.47,1225.92,,,,,
7142,04/27/2025 15:11:26,29.47,1268.48,,,,,
7143,04/27/2025 15:12:26,29.43,1298.24,,,,,
7144,04/27/2025 15:13:26,29.47,1324.80,,,,,
7145,04/27/2025 15:14:26,29.43,1374.72,,,,,
7146,04/27/2025 15:15:26,29.47,1374.08,,,,,
7147,04/27/2025 15:16:26,29.43,1358.72,,,,,
7148,04/27/2025 15:17:26,29.51,1359.36,,,,,
7149,04/27/2025 15:18:26,29.43,1433.60,,,,,
7150,04/27/2025 15:19:26,29.51,1411.84,,,,,
7151,04/27/2025 15:20:26,29.47,1424.64,,,,,
7152,04/27/2025 15:21:26,29.47,1391.36,,,,,
7153,04/27/2025 15:22:26,29.51,1341.44,,,,,
7154,04/27/2025 15:23:26,29.47,1326.72,,,,,
7155,04/27/2025 15:24:26,29.47,1310.72,,,,,
7156,04/27/2025 15:25:26,29.47,1285.12,,,,,
7157,04/27/2025 15:26:26,29.51,1271.04,,,,,
7158,04/27/2025 15:27:26,29.47,1268.48,,,,,
7159,04/27/2025 15:28:26,29.43,1274.24,,,,,
7160,04/27/2025 15:29:26,29.47,1290.56,,,,,
7161,04/27/2025 15:30:26,29.47,1320.96,,,,,
7162,04/27/2025 15:31:26,29.47,1335.04,,,,,
7163,04/27/2025 15:32:26,29.47,1348.48,,,,,
7164,04/27/2025 15:33:26,29.47,1374.08,,,,,
7165,04/27/2025 15:34:26,29.51,1444.48,,,,,
7166,04/27/2025 15:35:26,29.56,1429.76,,,,,
7167,04/27/2025 15:36:26,29.51,1424.64,,,,,
7168,04/27/2025 15:37:26,29.56,1446.40,,,,,
7169,04/27/2025 15:38:26,29.47,1532.80,,,,,
7170,04/27/2025 15:39:26,29.47,1559.04,,,,,
7171,04/27/2025 15:40:26,29.47,1610.24,,,,,
7172,04/27/2025 15:41:26,29.51,1632.64,,,,,
7173,04/27/2025 15:42:26,29.51,1617.92,,,,,
7174,04/27/2025 15:43:26,29.51,1624.96,,,,,
7175,04/27/2025 15:44:26,29.51,1664.00,,,,,
7176,04/27/2025 15:45:26,29.51,1665.92,,,,,
7177,04/27/2025 15:46:26,29.56,1673.60,,,,,
7178,04/27/2025 15:47:26,29.56,1637.76,,,,,
7179,04/27/2025 15:48:26,29.47,1642.88,,,,,
7180,04/27/2025 15:49:26,29.51,1652.48,,,,,
7181,04/27/2025 15:50:26,29.56,1664.00,,,,,
7182,04/27/2025 15:51:26,29.51,1693.44,,,,,
7183,04/27/2025 15:52:26,29.51,1699.84,,,,,
7184,04/27/2025 15:53:26,29.56,1726.08,,,,,
7185,04/27/2025 15:54:26,29.56,1760.64,,,,,
7186,04/27/2025 15:55:26,29.56,1845.76,,,,,
7187,04/27/2025 15:56:26,29.56,1929.60,,,,,
7188,04/27/2025 15:57:26,29.60,1898.24,,,,,
7189,04/27/2025 15:58:26,29.56,2058.88,,,,,
7190,04/27/2025 15:59:26,29.60,2114.56,,,,,
7191,04/27/2025 16:00:26,29.56,2145.92,,,,,
7192,04/27/2025 16:01:26,29.60,2232.32,,,,,
7193,04/27/2025 16:02:26,29.60,2252.16,,,,,
7194,04/27/2025 16:03:26,29.60,2316.16,,,,,
7195,04/27/2025 16:04:26,29.64,2366.72,,,,,
7196,04/27/2025 16:05:26,29.60,2407.68,,,,,
7197,04/27/2025 16:06:26,29.60,2447.36,,,,,
7198,04/27/2025 16:07:26,29.60,2483.20,,,,,
7199,04/27/2025 16:08:26,29.64,2501.12,,,,,
7200,04/27/2025 16:09:26,29.60,2522.24,,,,,
7201,04/27/2025 16:10:26,29.60,2533.76,,,,,
7202,04/27/2025 16:11:26,29.60,2510.72,,,,,
7203,04/27/2025 16:12:26,29.60,2547.20,,,,,
7204,04/27/2025 16:13:26,29.64,2558.72,,,,,
7205,04/27/2025 16:14:26,29.64,2560.00,,,,,
7206,04/27/2025 16:15:26,29.64,2535.68,,,,,
7207,04/27/2025 16:16:26,29.68,2532.48,,,,,
7208,04/27/2025 16:17:26,29.64,2514.56,,,,,
7209,04/27/2025 16:18:26,29.64,2489.60,,,,,
7210,04/27/2025 16:19:26,29.60,2463.36,,,,,
7211,04/27/2025 16:20:26,29.64,2409.60,,,,,
7212,04/27/2025 16:21:26,29.68,2392.96,,,,,
7213,04/27/2025 16:22:26,29.68,2339.20,,,,,
7214,04/27/2025 16:23:26,29.68,2600.96,,,,,
7215,04/27/2025 16:24:26,29.68,3001.60,,,,,
7216,04/27/2025 16:25:26,29.68,2858.24,,,,,
7217,04/27/2025 16:26:26,29.68,2483.20,,,,,
7218,04/27/2025 16:27:26,29.64,2117.76,,,,,
7219,04/27/2025 16:28:26,29.64,1870.72,,,,,
7220,04/27/2025 16:29:26,29.64,1922.56,,,,,
7221,04/27/2025 16:30:26,29.64,1904.64,,,,,
7222,04/27/2025 16:31:26,29.64,1971.84,,,,,
7223,04/27/2025 16:32:26,29.64,2030.72,,,,,
7224,04/27/2025 16:33:26,29.68,2178.56,,,,,
7225,04/27/2025 16:34:26,29.68,2067.20,,,,,
7226,04/27/2025 16:35:26,29.64,1948.80,,,,,
7227,04/27/2025 16:36:26,29.64,2161.92,,,,,
7228,04/27/2025 16:37:26,29.64,1973.76,,,,,
7229,04/27/2025 16:38:26,29.68,2001.28,,,,,
7230,04/27/2025 16:39:26,29.68,2108.16,,,,,
7231,04/27/2025 16:40:26,29.68,2224.00,,,,,
7232,04/27/2025 16:41:26,29.68,2339.20,,,,,
7233,04/27/2025 16:42:26,29.73,2599.68,,,,,
7234,04/27/2025 16:43:26,29.73,2741.76,,,,,
7235,04/27/2025 16:44:26,29.68,2688.00,,,,,
7236,04/27/2025 16:45:26,29.73,2576.64,,,,,
7237,04/27/2025 16:46:26,29.73,2734.08,,,,,
7238,04/27/2025 16:47:26,29.73,2694.40,,,,,
7239,04/27/2025 16:48:26,29.73,2609.28,,,,,
7240,04/27/2025 16:49:26,29.73,2581.12,,,,,
7241,04/27/2025 16:50:26,29.73,2723.84,,,,,
7242,04/27/2025 16:51:26,29.77,2836.48,,,,,
7243,04/27/2025 16:52:26,29.77,3050.24,,,,,
7244,04/27/2025 16:53:26,29.73,3279.36,,,,,
7245,04/27/2025 16:54:26,29.73,3138.56,,,,,
7246,04/27/2025 16:55:26,29.77,3445.76,,,,,
7247,04/27/2025 16:56:26,29.77,3845.12,,,,,
7248,04/27/2025 16:57:26,29.77,3527.68,,,,,
7249,04/27/2025 16:58:26,29.77,3432.96,,,,,
7250,04/27/2025 16:59:26,29.81,3298.56,,,,,
7251,04/27/2025 17:00:26,29.81,3275.52,,,,,
7252,04/27/2025 17:01:26,29.81,2919.68,,,,,
7253,04/27/2025 17:02:26,29.81,2940.16,,,,,
7254,04/27/2025 17:03:26,29.77,2978.56,,,,,
7255,04/27/2025 17:04:26,29.81,2959.36,,,,,
7256,04/27/2025 17:05:26,29.77,2968.32,,,,,
7257,04/27/2025 17:06:26,29.81,2986.24,,,,,
7258,04/27/2025 17:07:26,29.81,2965.76,,,,,
7259,04/27/2025 17:08:26,29.81,3302.40,,,,,
7260,04/27/2025 17:09:26,29.86,3445.76,,,,,
7261,04/27/2025 17:10:26,29.81,3331.84,,,,,
7262,04/27/2025 17:11:26,29.86,3180.80,,,,,
7263,04/27/2025 17:12:26,29.86,3133.44,,,,,
7264,04/27/2025 17:13:26,29.81,3018.24,,,,,
7265,04/27/2025 17:14:26,29.86,3294.72,,,,,
7266,04/27/2025 17:15:26,29.86,3262.72,,,,,
7267,04/27/2025 17:16:26,29.81,3036.16,,,,,
7268,04/27/2025 17:17:26,29.86,3023.36,,,,,
7269,04/27/2025 17:18:26,29.86,2986.24,,,,,
7270,04/27/2025 17:19:26,29.81,2864.64,,,,,
7271,04/27/2025 17:20:26,29.81,2807.04,,,,,
7272,04/27/2025 17:21:26,29.86,2805.76,,,,,
7273,04/27/2025 17:22:26,29.90,2818.56,,,,,
7274,04/27/2025 17:23:26,29.86,2810.88,,,,,
7275,04/27/2025 17:24:26,29.86,2737.92,,,,,
7276,04/27/2025 17:25:26,29.86,2760.96,,,,,
7277,04/27/2025 17:26:26,29.81,2860.80,,,,,
7278,04/27/2025 17:27:26,29.86,2846.72,,,,,
7279,04/27/2025 17:28:26,29.81,2912.00,,,,,
7280,04/27/2025 17:29:26,29.86,3121.92,,,,,
7281,04/27/2025 17:30:26,29.86,3183.36,,,,,
7282,04/27/2025 17:31:26,29.86,3146.24,,,,,
7283,04/27/2025 17:32:26,29.90,3146.24,,,,,
7284,04/27/2025 17:33:26,29.86,3221.76,,,,,
7285,04/27/2025 17:34:26,29.90,3315.20,,,,,
7286,04/27/2025 17:35:26,29.86,3668.48,,,,,
7287,04/27/2025 17:36:26,29.90,3829.76,,,,,
7288,04/27/2025 17:37:26,29.94,3724.80,,,,,
7289,04/27/2025 17:38:26,29.94,3701.76,,,,,
7290,04/27/2025 17:39:26,29.90,3662.08,,,,,
7291,04/27/2025 17:40:26,29.90,3645.44,,,,,
7292,04/27/2025 17:41:26,29.90,3674.88,,,,,
7293,04/27/2025 17:42:26,29.94,3682.56,,,,,
7294,04/27/2025 17:43:26,29.94,3750.40,,,,,
7295,04/27/2025 17:44:26,29.98,3953.92,,,,,
7296,04/27/2025 17:45:26,29.90,4078.08,,,,,
7297,04/27/2025 17:46:26,29.94,4065.28,,,,,
7298,04/27/2025 17:47:26,29.98,4730.88,,,,,
7299,04/27/2025 17:48:26,30.03,4680.96,,,,,
7300,04/27/2025 17:49:26,29.94,4500.48,,,,,
7301,04/27/2025 17:50:26,29.98,4468.48,,,,,
7302,04/27/2025 17:51:26,29.98,4304.64,,,,,
7303,04/27/2025 17:52:26,30.07,4218.88,,,,,
7304,04/27/2025 17:53:26,29.98,4323.84,,,,,
7305,04/27/2025 17:54:26,29.94,4544.00,,,,,
7306,04/27/2025 17:55:26,30.03,4821.76,,,,,
7307,04/27/2025 17:56:26,30.03,5021.44,,,,,
7308,04/27/2025 17:57:26,30.03,5319.68,,,,,
7309,04/27/2025 17:58:26,30.03,5565.44,,,,,
7310,04/27/2025 17:59:26,30.07,5803.52,,,,,
7311,04/27/2025 18:00:26,30.07,5601.28,,,,,
7312,04/27/2025 18:01:26,30.07,5511.68,,,,,
7313,04/27/2025 18:02:26,30.07,5271.04,,,,,
7314,04/27/2025 18:03:26,30.11,5591.04,,,,,
7315,04/27/2025 18:04:26,30.07,5534.72,,,,,
7316,04/27/2025 18:05:26,30.07,4920.32,,,,,
7317,04/27/2025 18:06:26,30.03,4294.40,,,,,
7318,04/27/2025 18:07:26,30.07,3947.52,,,,,
7319,04/27/2025 18:08:26,30.07,3845.12,,,,,
7320,04/27/2025 18:09:26,30.11,3838.72,,,,,
7321,04/27/2025 18:10:26,30.07,3223.04,,,,,
7322,04/27/2025 18:11:26,30.03,3229.44,,,,,
7323,04/27/2025 18:12:26,30.03,3124.48,,,,,
7324,04/27/2025 18:13:26,29.98,3374.08,,,,,
7325,04/27/2025 18:14:26,30.03,3888.64,,,,,
7326,04/27/2025 18:15:26,30.07,3192.32,,,,,
7327,04/27/2025 18:16:26,30.07,3443.20,,,,,
7328,04/27/2025 18:17:26,30.07,3361.28,,,,,
7329,04/27/2025 18:18:26,30.03,3308.80,,,,,
7330,04/27/2025 18:19:26,30.07,3485.44,,,,,
7331,04/27/2025 18:20:26,30.03,3950.08,,,,,
7332,04/27/2025 18:21:26,30.03,4458.24,,,,,
7333,04/27/2025 18:22:26,30.11,3720.96,,,,,
7334,04/27/2025 18:23:26,30.11,3630.08,,,,,
7335,04/27/2025 18:24:26,30.07,4153.60,,,,,
7336,04/27/2025 18:25:26,30.07,4248.32,,,,,
7337,04/27/2025 18:26:26,30.07,5132.80,,,,,
7338,04/27/2025 18:27:26,30.11,4622.08,,,,,
7339,04/27/2025 18:28:26,30.11,4933.12,,,,,
7340,04/27/2025 18:29:26,30.16,4576.00,,,,,
7341,04/27/2025 18:30:26,30.11,4609.28,,,,,
7342,04/27/2025 18:31:26,30.16,4989.44,,,,,
7343,04/27/2025 18:32:26,30.11,4523.52,,,,,
7344,04/27/2025 18:33:26,30.11,4172.80,,,,,
7345,04/27/2025 18:34:26,30.11,3979.52,,,,,
7346,04/27/2025 18:35:26,30.16,4002.56,,,,,
7347,04/27/2025 18:36:26,30.11,4344.32,,,,,
7348,04/27/2025 18:37:26,30.16,4176.64,,,,,
7349,04/27/2025 18:38:26,30.11,4281.60,,,,,
7350,04/27/2025 18:39:26,30.16,4376.32,,,,,
7351,04/27/2025 18:40:26,30.16,4707.84,,,,,
7352,04/27/2025 18:41:26,30.16,4998.40,,,,,
7353,04/27/2025 18:42:26,30.20,5358.08,,,,,
7354,04/27/2025 18:43:26,30.20,5706.24,,,,,
7355,04/27/2025 18:44:26,30.20,5793.28,,,,,
7356,04/27/2025 18:45:26,30.24,5821.44,,,,,
7357,04/27/2025 18:46:26,30.24,5821.44,,,,,
7358,04/27/2025 18:47:26,30.24,6420.48,,,,,
7359,04/27/2025 18:48:26,30.24,6328.32,,,,,
7360,04/27/2025 18:49:26,30.28,6382.08,,,,,
7361,04/27/2025 18:50:26,30.28,6794.24,,,,,
7362,04/27/2025 18:51:26,30.33,7298.56,,,,,
7363,04/27/2025 18:52:26,30.28,7311.36,,,,,
7364,04/27/2025 18:53:26,30.33,6853.12,,,,,
7365,04/27/2025 18:54:26,30.24,6366.72,,,,,
7366,04/27/2025 18:55:26,30.33,6187.52,,,,,
7367,04/27/2025 18:56:26,30.33,6400.00,,,,,
7368,04/27/2025 18:57:26,30.28,6522.88,,,,,
7369,04/27/2025 18:58:26,30.33,6394.88,,,,,
7370,04/27/2025 18:59:26,30.33,6187.52,,,,,
7371,04/27/2025 19:00:26,30.33,5813.76,,,,,
7372,04/27/2025 19:01:26,30.28,5675.52,,,,,
7373,04/27/2025 19:02:26,30.24,5012.48,,,,,
7374,04/27/2025 19:03:26,30.28,5972.48,,,,,
7375,04/27/2025 19:04:26,30.28,6184.96,,,,,
7376,04/27/2025 19:05:26,30.33,6878.72,,,,,
7377,04/27/2025 19:06:26,30.33,7672.32,,,,,
7378,04/27/2025 19:07:26,30.37,7441.92,,,,,
7379,04/27/2025 19:08:26,30.33,7324.16,,,,,
7380,04/27/2025 19:09:26,30.33,7114.24,,,,,
7381,04/27/2025 19:10:26,30.37,7651.84,,,,,
7382,04/27/2025 19:11:26,30.37,7777.28,,,,,
7383,04/27/2025 19:12:26,30.41,7710.72,,,,,
7384,04/27/2025 19:13:26,30.41,7441.92,,,,,
7385,04/27/2025 19:14:26,30.41,7500.80,,,,,
7386,04/27/2025 19:15:26,30.41,7664.64,,,,,
7387,04/27/2025 19:16:26,30.46,7685.12,,,,,
7388,04/27/2025 19:17:26,30.41,7651.84,,,,,
7389,04/27/2025 19:18:26,30.46,7777.28,,,,,
7390,04/27/2025 19:19:26,30.46,7815.68,,,,,
7391,04/27/2025 19:20:26,30.41,8058.88,,,,,
7392,04/27/2025 19:21:26,30.46,7383.04,,,,,
7393,04/27/2025 19:22:26,30.46,7744.00,,,,,
7394,04/27/2025 19:23:26,30.41,7651.84,,,,,
7395,04/27/2025 19:24:26,30.46,7651.84,,,,,
7396,04/27/2025 19:25:26,30.54,8294.40,,,,,
7397,04/27/2025 19:26:26,30.54,8181.76,,,,,
7398,04/27/2025 19:27:26,30.46,7861.76,,,,,
7399,04/27/2025 19:28:26,30.54,7710.72,,,,,
7400,04/27/2025 19:29:26,30.50,7769.60,,,,,
7401,04/27/2025 19:30:26,30.54,8110.08,,,,,
7402,04/27/2025 19:31:26,30.59,8332.80,,,,,
7403,04/27/2025 19:32:26,30.54,8084.48,,,,,
7404,04/27/2025 19:33:26,30.54,7861.76,,,,,
7405,04/27/2025 19:34:26,30.54,7946.24,,,,,
7406,04/27/2025 19:35:26,30.59,8104.96,,,,,
7407,04/27/2025 19:36:26,30.59,7966.72,,,,,
7408,04/27/2025 19:37:26,30.59,7802.88,,,,,
7409,04/27/2025 19:38:26,30.63,7572.48,,,,,
7410,04/27/2025 19:39:26,30.54,7495.68,,,,,
7411,04/27/2025 19:40:26,30.59,7600.64,,,,,
7412,04/27/2025 19:41:26,30.59,7782.40,,,,,
7413,04/27/2025 19:42:26,30.59,8202.24,,,,,
7414,04/27/2025 19:43:26,30.59,8555.52,,,,,
7415,04/27/2025 19:44:26,30.59,8798.72,,,,,
7416,04/27/2025 19:45:26,30.63,7915.52,,,,,
7417,04/27/2025 19:46:26,30.59,7521.28,,,,,
7418,04/27/2025 19:47:26,30.67,7731.20,,,,,
7419,04/27/2025 19:48:26,30.63,8294.40,,,,,
7420,04/27/2025 19:49:26,30.63,8025.60,,,,,
7421,04/27/2025 19:50:26,30.63,7869.44,,,,,
7422,04/27/2025 19:51:26,30.59,7096.32,,,,,
7423,04/27/2025 19:52:26,30.63,7795.20,,,,,
7424,04/27/2025 19:53:26,30.67,7390.72,,,,,
7425,04/27/2025 19:54:26,30.63,7454.72,,,,,
7426,04/27/2025 19:55:26,30.59,8286.72,,,,,
7427,04/27/2025 19:56:26,30.67,8701.44,,,,,
7428,04/27/2025 19:57:26,30.71,11110.40,,,,,
7429,04/27/2025 19:58:26,30.76,12579.84,,,,,
7430,04/27/2025 19:59:26,30.76,12037.12,,,,,
7431,04/27/2025 20:00:26,30.76,10042.88,,,,,
7432,04/27/2025 20:01:26,30.76,12487.68,,,,,
7433,04/27/2025 20:02:26,30.76,11223.04,,,,,
7434,04/27/2025 20:03:26,30.80,10880.00,,,,,
7435,04/27/2025 20:04:26,30.80,13214.72,,,,,
7436,04/27/2025 20:05:26,30.84,11304.96,,,,,
7437,04/27/2025 20:06:26,30.80,11110.40,,,,,
7438,04/27/2025 20:07:26,30.80,10849.28,,,,,
7439,04/27/2025 20:08:26,30.71,8235.52,,,,,
7440,04/27/2025 20:09:26,30.80,8865.28,,,,,
7441,04/27/2025 20:10:26,30.76,8038.40,,,,,
7442,04/27/2025 20:11:26,30.76,8601.60,,,,,
7443,04/27/2025 20:12:26,30.76,9848.32,,,,,
7444,04/27/2025 20:13:26,30.80,10506.24,,,,,
7445,04/27/2025 20:14:26,30.80,9533.44,,,,,
7446,04/27/2025 20:15:26,30.71,8373.76,,,,,
7447,04/27/2025 20:16:26,30.76,8458.24,,,,,
7448,04/27/2025 20:17:26,30.80,10828.80,,,,,
7449,04/27/2025 20:18:26,30.76,9676.80,,,,,
7450,04/27/2025 20:19:26,30.76,10823.68,,,,,
7451,04/27/2025 20:20:26,30.76,9710.08,,,,,
7452,04/27/2025 20:21:26,30.76,10552.32,,,,,
7453,04/27/2025 20:22:26,30.80,11535.36,,,,,
7454,04/27/2025 20:23:26,30.84,17356.80,,,,,
7455,04/27/2025 20:24:26,30.93,13255.68,,,,,
7456,04/27/2025 20:25:26,30.97,13378.56,,,,,
7457,04/27/2025 20:26:26,30.89,10096.64,,,,,
7458,04/27/2025 20:27:26,31.06,18391.04,,,,,
7459,04/27/2025 20:28:26,31.01,14520.32,,,,,
7460,04/27/2025 20:29:26,30.97,10741.76,,,,,
7461,04/27/2025 20:30:26,30.89,9344.00,,,,,
7462,04/27/2025 20:31:26,30.97,12088.32,,,,,
7463,04/27/2025 20:32:26,30.89,12062.72,,,,,
7464,04/27/2025 20:33:26,30.93,11432.96,,,,,
7465,04/27/2025 20:34:26,30.97,13634.56,,,,,
7466,04/27/2025 20:35:26,30.97,11914.24,,,,,
7467,04/27/2025 20:36:26,30.97,9617.92,,,,,
7468,04/27/2025 20:37:26,30.89,9415.68,,,,,
7469,04/27/2025 20:38:26,30.89,9479.68,,,,,
7470,04/27/2025 20:39:26,30.84,11719.68,,,,,
7471,04/27/2025 20:40:26,30.93,12462.08,,,,,
7472,04/27/2025 20:41:26,30.93,11432.96,,,,,
7473,04/27/2025 20:42:26,30.97,11130.88,,,,,
7474,04/27/2025 20:43:26,30.93,15626.24,,,,,
7475,04/27/2025 20:44:26,31.01,16471.04,,,,,
7476,04/27/2025 20:45:26,31.01,16000.00,,,,,
7477,04/27/2025 20:46:26,31.06,18457.60,,,,,
7478,04/27/2025 20:47:26,31.14,15728.64,,,,,
7479,04/27/2025 20:48:26,31.14,13900.80,,,,,
7480,04/27/2025 20:49:26,31.01,11888.64,,,,,
7481,04/27/2025 20:50:26,31.06,14981.12,,,,,
7482,04/27/2025 20:51:26,31.06,16803.84,,,,,
7483,04/27/2025 20:52:26,31.14,12042.24,,,,,
7484,04/27/2025 20:53:26,30.97,9192.96,,,,,
7485,04/27/2025 20:54:26,30.93,13163.52,,,,,
7486,04/27/2025 20:55:26,31.06,13824.00,,,,,
7487,04/27/2025 20:56:26,31.01,9689.60,,,,,
7488,04/27/2025 20:57:26,30.97,10012.16,,,,,
7489,04/27/2025 20:58:26,31.06,12298.24,,,,,
7490,04/27/2025 20:59:26,31.06,12252.16,,,,,
7491,04/27/2025 21:00:26,31.01,12840.96,,,,,
7492,04/27/2025 21:01:26,31.06,11340.80,,,,,
7493,04/27/2025 21:02:26,31.01,12072.96,,,,,
7494,04/27/2025 21:03:26,31.01,11484.16,,,,,
7495,04/27/2025 21:04:26,31.06,16911.36,,,,,
7496,04/27/2025 21:05:26,31.10,16547.84,,,,,
7497,04/27/2025 21:06:26,31.14,12564.48,,,,,
7498,04/27/2025 21:07:26,31.10,12559.36,,,,,
7499,04/27/2025 21:08:26,31.19,19194.88,,,,,
7500,04/27/2025 21:09:26,31.23,18478.08,,,,,
7501,04/27/2025 21:10:26,31.14,11653.12,,,,,
7502,04/27/2025 21:11:26,31.14,10030.08,,,,,
7503,04/27/2025 21:12:26,31.10,9205.76,,,,,
7504,04/27/2025 21:13:26,31.10,12605.44,,,,,
7505,04/27/2025 21:14:26,31.14,16399.36,,,,,
7506,04/27/2025 21:15:26,31.23,18421.76,,,,,
7507,04/27/2025 21:16:26,31.27,19614.72,,,,,
7508,04/27/2025 21:17:26,31.31,21063.68,,,,,
7509,04/27/2025 21:18:26,31.31,22599.68,,,,,
7510,04/27/2025 21:19:26,31.40,23930.88,,,,,
7511,04/27/2025 21:20:26,31.40,23982.08,,,,,
7512,04/27/2025 21:21:26,31.44,23398.40,,,,,
7513,04/27/2025 21:22:26,31.49,21934.08,,,,,
7514,04/27/2025 21:23:26,31.44,21749.76,,,,,
7515,04/27/2025 21:24:26,31.53,21340.16,,,,,
7516,04/27/2025 21:25:26,31.44,17894.40,,,,,
7517,04/27/2025 21:26:26,31.36,17172.48,,,,,
7518,04/27/2025 21:27:26,31.36,14653.44,,,,,
7519,04/27/2025 21:28:26,31.31,14909.44,,,,,
7520,04/27/2025 21:29:26,31.40,16322.56,,,,,
7521,04/27/2025 21:30:26,31.36,16465.92,,,,,
7522,04/27/2025 21:31:26,31.36,17986.56,,,,,
7523,04/27/2025 21:32:26,31.44,18667.52,,,,,
7524,04/27/2025 21:33:26,31.44,18278.40,,,,,
7525,04/27/2025 21:34:26,31.44,17720.32,,,,,
7526,04/27/2025 21:35:26,31.44,17320.96,,,,,
7527,04/27/2025 21:36:26,31.49,17018.88,,,,,
7528,04/27/2025 21:37:26,31.49,16645.12,,,,,
7529,04/27/2025 21:38:26,31.44,16588.80,,,,,
7530,04/27/2025 21:39:26,31.44,16286.72,,,,,
7531,04/27/2025 21:40:26,31.44,15836.16,,,,,
7532,04/27/2025 21:41:26,31.44,15508.48,,,,,
7533,04/27/2025 21:42:26,31.44,14300.16,,,,,
7534,04/27/2025 21:43:26,31.44,13491.20,,,,,
7535,04/27/2025 21:44:26,31.36,13808.64,,,,,
7536,04/27/2025 21:45:26,31.36,13445.12,,,,,
7537,04/27/2025 21:46:26,31.36,12451.84,,,,,
7538,04/27/2025 21:47:26,31.36,13071.36,,,,,
7539,04/27/2025 21:48:26,31.31,12646.40,,,,,
7540,04/27/2025 21:49:26,31.27,11898.88,,,,,
7541,04/27/2025 21:50:26,31.31,11950.08,,,,,
7542,04/27/2025 21:51:26,31.31,12866.56,,,,,
7543,04/27/2025 21:52:26,31.31,11924.48,,,,,
7544,04/27/2025 21:53:26,31.31,11699.20,,,,,
7545,04/27/2025 21:54:26,31.31,11059.20,,,,,
7546,04/27/2025 21:55:26,31.27,10920.96,,,,,
7547,04/27/2025 21:56:26,31.27,10828.80,,,,,
7548,04/27/2025 21:57:26,31.23,10135.04,,,,,
7549,04/27/2025 21:58:26,31.27,11059.20,,,,,
7550,04/27/2025 21:59:26,31.31,11468.80,,,,,
7551,04/27/2025 22:00:26,31.27,11535.36,,,,,
7552,04/27/2025 22:01:26,31.27,11816.96,,,,,
7553,04/27/2025 22:02:26,31.31,11417.60,,,,,
7554,04/27/2025 22:03:26,31.31,10787.84,,,,,
7555,04/27/2025 22:04:26,31.27,10101.76,,,,,
7556,04/27/2025 22:05:26,31.23,10273.28,,,,,
7557,04/27/2025 22:06:26,31.23,10227.20,,,,,
7558,04/27/2025 22:07:26,31.19,9899.52,,,,,
7559,04/27/2025 22:08:26,31.23,8496.64,,,,,
7560,04/27/2025 22:09:26,31.19,8273.92,,,,,
7561,04/27/2025 22:10:26,31.23,8419.84,,,,,
7562,04/27/2025 22:11:26,31.14,8386.56,,,,,
7563,04/27/2025 22:12:26,31.19,8117.76,,,,,
7564,04/27/2025 22:13:26,31.19,7528.96,,,,,
7565,04/27/2025 22:14:26,31.14,7790.08,,,,,
7566,04/27/2025 22:15:26,31.10,8130.56,,,,,
7567,04/27/2025 22:16:26,31.14,7319.04,,,,,
7568,04/27/2025 22:17:26,31.06,8419.84,,,,,
7569,04/27/2025 22:18:26,31.10,10222.08,,,,,
7570,04/27/2025 22:19:26,31.19,11617.28,,,,,
7571,04/27/2025 22:20:26,31.14,10058.24,,,,,
7572,04/27/2025 22:21:26,31.23,7836.16,,,,,
7573,04/27/2025 22:22:26,31.19,10042.88,,,,,
7574,04/27/2025 22:23:26,31.14,7895.04,,,,,
7575,04/27/2025 22:24:26,31.14,7677.44,,,,,
7576,04/27/2025 22:25:26,31.10,5918.72,,,,,
7577,04/27/2025 22:26:26,31.06,5591.04,,,,,
7578,04/27/2025 22:27:26,31.06,5486.08,,,,,
7579,04/27/2025 22:28:26,31.01,5452.80,,,,,
7580,04/27/2025 22:29:26,31.01,5506.56,,,,,
7581,04/27/2025 22:30:26,31.06,5603.84,,,,,
7582,04/27/2025 22:31:26,31.01,5765.12,,,,,
7583,04/27/2025 22:32:26,31.06,5908.48,,,,,
7584,04/27/2025 22:33:26,31.01,6115.84,,,,,
7585,04/27/2025 22:34:26,31.06,6241.28,,,,,
7586,04/27/2025 22:35:26,31.01,6246.40,,,,,
7587,04/27/2025 22:36:26,31.06,6384.64,,,,,
7588,04/27/2025 22:37:26,31.10,6400.00,,,,,
7589,04/27/2025 22:38:26,31.06,6389.76,,,,,
7590,04/27/2025 22:39:26,31.01,6382.08,,,,,
7591,04/27/2025 22:40:26,31.01,6376.96,,,,,
7592,04/27/2025 22:41:26,31.06,6389.76,,,,,
7593,04/27/2025 22:42:26,31.01,6476.80,,,,,
7594,04/27/2025 22:43:26,31.10,6448.64,,,,,
7595,04/27/2025 22:44:26,31.01,6807.04,,,,,
7596,04/27/2025 22:45:26,31.06,7037.44,,,,,
7597,04/27/2025 22:46:26,31.06,7063.04,,,,,
7598,04/27/2025 22:47:26,31.06,5094.40,,,,,
7599,04/27/2025 22:48:26,31.06,6635.52,,,,,
7600,04/27/2025 22:49:26,31.01,5527.04,,,,,
7601,04/27/2025 22:50:26,31.01,6013.44,,,,,
7602,04/27/2025 22:51:26,31.10,5862.40,,,,,
7603,04/27/2025 22:52:26,31.01,5624.32,,,,,
7604,04/27/2025 22:53:26,31.01,5826.56,,,,,
7605,04/27/2025 22:54:26,31.01,5058.56,,,,,
7606,04/27/2025 22:55:26,31.01,5035.52,,,,,
7607,04/27/2025 22:56:26,30.97,5044.48,,,,,
7608,04/27/2025 22:57:26,30.97,5029.12,,,,,
7609,04/27/2025 22:58:26,30.97,5025.28,,,,,
7610,04/27/2025 22:59:26,30.93,5208.32,,,,,
7611,04/27/2025 23:00:26,30.97,5427.20,,,,,
7612,04/27/2025 23:01:26,31.01,5570.56,,,,,
7613,04/27/2025 23:02:26,30.97,6277.12,,,,,
7614,04/27/2025 23:03:26,31.01,7285.76,,,,,
7615,04/27/2025 23:04:26,31.06,6904.32,,,,,
7616,04/27/2025 23:05:26,31.01,6504.96,,,,,
7617,04/27/2025 23:06:26,31.01,6172.16,,,,,
7618,04/27/2025 23:07:26,31.01,6049.28,,,,,
7619,04/27/2025 23:08:26,31.01,5839.36,,,,,
7620,04/27/2025 23:09:26,31.01,5826.56,,,,,
7621,04/27/2025 23:10:26,31.01,5708.80,,,,,
7622,04/27/2025 23:11:26,31.01,5939.20,,,,,
7623,04/27/2025 23:12:26,30.97,5862.40,,,,,
7624,04/27/2025 23:13:26,31.01,5931.52,,,,,
7625,04/27/2025 23:14:26,30.97,6118.40,,,,,
7626,04/27/2025 23:15:26,31.01,7383.04,,,,,
7627,04/27/2025 23:16:26,31.06,6620.16,,,,,
7628,04/27/2025 23:17:26,31.06,6305.28,,,,,
7629,04/27/2025 23:18:26,31.06,6044.16,,,,,
7630,04/27/2025 23:19:26,30.97,5388.80,,,,,
7631,04/27/2025 23:20:26,31.01,5608.96,,,,,
7632,04/27/2025 23:21:26,31.01,5511.68,,,,,
7633,04/27/2025 23:22:26,30.97,5376.00,,,,,
7634,04/27/2025 23:23:26,30.97,4737.28,,,,,
7635,04/27/2025 23:24:26,30.97,4651.52,,,,,
7636,04/27/2025 23:25:26,30.93,4084.48,,,,,
7637,04/27/2025 23:26:26,30.93,4245.76,,,,,
7638,04/27/2025 23:27:26,30.93,3878.40,,,,,
7639,04/27/2025 23:28:26,30.93,3674.88,,,,,
7640,04/27/2025 23:29:26,30.97,3590.40,,,,,
7641,04/27/2025 23:30:26,30.93,3544.32,,,,,
7642,04/27/2025 23:31:26,30.93,3508.48,,,,,
7643,04/27/2025 23:32:26,30.89,3491.84,,,,,
7644,04/27/2025 23:33:26,30.89,3511.04,,,,,
7645,04/27/2025 23:34:26,30.89,3537.92,,,,,
7646,04/27/2025 23:35:26,30.84,3584.00,,,,,
7647,04/27/2025 23:36:26,30.89,3636.48,,,,,
7648,04/27/2025 23:37:26,30.89,3662.08,,,,,
7649,04/27/2025 23:38:26,30.89,3712.00,,,,,
7650,04/27/2025 23:39:26,30.84,3767.04,,,,,
7651,04/27/2025 23:40:26,30.84,3838.72,,,,,
7652,04/27/2025 23:41:26,30.84,3914.24,,,,,
7653,04/27/2025 23:42:26,30.89,3983.36,,,,,
7654,04/27/2025 23:43:26,30.89,4046.08,,,,,
7655,04/27/2025 23:44:26,30.84,4090.88,,,,,
7656,04/27/2025 23:45:26,30.93,4101.12,,,,,
7657,04/27/2025 23:46:26,30.93,4117.76,,,,,
7658,04/27/2025 23:47:26,30.93,4117.76,,,,,
7659,04/27/2025 23:48:26,30.93,4130.56,,,,,
7660,04/27/2025 23:49:26,30.84,4140.80,,,,,
7661,04/27/2025 23:50:26,30.89,4147.20,,,,,
7662,04/27/2025 23:51:26,30.93,4160.00,,,,,
7663,04/27/2025 23:52:26,30.93,4121.60,,,,,
7664,04/27/2025 23:53:26,30.93,4195.84,,,,,
7665,04/27/2025 23:54:26,30.97,4218.88,,,,,
7666,04/27/2025 23:55:26,30.89,4271.36,,,,,
7667,04/27/2025 23:56:26,30.89,4314.88,,,,,
7668,04/27/2025 23:57:26,30.97,4317.44,,,,,
7669,04/27/2025 23:58:26,30.93,4229.12,,,,,
7670,04/27/2025 23:59:26,30.93,4195.84,,,,,
7671,04/28/2025 00:00:26,30.93,4160.00,,,,,
7672,04/28/2025 00:01:26,30.89,4065.28,,,,,
7673,04/28/2025 00:02:26,30.89,3901.44,,,,,
7674,04/28/2025 00:03:26,30.84,3779.84,,,,,
7675,04/28/2025 00:04:26,30.89,3619.84,,,,,
7676,04/28/2025 00:05:26,30.89,3596.80,,,,,
7677,04/28/2025 00:06:26,30.84,3491.84,,,,,
7678,04/28/2025 00:07:26,30.84,3288.32,,,,,
7679,04/28/2025 00:08:26,30.84,3150.08,,,,,
7680,04/28/2025 00:09:26,30.80,2993.92,,,,,
7681,04/28/2025 00:10:26,30.84,2869.76,,,,,
7682,04/28/2025 00:11:26,30.84,2773.76,,,,,
7683,04/28/2025 00:12:26,30.89,2713.60,,,,,
7684,04/28/2025 00:13:26,30.84,2699.52,,,,,
7685,04/28/2025 00:14:26,30.80,2677.76,,,,,
7686,04/28/2025 00:15:26,30.80,2682.88,,,,,
7687,04/28/2025 00:16:26,30.84,2693.12,,,,,
7688,04/28/2025 00:17:26,30.84,2705.92,,,,,
7689,04/28/2025 00:18:26,30.80,2705.92,,,,,
7690,04/28/2025 00:19:26,30.76,2711.04,,,,,
7691,04/28/2025 00:20:26,30.80,2700.80,,,,,
7692,04/28/2025 00:21:26,30.76,2685.44,,,,,
7693,04/28/2025 00:22:26,30.76,2654.72,,,,,
7694,04/28/2025 00:23:26,30.80,2643.20,,,,,
7695,04/28/2025 00:24:26,30.80,2640.64,,,,,
7696,04/28/2025 00:25:26,30.80,2638.08,,,,,
7697,04/28/2025 00:26:26,30.80,2614.40,,,,,
7698,04/28/2025 00:27:26,30.80,2583.04,,,,,
7699,04/28/2025 00:28:26,30.76,2540.16,,,,,
7700,04/28/2025 00:29:26,30.80,2491.52,,,,,
7701,04/28/2025 00:30:26,30.76,2421.12,,,,,
7702,04/28/2025 00:31:26,30.80,2348.80,,,,,
7703,04/28/2025 00:32:26,30.80,2275.20,,,,,
7704,04/28/2025 00:33:26,30.76,2209.28,,,,,
7705,04/28/2025 00:34:26,30.76,2147.20,,,,,
7706,04/28/2025 00:35:26,30.71,2088.32,,,,,
7707,04/28/2025 00:36:26,30.76,2042.24,,,,,
7708,04/28/2025 00:37:26,30.71,2000.00,,,,,
7709,04/28/2025 00:38:26,30.76,1963.52,,,,,
7710,04/28/2025 00:39:26,30.76,1937.92,,,,,
7711,04/28/2025 00:40:26,30.71,1926.40,,,,,
7712,04/28/2025 00:41:26,30.71,1914.88,,,,,
7713,04/28/2025 00:42:26,30.67,1911.68,,,,,
7714,04/28/2025 00:43:26,30.71,1907.84,,,,,
7715,04/28/2025 00:44:26,30.71,1898.24,,,,,
7716,04/28/2025 00:45:26,30.67,1883.52,,,,,
7717,04/28/2025 00:46:26,30.71,1862.40,,,,,
7718,04/28/2025 00:47:26,30.67,1845.76,,,,,
7719,04/28/2025 00:48:26,30.71,1811.20,,,,,
7720,04/28/2025 00:49:26,30.71,1781.76,,,,,
7721,04/28/2025 00:50:26,30.67,1757.44,,,,,
7722,04/28/2025 00:51:26,30.67,1737.60,,,,,
7723,04/28/2025 00:52:26,30.71,1721.60,,,,,
7724,04/28/2025 00:53:26,30.67,1713.28,,,,,
7725,04/28/2025 00:54:26,30.67,1722.88,,,,,
7726,04/28/2025 00:55:26,30.67,1747.84,,,,,
7727,04/28/2025 00:56:26,30.67,1768.96,,,,,
7728,04/28/2025 00:57:26,30.71,1783.68,,,,,
7729,04/28/2025 00:58:26,30.67,1795.20,,,,,
7730,04/28/2025 00:59:26,30.71,1801.60,,,,,
7731,04/28/2025 01:00:26,30.67,1796.48,,,,,
7732,04/28/2025 01:01:26,30.67,1808.00,,,,,
7733,04/28/2025 01:02:26,30.67,1859.20,,,,,
7734,04/28/2025 01:03:26,30.67,1857.28,,,,,
7735,04/28/2025 01:04:26,30.63,1863.68,,,,,
7736,04/28/2025 01:05:26,30.67,1900.16,,,,,
7737,04/28/2025 01:06:26,30.63,1844.48,,,,,
7738,04/28/2025 01:07:26,30.63,1818.24,,,,,
7739,04/28/2025 01:08:26,30.67,1795.20,,,,,
7740,04/28/2025 01:09:26,30.63,1780.48,,,,,
7741,04/28/2025 01:10:26,30.71,1755.52,,,,,
7742,04/28/2025 01:11:26,30.67,1733.12,,,,,
7743,04/28/2025 01:12:26,30.67,1703.68,,,,,
7744,04/28/2025 01:13:26,30.63,1670.40,,,,,
7745,04/28/2025 01:14:26,30.67,1642.88,,,,,
7746,04/28/2025 01:15:26,30.63,1607.68,,,,,
7747,04/28/2025 01:16:26,30.59,1560.32,,,,,
7748,04/28/2025 01:17:26,30.63,1514.88,,,,,
7749,04/28/2025 01:18:26,30.59,1472.64,,,,,
7750,04/28/2025 01:19:26,30.63,1437.44,,,,,
7751,04/28/2025 01:20:26,30.63,1418.24,,,,,
7752,04/28/2025 01:21:26,30.63,1411.84,,,,,
7753,04/28/2025 01:22:26,30.63,1386.24,,,,,
7754,04/28/2025 01:23:26,30.63,1413.12,,,,,
7755,04/28/2025 01:24:26,30.63,1479.04,,,,,
7756,04/28/2025 01:25:26,30.67,1455.36,,,,,
7757,04/28/2025 01:26:26,30.63,1377.92,,,,,
7758,04/28/2025 01:27:26,30.54,1341.44,,,,,
7759,04/28/2025 01:28:26,30.63,1305.60,,,,,
7760,04/28/2025 01:29:26,30.59,1281.60,,,,,
7761,04/28/2025 01:30:26,30.63,1262.72,,,,,
7762,04/28/2025 01:31:26,30.63,1212.80,,,,,
7763,04/28/2025 01:32:26,30.59,1160.32,,,,,
7764,04/28/2025 01:33:26,30.59,1121.28,,,,,
7765,04/28/2025 01:34:26,30.54,1109.76,,,,,
7766,04/28/2025 01:35:26,30.59,1095.68,,,,,
7767,04/28/2025 01:36:26,30.59,1089.92,,,,,
7768,04/28/2025 01:37:26,30.59,1064.64,,,,,
7769,04/28/2025 01:38:26,30.59,1017.92,,,,,
7770,04/28/2025 01:39:26,30.63,979.52,,,,,
7771,04/28/2025 01:40:26,30.59,945.92,,,,,
7772,04/28/2025 01:41:26,30.59,908.16,,,,,
7773,04/28/2025 01:42:26,30.54,867.20,,,,,
7774,04/28/2025 01:43:26,30.59,829.44,,,,,
7775,04/28/2025 01:44:26,30.59,790.40,,,,,
7776,04/28/2025 01:45:26,30.54,749.44,,,,,
7777,04/28/2025 01:46:26,30.59,718.72,,,,,
7778,04/28/2025 01:47:26,30.59,671.04,,,,,
7779,04/28/2025 01:48:26,30.59,625.76,,,,,
7780,04/28/2025 01:49:26,30.54,587.20,,,,,
7781,04/28/2025 01:50:26,30.54,548.32,,,,,
7782,04/28/2025 01:51:26,30.59,505.76,,,,,
7783,04/28/2025 01:52:26,30.54,457.76,,,,,
7784,04/28/2025 01:53:26,30.54,406.56,,,,,
7785,04/28/2025 01:54:26,30.50,358.88,,,,,
7786,04/28/2025 01:55:26,30.54,311.20,,,,,
7787,04/28/2025 01:56:26,30.54,270.88,,,,,
7788,04/28/2025 01:57:26,30.54,236.24,,,,,
7789,04/28/2025 01:58:26,30.59,205.76,,,,,
7790,04/28/2025 01:59:26,30.54,177.92,,,,,
7791,04/28/2025 02:00:26,30.54,157.16,,,,,
7792,04/28/2025 02:01:26,30.50,141.56,,,,,
7793,04/28/2025 02:02:26,30.54,134.12,,,,,
7794,04/28/2025 02:03:26,30.54,122.64,,,,,
7795,04/28/2025 02:04:26,30.46,106.96,,,,,
7796,04/28/2025 02:05:26,30.50,84.76,,,,,
7797,04/28/2025 02:06:26,30.50,66.24,,,,,
7798,04/28/2025 02:07:26,30.54,58.00,,,,,
7799,04/28/2025 02:08:26,30.50,53.90,,,,,
7800,04/28/2025 02:09:26,30.54,48.92,,,,,
7801,04/28/2025 02:10:26,30.46,42.78,,,,,
7802,04/28/2025 02:11:26,30.54,37.01,,,,,
7803,04/28/2025 02:12:26,30.54,29.99,,,,,
7804,04/28/2025 02:13:26,30.54,23.80,,,,,
7805,04/28/2025 02:14:26,30.50,19.88,,,,,
7806,04/28/2025 02:15:26,30.50,16.79,,,,,
7807,04/28/2025 02:16:26,30.50,13.92,,,,,
7808,04/28/2025 02:17:26,30.50,11.26,,,,,
7809,04/28/2025 02:18:26,30.46,9.00,,,,,
7810,04/28/2025 02:19:26,30.59,7.16,,,,,
7811,04/28/2025 02:20:26,30.54,5.52,,,,,
7812,04/28/2025 02:21:26,30.46,4.09,,,,,
7813,04/28/2025 02:22:26,30.54,3.07,,,,,
7814,04/28/2025 02:23:26,30.54,2.25,,,,,
7815,04/28/2025 02:24:26,30.50,1.63,,,,,
7816,04/28/2025 02:25:26,30.46,1.22,,,,,
7817,04/28/2025 02:26:26,30.54,0.81,,,,,
7818,04/28/2025 02:27:26,30.54,0.40,,,,,
7819,04/28/2025 02:28:26,30.54,0.40,,,,,
7820,04/28/2025 02:29:26,30.46,0.20,,,,,
7821,04/28/2025 02:30:26,30.50,0.00,,,,,
7822,04/28/2025 02:31:26,30.46,0.00,,,,,
7823,04/28/2025 02:32:26,30.46,0.00,,,,,
7824,04/28/2025 02:33:26,30.50,0.00,,,,,
7825,04/28/2025 02:34:26,30.50,0.00,,,,,
7826,04/28/2025 02:35:26,30.46,0.00,,,,,
7827,04/28/2025 02:36:26,30.46,0.00,,,,,
7828,04/28/2025 02:37:26,30.50,0.00,,,,,
7829,04/28/2025 02:38:26,30.50,0.00,,,,,
7830,04/28/2025 02:39:26,30.50,0.00,,,,,
7831,04/28/2025 02:40:26,30.46,0.00,,,,,
7832,04/28/2025 02:41:26,30.46,0.00,,,,,
7833,04/28/2025 02:42:26,30.50,0.00,,,,,
7834,04/28/2025 02:43:26,30.50,0.00,,,,,
7835,04/28/2025 02:44:26,30.46,0.00,,,,,
7836,04/28/2025 02:45:26,30.41,0.00,,,,,
7837,04/28/2025 02:46:26,30.50,0.00,,,,,
7838,04/28/2025 02:47:26,30.46,0.00,,,,,
7839,04/28/2025 02:48:26,30.46,0.00,,,,,
7840,04/28/2025 02:49:26,30.46,0.00,,,,,
7841,04/28/2025 02:50:26,30.46,0.00,,,,,
7842,04/28/2025 02:51:26,30.41,0.00,,,,,
7843,04/28/2025 02:52:26,30.46,0.20,,,,,
7844,04/28/2025 02:53:26,30.46,0.00,,,,,
7845,04/28/2025 02:54:26,30.41,0.00,,,,,
7846,04/28/2025 02:55:26,30.41,0.00,,,,,
7847,04/28/2025 02:56:26,30.41,0.00,,,,,
7848,04/28/2025 02:57:26,30.41,0.00,,,,,
7849,04/28/2025 02:58:26,30.41,0.00,,,,,
7850,04/28/2025 02:59:26,30.41,0.00,,,,,
7851,04/28/2025 03:00:26,30.41,0.00,,,,,
7852,04/28/2025 03:01:26,30.41,0.00,,,,,
7853,04/28/2025 03:02:26,30.46,0.00,,,,,
7854,04/28/2025 03:03:26,30.41,0.00,,,,,
7855,04/28/2025 03:04:26,30.41,0.00,,,,,
7856,04/28/2025 03:05:26,30.41,0.00,,,,,
7857,04/28/2025 03:06:26,30.41,0.00,,,,,
7858,04/28/2025 03:07:26,30.41,0.00,,,,,
7859,04/28/2025 03:08:26,30.41,0.00,,,,,
7860,04/28/2025 03:09:26,30.41,0.00,,,,,
7861,04/28/2025 03:10:26,30.41,0.00,,,,,
7862,04/28/2025 03:11:26,30.41,0.00,,,,,
7863,04/28/2025 03:12:26,30.46,0.00,,,,,
7864,04/28/2025 03:13:26,30.41,0.00,,,,,
7865,04/28/2025 03:14:26,30.37,0.00,,,,,
7866,04/28/2025 03:15:26,30.41,0.00,,,,,
7867,04/28/2025 03:16:26,30.41,0.00,,,,,
7868,04/28/2025 03:17:26,30.41,0.00,,,,,
7869,04/28/2025 03:18:26,30.41,0.00,,,,,
7870,04/28/2025 03:19:26,30.41,0.00,,,,,
7871,04/28/2025 03:20:26,30.41,0.00,,,,,
7872,04/28/2025 03:21:26,30.46,0.00,,,,,
7873,04/28/2025 03:22:26,30.37,0.00,,,,,
7874,04/28/2025 03:23:26,30.41,0.00,,,,,
7875,04/28/2025 03:24:26,30.37,0.00,,,,,
7876,04/28/2025 03:25:26,30.37,0.00,,,,,
7877,04/28/2025 03:26:26,30.41,0.00,,,,,
7878,04/28/2025 03:27:26,30.41,0.00,,,,,
7879,04/28/2025 03:28:26,30.33,0.00,,,,,
7880,04/28/2025 03:29:26,30.33,0.00,,,,,
7881,04/28/2025 03:30:26,30.41,0.00,,,,,
7882,04/28/2025 03:31:26,30.37,0.00,,,,,
7883,04/28/2025 03:32:26,30.37,0.00,,,,,
7884,04/28/2025 03:33:26,30.41,0.00,,,,,
7885,04/28/2025 03:34:26,30.33,0.00,,,,,
7886,04/28/2025 03:35:26,30.41,0.00,,,,,
7887,04/28/2025 03:36:26,30.33,0.00,,,,,
7888,04/28/2025 03:37:26,30.37,0.00,,,,,
7889,04/28/2025 03:38:26,30.33,0.00,,,,,
7890,04/28/2025 03:39:26,30.37,0.00,,,,,
7891,04/28/2025 03:40:26,30.41,0.00,,,,,
7892,04/28/2025 03:41:26,30.37,0.00,,,,,
7893,04/28/2025 03:42:26,30.37,0.00,,,,,
7894,04/28/2025 03:43:26,30.37,0.00,,,,,
7895,04/28/2025 03:44:26,30.37,0.00,,,,,
7896,04/28/2025 03:45:26,30.33,0.00,,,,,
7897,04/28/2025 03:46:26,30.37,0.00,,,,,
7898,04/28/2025 03:47:26,30.37,0.00,,,,,
7899,04/28/2025 03:48:26,30.37,0.00,,,,,
7900,04/28/2025 03:49:26,30.37,0.00,,,,,
7901,04/28/2025 03:50:26,30.37,0.00,,,,,
7902,04/28/2025 03:51:26,30.37,0.00,,,,,
7903,04/28/2025 03:52:26,30.37,0.00,,,,,
7904,04/28/2025 03:53:26,30.33,0.00,,,,,
7905,04/28/2025 03:54:26,30.33,0.00,,,,,
7906,04/28/2025 03:55:26,30.41,0.00,,,,,
7907,04/28/2025 03:56:26,30.37,0.00,,,,,
7908,04/28/2025 03:57:26,30.33,0.00,,,,,
7909,04/28/2025 03:58:26,30.37,0.00,,,,,
7910,04/28/2025 03:59:26,30.33,0.00,,,,,
7911,04/28/2025 04:00:26,30.37,0.00,,,,,
7912,04/28/2025 04:01:26,30.33,0.00,,,,,
7913,04/28/2025 04:02:26,30.28,0.00,,,,,
7914,04/28/2025 04:03:26,30.33,0.00,,,,,
7915,04/28/2025 04:04:26,30.33,0.00,,,,,
7916,04/28/2025 04:05:26,30.37,0.00,,,,,
7917,04/28/2025 04:06:26,30.28,0.00,,,,,
7918,04/28/2025 04:07:26,30.33,0.00,,,,,
7919,04/28/2025 04:08:26,30.37,0.00,,,,,
7920,04/28/2025 04:09:26,30.33,0.00,,,,,
7921,04/28/2025 04:10:26,30.33,0.00,,,,,
7922,04/28/2025 04:11:26,30.37,0.00,,,,,
7923,04/28/2025 04:12:26,30.33,0.00,,,,,
7924,04/28/2025 04:13:26,30.37,0.00,,,,,
7925,04/28/2025 04:14:26,30.33,0.00,,,,,
7926,04/28/2025 04:15:26,30.33,0.00,,,,,
7927,04/28/2025 04:16:26,30.33,0.00,,,,,
7928,04/28/2025 04:17:26,30.33,0.00,,,,,
7929,04/28/2025 04:18:26,30.33,0.00,,,,,
7930,04/28/2025 04:19:26,30.33,0.00,,,,,
7931,04/28/2025 04:20:26,30.24,0.00,,,,,
7932,04/28/2025 04:21:26,30.28,0.00,,,,,
7933,04/28/2025 04:22:26,30.33,0.00,,,,,
7934,04/28/2025 04:23:26,30.28,0.00,,,,,
7935,04/28/2025 04:24:26,30.33,0.00,,,,,
7936,04/28/2025 04:25:26,30.28,0.00,,,,,
7937,04/28/2025 04:26:26,30.24,0.00,,,,,
7938,04/28/2025 04:27:26,30.28,0.00,,,,,
7939,04/28/2025 04:28:26,30.33,0.00,,,,,
7940,04/28/2025 04:29:26,30.28,0.00,,,,,
7941,04/28/2025 04:30:26,30.28,0.00,,,,,
7942,04/28/2025 04:31:26,30.33,0.00,,,,,
7943,04/28/2025 04:32:26,30.28,0.00,,,,,
7944,04/28/2025 04:33:26,30.33,0.00,,,,,
7945,04/28/2025 04:34:26,30.24,0.00,,,,,
7946,04/28/2025 04:35:26,30.28,0.00,,,,,
7947,04/28/2025 04:36:26,30.28,0.00,,,,,
7948,04/28/2025 04:37:26,30.28,0.00,,,,,
7949,04/28/2025 04:38:26,30.28,0.00,,,,,
7950,04/28/2025 04:39:26,30.33,0.00,,,,,
7951,04/28/2025 04:40:26,30.28,0.00,,,,,
7952,04/28/2025 04:41:26,30.28,0.00,,,,,
7953,04/28/2025 04:42:26,30.33,0.00,,,,,
7954,04/28/2025 04:43:26,30.28,0.00,,,,,
7955,04/28/2025 04:44:26,30.28,0.00,,,,,
7956,04/28/2025 04:45:26,30.24,0.00,,,,,
7957,04/28/2025 04:46:26,30.28,0.00,,,,,
7958,04/28/2025 04:47:26,30.28,0.00,,,,,
7959,04/28/2025 04:48:26,30.28,0.00,,,,,
7960,04/28/2025 04:49:26,30.28,0.00,,,,,
7961,04/28/2025 04:50:26,30.28,0.00,,,,,
7962,04/28/2025 04:51:26,30.24,0.00,,,,,
7963,04/28/2025 04:52:26,30.24,0.00,,,,,
7964,04/28/2025 04:53:26,30.28,0.00,,,,,
7965,04/28/2025 04:54:26,30.28,0.00,,,,,
7966,04/28/2025 04:55:26,30.24,0.00,,,,,
7967,04/28/2025 04:56:26,30.24,0.00,,,,,
7968,04/28/2025 04:57:26,30.28,0.00,,,,,
7969,04/28/2025 04:58:26,30.24,0.00,,,,,
7970,04/28/2025 04:59:26,30.28,0.00,,,,,
7971,04/28/2025 05:00:26,30.28,0.00,,,,,
7972,04/28/2025 05:01:26,30.28,0.00,,,,,
7973,04/28/2025 05:02:26,30.24,0.00,,,,,
7974,04/28/2025 05:03:26,30.28,0.00,,,,,
7975,04/28/2025 05:04:26,30.20,0.00,,,,,
7976,04/28/2025 05:05:26,30.24,0.00,,,,,
7977,04/28/2025 05:06:26,30.28,0.00,,,,,
7978,04/28/2025 05:07:26,30.24,0.00,,,,,
7979,04/28/2025 05:08:26,30.24,0.00,,,,,
7980,04/28/2025 05:09:26,30.20,0.00,,,,,
7981,04/28/2025 05:10:26,30.24,0.00,,,,,
7982,04/28/2025 05:11:26,30.28,0.00,,,,,
7983,04/28/2025 05:12:26,30.28,0.00,,,,,
7984,04/28/2025 05:13:26,30.28,0.00,,,,,
7985,04/28/2025 05:14:26,30.24,0.00,,,,,
7986,04/28/2025 05:15:26,30.28,0.00,,,,,
7987,04/28/2025 05:16:26,30.24,0.20,,,,,
7988,04/28/2025 05:17:26,30.20,0.00,,,,,
7989,04/28/2025 05:18:26,30.24,0.00,,,,,
7990,04/28/2025 05:19:26,30.24,0.00,,,,,
7991,04/28/2025 05:20:26,30.20,0.00,,,,,
7992,04/28/2025 05:21:26,30.24,0.00,,,,,
7993,04/28/2025 05:22:26,30.20,0.00,,,,,
7994,04/28/2025 05:23:26,30.20,0.00,,,,,
7995,04/28/2025 05:24:26,30.24,0.00,,,,,
7996,04/28/2025 05:25:26,30.20,0.00,,,,,
7997,04/28/2025 05:26:26,30.24,0.00,,,,,
7998,04/28/2025 05:27:26,30.24,0.00,,,,,
7999,04/28/2025 05:28:26,30.24,0.00,,,,,
8000,04/28/2025 05:29:26,30.24,0.00,,,,,
8001,04/28/2025 05:30:26,30.24,0.00,,,,,
8002,04/28/2025 05:31:26,30.20,0.00,,,,,
8003,04/28/2025 05:32:26,30.24,0.00,,,,,
8004,04/28/2025 05:33:26,30.24,0.00,,,,,
8005,04/28/2025 05:34:26,30.24,0.00,,,,,
8006,04/28/2025 05:35:26,30.16,0.00,,,,,
8007,04/28/2025 05:36:26,30.20,0.00,,,,,
8008,04/28/2025 05:37:26,30.20,0.00,,,,,
8009,04/28/2025 05:38:26,30.20,0.00,,,,,
8010,04/28/2025 05:39:26,30.20,0.00,,,,,
8011,04/28/2025 05:40:26,30.20,0.00,,,,,
8012,04/28/2025 05:41:26,30.16,0.00,,,,,
8013,04/28/2025 05:42:26,30.24,0.00,,,,,
8014,04/28/2025 05:43:26,30.20,0.00,,,,,
8015,04/28/2025 05:44:26,30.20,0.00,,,,,
8016,04/28/2025 05:45:26,30.20,0.00,,,,,
8017,04/28/2025 05:46:26,30.20,0.00,,,,,
8018,04/28/2025 05:47:26,30.20,0.00,,,,,
8019,04/28/2025 05:48:26,30.20,0.00,,,,,
8020,04/28/2025 05:49:26,30.16,0.00,,,,,
8021,04/28/2025 05:50:26,30.20,0.00,,,,,
8022,04/28/2025 05:51:26,30.20,0.00,,,,,
8023,04/28/2025 05:52:26,30.16,0.00,,,,,
8024,04/28/2025 05:53:26,30.16,0.00,,,,,
8025,04/28/2025 05:54:26,30.16,0.20,,,,,
8026,04/28/2025 05:55:26,30.20,0.00,,,,,
8027,04/28/2025 05:56:26,30.16,0.00,,,,,
8028,04/28/2025 05:57:26,30.24,0.00,,,,,
8029,04/28/2025 05:58:26,30.16,0.00,,,,,
8030,04/28/2025 05:59:26,30.20,0.00,,,,,
8031,04/28/2025 06:00:26,30.16,0.00,,,,,
8032,04/28/2025 06:01:26,30.16,0.00,,,,,
8033,04/28/2025 06:02:26,30.20,0.00,,,,,
8034,04/28/2025 06:03:26,30.20,0.00,,,,,
8035,04/28/2025 06:04:26,30.20,0.00,,,,,
8036,04/28/2025 06:05:26,30.20,0.00,,,,,
8037,04/28/2025 06:06:26,30.24,0.00,,,,,
8038,04/28/2025 06:07:26,30.16,0.00,,,,,
8039,04/28/2025 06:08:26,30.16,0.00,,,,,
8040,04/28/2025 06:09:26,30.11,0.00,,,,,
8041,04/28/2025 06:10:26,30.07,0.00,,,,,
8042,04/28/2025 06:11:26,30.16,0.00,,,,,
8043,04/28/2025 06:12:26,30.16,0.00,,,,,
8044,04/28/2025 06:13:26,30.16,0.00,,,,,
8045,04/28/2025 06:14:26,30.16,0.00,,,,,
8046,04/28/2025 06:15:26,30.16,0.00,,,,,
8047,04/28/2025 06:16:26,30.16,0.00,,,,,
8048,04/28/2025 06:17:26,30.16,0.00,,,,,
8049,04/28/2025 06:18:26,30.16,0.00,,,,,
8050,04/28/2025 06:19:26,30.16,0.00,,,,,
8051,04/28/2025 06:20:26,30.16,0.00,,,,,
8052,04/28/2025 06:21:26,30.11,0.00,,,,,
8053,04/28/2025 06:22:26,30.16,0.00,,,,,
8054,04/28/2025 06:23:26,30.11,0.00,,,,,
8055,04/28/2025 06:24:26,30.16,0.00,,,,,
8056,04/28/2025 06:25:26,30.16,0.00,,,,,
8057,04/28/2025 06:26:26,30.16,0.00,,,,,
8058,04/28/2025 06:27:26,30.11,0.00,,,,,
8059,04/28/2025 06:28:26,30.16,0.00,,,,,
8060,04/28/2025 06:29:26,30.16,0.00,,,,,
8061,04/28/2025 06:30:26,30.11,0.00,,,,,
8062,04/28/2025 06:31:26,30.11,0.00,,,,,
8063,04/28/2025 06:32:26,30.11,0.00,,,,,
8064,04/28/2025 06:33:26,30.16,0.00,,,,,
8065,04/28/2025 06:34:26,30.11,0.00,,,,,
8066,04/28/2025 06:35:26,30.11,0.00,,,,,
8067,04/28/2025 06:36:26,30.16,0.00,,,,,
8068,04/28/2025 06:37:26,30.16,0.00,,,,,
8069,04/28/2025 06:38:26,30.11,0.00,,,,,
8070,04/28/2025 06:39:26,30.11,0.00,,,,,
8071,04/28/2025 06:40:26,30.16,0.00,,,,,
8072,04/28/2025 06:41:26,30.16,0.00,,,,,
8073,04/28/2025 06:42:26,30.16,0.00,,,,,
8074,04/28/2025 06:43:26,30.07,0.00,,,,,
8075,04/28/2025 06:44:26,30.07,0.00,,,,,
8076,04/28/2025 06:45:26,30.11,0.00,,,,,
8077,04/28/2025 06:46:26,30.11,0.00,,,,,
8078,04/28/2025 06:47:26,30.07,0.20,,,,,
8079,04/28/2025 06:48:26,30.11,0.00,,,,,
8080,04/28/2025 06:49:26,30.07,0.00,,,,,
8081,04/28/2025 06:50:26,30.16,0.00,,,,,
8082,04/28/2025 06:51:26,30.11,0.00,,,,,
8083,04/28/2025 06:52:26,30.11,0.00,,,,,
8084,04/28/2025 06:53:26,30.07,0.00,,,,,
8085,04/28/2025 06:54:26,30.11,0.00,,,,,
8086,04/28/2025 06:55:26,30.03,0.00,,,,,
8087,04/28/2025 06:56:26,30.11,0.00,,,,,
8088,04/28/2025 06:57:26,30.07,0.00,,,,,
8089,04/28/2025 06:58:26,30.11,0.00,,,,,
8090,04/28/2025 06:59:26,30.07,0.00,,,,,
8091,04/28/2025 07:00:26,30.11,0.00,,,,,
8092,04/28/2025 07:01:26,30.11,0.00,,,,,
8093,04/28/2025 07:02:26,30.11,0.00,,,,,
8094,04/28/2025 07:03:26,30.07,0.00,,,,,
8095,04/28/2025 07:04:26,30.07,0.00,,,,,
8096,04/28/2025 07:05:26,30.07,0.00,,,,,
8097,04/28/2025 07:06:26,30.07,0.00,,,,,
8098,04/28/2025 07:07:26,30.11,0.00,,,,,
8099,04/28/2025 07:08:26,30.11,0.00,,,,,
8100,04/28/2025 07:09:26,30.11,0.00,,,,,
8101,04/28/2025 07:10:26,30.11,0.00,,,,,
8102,04/28/2025 07:11:26,30.07,0.00,,,,,
8103,04/28/2025 07:12:26,30.11,0.00,,,,,
8104,04/28/2025 07:13:26,30.07,0.00,,,,,
8105,04/28/2025 07:14:26,30.07,0.00,,,,,
8106,04/28/2025 07:15:26,30.11,0.00,,,,,
8107,04/28/2025 07:16:26,30.07,0.00,,,,,
8108,04/28/2025 07:17:26,30.07,0.00,,,,,
8109,04/28/2025 07:18:26,30.07,0.00,,,,,
8110,04/28/2025 07:19:26,30.07,0.00,,,,,
8111,04/28/2025 07:20:26,30.07,0.00,,,,,
8112,04/28/2025 07:21:26,30.07,0.00,,,,,
8113,04/28/2025 07:22:26,30.07,0.00,,,,,
8114,04/28/2025 07:23:26,30.11,0.00,,,,,
8115,04/28/2025 07:24:26,30.07,0.00,,,,,
8116,04/28/2025 07:25:26,30.11,0.20,,,,,
8117,04/28/2025 07:26:26,30.07,0.00,,,,,
8118,04/28/2025 07:27:26,30.11,0.00,,,,,
8119,04/28/2025 07:28:26,30.11,0.00,,,,,
8120,04/28/2025 07:29:26,30.11,0.00,,,,,
8121,04/28/2025 07:30:26,30.07,0.00,,,,,
8122,04/28/2025 07:31:26,30.07,0.00,,,,,
8123,04/28/2025 07:32:26,30.07,0.00,,,,,
8124,04/28/2025 07:33:26,30.11,0.00,,,,,
8125,04/28/2025 07:34:26,30.11,0.00,,,,,
8126,04/28/2025 07:35:26,30.07,0.00,,,,,
8127,04/28/2025 07:36:26,30.11,0.00,,,,,
8128,04/28/2025 07:37:26,30.07,0.00,,,,,
8129,04/28/2025 07:38:26,30.07,0.00,,,,,
8130,04/28/2025 07:39:26,30.07,0.00,,,,,
8131,04/28/2025 07:40:26,30.07,0.00,,,,,
8132,04/28/2025 07:41:26,30.07,0.00,,,,,
8133,04/28/2025 07:42:26,30.03,0.00,,,,,
8134,04/28/2025 07:43:26,30.07,0.00,,,,,
8135,04/28/2025 07:44:26,30.07,0.00,,,,,
8136,04/28/2025 07:45:26,30.07,0.00,,,,,
8137,04/28/2025 07:46:26,30.11,0.00,,,,,
8138,04/28/2025 07:47:26,30.07,0.00,,,,,
8139,04/28/2025 07:48:26,30.03,0.00,,,,,
8140,04/28/2025 07:49:26,30.03,0.00,,,,,
8141,04/28/2025 07:50:26,30.07,0.00,,,,,
8142,04/28/2025 07:51:26,30.07,0.00,,,,,
8143,04/28/2025 07:52:26,30.07,0.00,,,,,
8144,04/28/2025 07:53:26,30.07,0.00,,,,,
8145,04/28/2025 07:54:26,29.98,0.00,,,,,
8146,04/28/2025 07:55:26,30.03,0.00,,,,,
8147,04/28/2025 07:56:26,30.03,0.00,,,,,
8148,04/28/2025 07:57:26,30.03,0.00,,,,,
8149,04/28/2025 07:58:26,30.07,0.00,,,,,
8150,04/28/2025 07:59:26,30.03,0.00,,,,,
8151,04/28/2025 08:00:26,30.03,0.00,,,,,
8152,04/28/2025 08:01:26,30.07,0.00,,,,,
8153,04/28/2025 08:02:26,30.07,0.00,,,,,
8154,04/28/2025 08:03:26,30.03,0.00,,,,,
8155,04/28/2025 08:04:26,30.07,0.00,,,,,
8156,04/28/2025 08:05:26,30.03,0.00,,,,,
8157,04/28/2025 08:06:26,30.07,0.00,,,,,
8158,04/28/2025 08:07:26,30.07,0.00,,,,,
8159,04/28/2025 08:08:26,30.07,0.00,,,,,
8160,04/28/2025 08:09:26,30.03,0.00,,,,,
8161,04/28/2025 08:10:26,30.07,0.00,,,,,
8162,04/28/2025 08:11:26,29.98,0.00,,,,,
8163,04/28/2025 08:12:26,30.07,0.00,,,,,
8164,04/28/2025 08:13:26,30.07,0.00,,,,,
8165,04/28/2025 08:14:26,30.07,0.00,,,,,
8166,04/28/2025 08:15:26,30.03,0.00,,,,,
8167,04/28/2025 08:16:26,30.07,0.00,,,,,
8168,04/28/2025 08:17:26,30.07,0.00,,,,,
8169,04/28/2025 08:18:26,30.03,0.00,,,,,
8170,04/28/2025 08:19:26,30.07,0.00,,,,,
8171,04/28/2025 08:20:26,30.03,0.00,,,,,
8172,04/28/2025 08:21:26,30.03,0.00,,,,,
8173,04/28/2025 08:22:26,30.03,0.00,,,,,
8174,04/28/2025 08:23:26,30.03,0.00,,,,,
8175,04/28/2025 08:24:26,30.03,0.00,,,,,
8176,04/28/2025 08:25:26,30.03,0.00,,,,,
8177,04/28/2025 08:26:26,30.03,0.00,,,,,
8178,04/28/2025 08:27:26,30.07,0.00,,,,,
8179,04/28/2025 08:28:26,29.98,0.00,,,,,
8180,04/28/2025 08:29:26,29.98,0.00,,,,,
8181,04/28/2025 08:30:26,30.03,0.00,,,,,
8182,04/28/2025 08:31:26,29.98,0.00,,,,,
8183,04/28/2025 08:32:26,29.98,0.00,,,,,
8184,04/28/2025 08:33:26,30.03,0.00,,,,,
8185,04/28/2025 08:34:26,30.03,0.00,,,,,
8186,04/28/2025 08:35:26,30.03,0.00,,,,,
8187,04/28/2025 08:36:26,30.03,0.00,,,,,
8188,04/28/2025 08:37:26,29.98,0.00,,,,,
8189,04/28/2025 08:38:26,29.98,0.00,,,,,
8190,04/28/2025 08:39:26,30.03,0.00,,,,,
8191,04/28/2025 08:40:26,30.03,0.00,,,,,
8192,04/28/2025 08:41:26,30.03,0.00,,,,,
8193,04/28/2025 08:42:26,29.94,0.00,,,,,
8194,04/28/2025 08:43:26,30.03,0.00,,,,,
8195,04/28/2025 08:44:26,30.03,0.00,,,,,
8196,04/28/2025 08:45:26,29.98,0.00,,,,,
8197,04/28/2025 08:46:26,29.98,0.00,,,,,
8198,04/28/2025 08:47:26,30.03,0.00,,,,,
8199,04/28/2025 08:48:26,29.98,0.00,,,,,
8200,04/28/2025 08:49:26,29.98,0.00,,,,,
8201,04/28/2025 08:50:26,29.94,0.00,,,,,
8202,04/28/2025 08:51:26,29.98,0.00,,,,,
8203,04/28/2025 08:52:26,29.94,0.00,,,,,
8204,04/28/2025 08:53:26,29.98,0.00,,,,,
8205,04/28/2025 08:54:26,29.98,0.00,,,,,
8206,04/28/2025 08:55:26,29.98,0.00,,,,,
8207,04/28/2025 08:56:26,29.94,0.20,,,,,
8208,04/28/2025 08:57:26,29.98,0.00,,,,,
8209,04/28/2025 08:58:26,29.98,0.00,,,,,
8210,04/28/2025 08:59:26,29.94,0.00,,,,,
8211,04/28/2025 09:00:26,29.98,0.00,,,,,
8212,04/28/2025 09:01:26,29.94,0.00,,,,,
8213,04/28/2025 09:02:26,29.94,0.00,,,,,
8214,04/28/2025 09:03:26,29.94,0.00,,,,,
8215,04/28/2025 09:04:26,29.98,0.00,,,,,
8216,04/28/2025 09:05:26,29.94,0.00,,,,,
8217,04/28/2025 09:06:26,29.94,0.00,,,,,
8218,04/28/2025 09:07:26,29.94,0.00,,,,,
8219,04/28/2025 09:08:26,29.90,0.00,,,,,
8220,04/28/2025 09:09:26,29.94,0.00,,,,,
8221,04/28/2025 09:10:26,29.90,0.00,,,,,
8222,04/28/2025 09:11:26,29.94,0.00,,,,,
8223,04/28/2025 09:12:26,29.94,0.00,,,,,
8224,04/28/2025 09:13:26,29.94,0.00,,,,,
8225,04/28/2025 09:14:26,29.90,0.00,,,,,
8226,04/28/2025 09:15:26,29.94,0.00,,,,,
8227,04/28/2025 09:16:26,29.98,0.00,,,,,
8228,04/28/2025 09:17:26,29.94,0.00,,,,,
8229,04/28/2025 09:18:26,29.90,0.00,,,,,
8230,04/28/2025 09:19:26,29.94,0.00,,,,,
8231,04/28/2025 09:20:26,29.94,0.00,,,,,
8232,04/28/2025 09:21:26,29.94,0.00,,,,,
8233,04/28/2025 09:22:26,29.94,0.00,,,,,
8234,04/28/2025 09:23:26,29.90,0.00,,,,,
8235,04/28/2025 09:24:26,29.94,0.00,,,,,
8236,04/28/2025 09:25:26,29.90,0.00,,,,,
8237,04/28/2025 09:26:26,29.94,0.00,,,,,
8238,04/28/2025 09:27:26,29.86,0.00,,,,,
8239,04/28/2025 09:28:26,29.90,0.00,,,,,
8240,04/28/2025 09:29:26,29.90,0.00,,,,,
8241,04/28/2025 09:30:26,29.90,0.00,,,,,
8242,04/28/2025 09:31:26,29.90,0.00,,,,,
8243,04/28/2025 09:32:26,29.90,0.00,,,,,
8244,04/28/2025 09:33:26,29.94,0.00,,,,,
8245,04/28/2025 09:34:26,29.86,0.20,,,,,
8246,04/28/2025 09:35:26,29.90,0.00,,,,,
8247,04/28/2025 09:36:26,29.94,0.00,,,,,
8248,04/28/2025 09:37:26,29.90,0.00,,,,,
8249,04/28/2025 09:38:26,29.86,0.00,,,,,
8250,04/28/2025 09:39:26,29.90,0.00,,,,,
8251,04/28/2025 09:40:26,29.90,0.00,,,,,
8252,04/28/2025 09:41:26,29.90,0.00,,,,,
8253,04/28/2025 09:42:26,29.94,0.00,,,,,
8254,04/28/2025 09:43:26,29.90,0.00,,,,,
8255,04/28/2025 09:44:26,29.90,0.00,,,,,
8256,04/28/2025 09:45:26,29.90,0.00,,,,,
8257,04/28/2025 09:46:26,29.86,0.00,,,,,
8258,04/28/2025 09:47:26,29.90,0.00,,,,,
8259,04/28/2025 09:48:26,29.94,0.00,,,,,
8260,04/28/2025 09:49:26,29.90,0.00,,,,,
8261,04/28/2025 09:50:26,29.90,0.00,,,,,
8262,04/28/2025 09:51:26,29.90,0.00,,,,,
8263,04/28/2025 09:52:26,29.86,0.00,,,,,
8264,04/28/2025 09:53:26,29.86,0.00,,,,,
8265,04/28/2025 09:54:26,29.86,0.00,,,,,
8266,04/28/2025 09:55:26,29.86,0.00,,,,,
8267,04/28/2025 09:56:26,29.90,0.00,,,,,
8268,04/28/2025 09:57:26,29.90,0.00,,,,,
8269,04/28/2025 09:58:26,29.86,0.00,,,,,
8270,04/28/2025 09:59:26,29.90,0.00,,,,,
8271,04/28/2025 10:00:26,29.86,0.00,,,,,
8272,04/28/2025 10:01:26,29.86,0.00,,,,,
8273,04/28/2025 10:02:26,29.81,0.00,,,,,
8274,04/28/2025 10:03:26,29.90,0.00,,,,,
8275,04/28/2025 10:04:26,29.90,0.00,,,,,
8276,04/28/2025 10:05:26,29.86,0.00,,,,,
8277,04/28/2025 10:06:26,29.81,0.00,,,,,
8278,04/28/2025 10:07:26,29.81,0.00,,,,,
8279,04/28/2025 10:08:26,29.86,0.00,,,,,
8280,04/28/2025 10:09:26,29.90,0.00,,,,,
8281,04/28/2025 10:10:26,29.86,0.00,,,,,
8282,04/28/2025 10:11:26,29.90,0.00,,,,,
8283,04/28/2025 10:12:26,29.86,0.00,,,,,
8284,04/28/2025 10:13:26,29.86,0.00,,,,,
8285,04/28/2025 10:14:26,29.86,0.00,,,,,
8286,04/28/2025 10:15:26,29.90,0.00,,,,,
8287,04/28/2025 10:16:26,29.90,0.00,,,,,
8288,04/28/2025 10:17:26,29.86,0.00,,,,,
8289,04/28/2025 10:18:26,29.86,0.00,,,,,
8290,04/28/2025 10:19:26,29.81,0.00,,,,,
8291,04/28/2025 10:20:26,29.81,0.00,,,,,
8292,04/28/2025 10:21:26,29.86,0.00,,,,,
8293,04/28/2025 10:22:26,29.86,0.00,,,,,
8294,04/28/2025 10:23:26,29.81,0.00,,,,,
8295,04/28/2025 10:24:26,29.81,0.00,,,,,
8296,04/28/2025 10:25:26,29.81,0.00,,,,,
8297,04/28/2025 10:26:26,29.86,0.00,,,,,
8298,04/28/2025 10:27:26,29.86,0.20,,,,,
8299,04/28/2025 10:28:26,29.81,0.00,,,,,
8300,04/28/2025 10:29:26,29.81,0.00,,,,,
8301,04/28/2025 10:30:26,29.81,0.00,,,,,
8302,04/28/2025 10:31:26,29.77,0.00,,,,,
8303,04/28/2025 10:32:26,29.86,0.00,,,,,
8304,04/28/2025 10:33:26,29.81,0.00,,,,,
8305,04/28/2025 10:34:26,29.86,0.00,,,,,
8306,04/28/2025 10:35:26,29.81,0.00,,,,,
8307,04/28/2025 10:36:26,29.77,0.00,,,,,
8308,04/28/2025 10:37:26,29.86,0.00,,,,,
8309,04/28/2025 10:38:26,29.81,0.00,,,,,
8310,04/28/2025 10:39:26,29.81,0.00,,,,,
8311,04/28/2025 10:40:26,29.81,0.00,,,,,
8312,04/28/2025 10:41:26,29.77,0.00,,,,,
8313,04/28/2025 10:42:26,29.77,0.00,,,,,
8314,04/28/2025 10:43:26,29.81,0.00,,,,,
8315,04/28/2025 10:44:26,29.77,0.00,,,,,
8316,04/28/2025 10:45:26,29.77,0.00,,,,,
8317,04/28/2025 10:46:26,29.77,0.00,,,,,
8318,04/28/2025 10:47:26,29.81,0.00,,,,,
8319,04/28/2025 10:48:26,29.77,0.00,,,,,
8320,04/28/2025 10:49:26,29.77,0.00,,,,,
8321,04/28/2025 10:50:26,29.77,0.00,,,,,
8322,04/28/2025 10:51:26,29.81,0.00,,,,,
8323,04/28/2025 10:52:26,29.77,0.00,,,,,
8324,04/28/2025 10:53:26,29.77,0.00,,,,,
8325,04/28/2025 10:54:26,29.77,0.00,,,,,
8326,04/28/2025 10:55:26,29.77,0.00,,,,,
8327,04/28/2025 10:56:26,29.77,0.00,,,,,
8328,04/28/2025 10:57:26,29.77,0.00,,,,,
8329,04/28/2025 10:58:26,29.77,0.00,,,,,
8330,04/28/2025 10:59:26,29.81,0.00,,,,,
8331,04/28/2025 11:00:26,29.77,0.00,,,,,
8332,04/28/2025 11:01:26,29.81,0.00,,,,,
8333,04/28/2025 11:02:26,29.77,0.00,,,,,
8334,04/28/2025 11:03:26,29.77,0.00,,,,,
8335,04/28/2025 11:04:26,29.77,0.00,,,,,
8336,04/28/2025 11:05:26,29.77,0.20,,,,,
8337,04/28/2025 11:06:26,29.77,0.00,,,,,
8338,04/28/2025 11:07:26,29.81,0.00,,,,,
8339,04/28/2025 11:08:26,29.77,0.00,,,,,
8340,04/28/2025 11:09:26,29.77,0.00,,,,,
8341,04/28/2025 11:10:26,29.77,0.00,,,,,
8342,04/28/2025 11:11:26,29.77,0.00,,,,,
8343,04/28/2025 11:12:26,29.77,0.00,,,,,
8344,04/28/2025 11:13:26,29.77,0.00,,,,,
8345,04/28/2025 11:14:26,29.77,0.00,,,,,
8346,04/28/2025 11:15:26,29.77,0.00,,,,,
8347,04/28/2025 11:16:26,29.73,0.00,,,,,
8348,04/28/2025 11:17:26,29.77,0.00,,,,,
8349,04/28/2025 11:18:26,29.73,0.00,,,,,
8350,04/28/2025 11:19:26,29.77,0.00,,,,,
8351,04/28/2025 11:20:26,29.81,0.00,,,,,
8352,04/28/2025 11:21:26,29.77,0.00,,,,,
8353,04/28/2025 11:22:26,29.77,0.00,,,,,
8354,04/28/2025 11:23:26,29.77,0.00,,,,,
8355,04/28/2025 11:24:26,29.68,0.00,,,,,
8356,04/28/2025 11:25:26,29.73,0.00,,,,,
8357,04/28/2025 11:26:26,29.77,0.00,,,,,
8358,04/28/2025 11:27:26,29.73,0.00,,,,,
8359,04/28/2025 11:28:26,29.77,0.00,,,,,
8360,04/28/2025 11:29:26,29.73,0.00,,,,,
8361,04/28/2025 11:30:26,29.81,0.00,,,,,
8362,04/28/2025 11:31:26,29.77,0.00,,,,,
8363,04/28/2025 11:32:26,29.73,0.00,,,,,
8364,04/28/2025 11:33:26,29.77,0.00,,,,,
8365,04/28/2025 11:34:26,29.73,0.00,,,,,
8366,04/28/2025 11:35:26,29.77,0.00,,,,,
8367,04/28/2025 11:36:26,29.73,0.00,,,,,
8368,04/28/2025 11:37:26,29.73,0.00,,,,,
8369,04/28/2025 11:38:26,29.73,0.00,,,,,
8370,04/28/2025 11:39:26,29.77,0.00,,,,,
8371,04/28/2025 11:40:26,29.77,0.00,,,,,
8372,04/28/2025 11:41:26,29.77,0.00,,,,,
8373,04/28/2025 11:42:26,29.77,0.00,,,,,
8374,04/28/2025 11:43:26,29.68,0.00,,,,,
8375,04/28/2025 11:44:26,29.73,0.00,,,,,
8376,04/28/2025 11:45:26,29.73,0.00,,,,,
8377,04/28/2025 11:46:26,29.77,0.00,,,,,
8378,04/28/2025 11:47:26,29.68,0.00,,,,,
8379,04/28/2025 11:48:26,29.68,0.00,,,,,
8380,04/28/2025 11:49:26,29.64,0.00,,,,,
8381,04/28/2025 11:50:26,29.73,0.00,,,,,
8382,04/28/2025 11:51:26,29.73,0.00,,,,,
8383,04/28/2025 11:52:26,29.73,0.00,,,,,
8384,04/28/2025 11:53:26,29.68,0.00,,,,,
8385,04/28/2025 11:54:26,29.68,0.00,,,,,
8386,04/28/2025 11:55:26,29.68,0.00,,,,,
8387,04/28/2025 11:56:26,29.73,0.00,,,,,
8388,04/28/2025 11:57:26,29.64,0.00,,,,,
8389,04/28/2025 11:58:26,29.68,0.20,,,,,
8390,04/28/2025 11:59:26,29.68,0.00,,,,,
8391,04/28/2025 12:00:26,29.64,0.00,,,,,
8392,04/28/2025 12:01:26,29.73,0.00,,,,,
8393,04/28/2025 12:02:26,29.64,0.00,,,,,
8394,04/28/2025 12:03:26,29.73,0.00,,,,,
8395,04/28/2025 12:04:26,29.68,0.00,,,,,
8396,04/28/2025 12:05:26,29.68,0.00,,,,,
8397,04/28/2025 12:06:26,29.68,0.00,,,,,
8398,04/28/2025 12:07:26,29.73,0.00,,,,,
8399,04/28/2025 12:08:26,29.64,0.00,,,,,
8400,04/28/2025 12:09:26,29.64,0.00,,,,,
8401,04/28/2025 12:10:26,29.64,0.00,,,,,
8402,04/28/2025 12:11:26,29.64,0.00,,,,,
8403,04/28/2025 12:12:26,29.68,0.00,,,,,
8404,04/28/2025 12:13:26,29.68,0.00,,,,,
8405,04/28/2025 12:14:26,29.64,0.00,,,,,
8406,04/28/2025 12:15:26,29.64,0.00,,,,,
8407,04/28/2025 12:16:26,29.64,0.00,,,,,
8408,04/28/2025 12:17:26,29.68,0.00,,,,,
8409,04/28/2025 12:18:26,29.68,0.00,,,,,
8410,04/28/2025 12:19:26,29.68,0.00,,,,,
8411,04/28/2025 12:20:26,29.68,0.00,,,,,
8412,04/28/2025 12:21:26,29.64,0.00,,,,,
8413,04/28/2025 12:22:26,29.64,0.00,,,,,
8414,04/28/2025 12:23:26,29.64,0.00,,,,,
8415,04/28/2025 12:24:26,29.64,0.00,,,,,
8416,04/28/2025 12:25:26,29.68,0.00,,,,,
8417,04/28/2025 12:26:26,29.64,0.00,,,,,
8418,04/28/2025 12:27:26,29.60,0.00,,,,,
8419,04/28/2025 12:28:26,29.68,0.00,,,,,
8420,04/28/2025 12:29:26,29.64,0.00,,,,,
8421,04/28/2025 12:30:26,29.64,0.00,,,,,
8422,04/28/2025 12:31:26,29.68,0.00,,,,,
8423,04/28/2025 12:32:26,29.68,0.00,,,,,
8424,04/28/2025 12:33:26,29.64,0.00,,,,,
8425,04/28/2025 12:34:26,29.64,0.00,,,,,
8426,04/28/2025 12:35:26,29.64,0.00,,,,,
8427,04/28/2025 12:36:26,29.60,0.20,,,,,
8428,04/28/2025 12:37:26,29.68,0.00,,,,,
8429,04/28/2025 12:38:26,29.64,0.00,,,,,
8430,04/28/2025 12:39:26,29.64,0.00,,,,,
8431,04/28/2025 12:40:26,29.64,0.00,,,,,
8432,04/28/2025 12:41:26,29.64,0.00,,,,,
8433,04/28/2025 12:42:26,29.60,0.00,,,,,
8434,04/28/2025 12:43:26,29.64,0.00,,,,,
8435,04/28/2025 12:44:26,29.64,0.00,,,,,
8436,04/28/2025 12:45:26,29.64,0.00,,,,,
8437,04/28/2025 12:46:26,29.60,0.00,,,,,
8438,04/28/2025 12:47:26,29.68,0.00,,,,,
8439,04/28/2025 12:48:26,29.60,0.00,,,,,
8440,04/28/2025 12:49:26,29.64,0.00,,,,,
8441,04/28/2025 12:50:26,29.64,0.00,,,,,
8442,04/28/2025 12:51:26,29.60,0.00,,,,,
8443,04/28/2025 12:52:26,29.64,0.00,,,,,
8444,04/28/2025 12:53:26,29.64,0.00,,,,,
8445,04/28/2025 12:54:26,29.64,0.00,,,,,
8446,04/28/2025 12:55:26,29.64,0.00,,,,,
8447,04/28/2025 12:56:26,29.56,0.00,,,,,
8448,04/28/2025 12:57:26,29.60,0.00,,,,,
8449,04/28/2025 12:58:26,29.64,0.00,,,,,
8450,04/28/2025 12:59:26,29.60,0.00,,,,,
8451,04/28/2025 13:00:26,29.60,0.00,,,,,
8452,04/28/2025 13:01:26,29.60,0.00,,,,,
8453,04/28/2025 13:02:26,29.64,0.00,,,,,
8454,04/28/2025 13:03:26,29.64,0.00,,,,,
8455,04/28/2025 13:04:26,29.64,0.00,,,,,
8456,04/28/2025 13:05:26,29.60,0.00,,,,,
8457,04/28/2025 13:06:26,29.60,0.00,,,,,
8458,04/28/2025 13:07:26,29.68,0.00,,,,,
8459,04/28/2025 13:08:26,29.64,0.00,,,,,
8460,04/28/2025 13:09:26,29.64,0.00,,,,,
8461,04/28/2025 13:10:26,29.60,0.00,,,,,
8462,04/28/2025 13:11:26,29.60,0.00,,,,,
8463,04/28/2025 13:12:26,29.56,0.00,,,,,
8464,04/28/2025 13:13:26,29.56,0.00,,,,,
8465,04/28/2025 13:14:26,29.64,0.00,,,,,
8466,04/28/2025 13:15:26,29.60,0.00,,,,,
8467,04/28/2025 13:16:26,29.64,0.00,,,,,
8468,04/28/2025 13:17:26,29.60,0.00,,,,,
8469,04/28/2025 13:18:26,29.60,0.00,,,,,
8470,04/28/2025 13:19:26,29.60,0.00,,,,,
8471,04/28/2025 13:20:26,29.60,0.00,,,,,
8472,04/28/2025 13:21:26,29.60,0.00,,,,,
8473,04/28/2025 13:22:26,29.64,0.00,,,,,
8474,04/28/2025 13:23:26,29.64,0.00,,,,,
8475,04/28/2025 13:24:26,29.56,0.00,,,,,
8476,04/28/2025 13:25:26,29.60,0.00,,,,,
8477,04/28/2025 13:26:26,29.64,0.00,,,,,
8478,04/28/2025 13:27:26,29.60,0.00,,,,,
8479,04/28/2025 13:28:26,29.56,0.20,,,,,
8480,04/28/2025 13:29:26,29.56,0.61,,,,,
8481,04/28/2025 13:30:26,29.60,0.40,,,,,
8482,04/28/2025 13:31:26,29.56,0.61,,,,,
8483,04/28/2025 13:32:26,29.60,1.02,,,,,
8484,04/28/2025 13:33:26,29.64,1.22,,,,,
8485,04/28/2025 13:34:26,29.60,1.84,,,,,
8486,04/28/2025 13:35:26,29.60,2.45,,,,,
8487,04/28/2025 13:36:26,29.60,3.27,,,,,
8488,04/28/2025 13:37:26,29.60,4.30,,,,,
8489,04/28/2025 13:38:26,29.56,5.73,,,,,
8490,04/28/2025 13:39:26,29.56,7.57,,,,,
8491,04/28/2025 13:40:26,29.60,9.62,,,,,
8492,04/28/2025 13:41:26,29.56,11.67,,,,,
8493,04/28/2025 13:42:26,29.60,13.71,,,,,
8494,04/28/2025 13:43:26,29.60,15.97,,,,,
8495,04/28/2025 13:44:26,29.56,18.42,,,,,
8496,04/28/2025 13:45:26,29.56,20.70,,,,,
8497,04/28/2025 13:46:26,29.60,24.16,,,,,
8498,04/28/2025 13:47:26,29.60,26.26,,,,,
8499,04/28/2025 13:48:26,29.56,28.77,,,,,
8500,04/28/2025 13:49:26,29.60,31.63,,,,,
8501,04/28/2025 13:50:26,29.56,35.73,,,,,
8502,04/28/2025 13:51:26,29.56,40.28,,,,,
8503,04/28/2025 13:52:26,29.56,46.84,,,,,
8504,04/28/2025 13:53:26,29.60,53.44,,,,,
8505,04/28/2025 13:54:26,29.56,60.86,,,,,
8506,04/28/2025 13:55:26,29.56,68.70,,,,,
8507,04/28/2025 13:56:26,29.51,78.10,,,,,
8508,04/28/2025 13:57:26,29.56,85.56,,,,,
8509,04/28/2025 13:58:26,29.56,95.40,,,,,
8510,04/28/2025 13:59:26,29.51,103.68,,,,,
8511,04/28/2025 14:00:26,29.60,113.52,,,,,
8512,04/28/2025 14:01:26,29.56,123.44,,,,,
8513,04/28/2025 14:02:26,29.56,134.92,,,,,
8514,04/28/2025 14:03:26,29.56,145.68,,,,,
8515,04/28/2025 14:04:26,29.56,158.76,,,,,
8516,04/28/2025 14:05:26,29.56,170.32,,,,,
8517,04/28/2025 14:06:26,29.56,182.00,,,,,
8518,04/28/2025 14:07:26,29.56,195.12,,,,,
8519,04/28/2025 14:08:26,29.56,206.56,,,,,
8520,04/28/2025 14:09:26,29.60,218.88,,,,,
8521,04/28/2025 14:10:26,29.56,230.56,,,,,
8522,04/28/2025 14:11:26,29.56,242.00,,,,,
8523,04/28/2025 14:12:26,29.60,256.72,,,,,
8524,04/28/2025 14:13:26,29.51,270.08,,,,,
8525,04/28/2025 14:14:26,29.51,283.12,,,,,
8526,04/28/2025 14:15:26,29.51,297.12,,,,,
8527,04/28/2025 14:16:26,29.56,309.60,,,,,
8528,04/28/2025 14:17:26,29.51,322.64,,,,,
8529,04/28/2025 14:18:26,29.56,334.08,,,,,
8530,04/28/2025 14:19:26,29.56,344.16,,,,,
8531,04/28/2025 14:20:26,29.60,354.72,,,,,
8532,04/28/2025 14:21:26,29.56,362.40,,,,,
8533,04/28/2025 14:22:26,29.56,369.76,,,,,
8534,04/28/2025 14:23:26,29.60,377.12,,,,,
8535,04/28/2025 14:24:26,29.56,382.88,,,,,
8536,04/28/2025 14:25:26,29.56,386.88,,,,,
8537,04/28/2025 14:26:26,29.51,392.64,,,,,
8538,04/28/2025 14:27:26,29.56,399.20,,,,,
8539,04/28/2025 14:28:26,29.56,404.16,,,,,
8540,04/28/2025 14:29:26,29.56,411.52,,,,,
8541,04/28/2025 14:30:26,29.56,419.68,,,,,
8542,04/28/2025 14:31:26,29.56,426.24,,,,,
8543,04/28/2025 14:32:26,29.60,435.20,,,,,
8544,04/28/2025 14:33:26,29.51,445.12,,,,,
8545,04/28/2025 14:34:26,29.56,454.56,,,,,
8546,04/28/2025 14:35:26,29.51,465.92,,,,,
8547,04/28/2025 14:36:26,29.51,475.84,,,,,
8548,04/28/2025 14:37:26,29.56,487.20,,,,,
8549,04/28/2025 14:38:26,29.56,500.32,,,,,
8550,04/28/2025 14:39:26,29.56,512.64,,,,,
8551,04/28/2025 14:40:26,29.51,526.24,,,,,
8552,04/28/2025 14:41:26,29.51,540.16,,,,,
8553,04/28/2025 14:42:26,29.60,553.28,,,,,
8554,04/28/2025 14:43:26,29.56,568.00,,,,,
8555,04/28/2025 14:44:26,29.56,585.12,,,,,
8556,04/28/2025 14:45:26,29.56,602.40,,,,,
8557,04/28/2025 14:46:26,29.51,619.20,,,,,
8558,04/28/2025 14:47:26,29.56,637.12,,,,,
8559,04/28/2025 14:48:26,29.56,652.80,,,,,
8560,04/28/2025 14:49:26,29.56,668.16,,,,,
8561,04/28/2025 14:50:26,29.60,686.08,,,,,
8562,04/28/2025 14:51:26,29.60,702.08,,,,,
8563,04/28/2025 14:52:26,29.56,716.16,,,,,
8564,04/28/2025 14:53:26,29.56,726.72,,,,,
8565,04/28/2025 14:54:26,29.56,734.08,,,,,
8566,04/28/2025 14:55:26,29.56,740.80,,,,,
8567,04/28/2025 14:56:26,29.56,745.28,,,,,
8568,04/28/2025 14:57:26,29.56,748.48,,,,,
8569,04/28/2025 14:58:26,29.51,752.64,,,,,
8570,04/28/2025 14:59:26,29.51,759.04,,,,,
8571,04/28/2025 15:00:26,29.51,764.80,,,,,
8572,04/28/2025 15:01:26,29.56,770.56,,,,,
8573,04/28/2025 15:02:26,29.51,773.76,,,,,
8574,04/28/2025 15:03:26,29.56,778.88,,,,,
8575,04/28/2025 15:04:26,29.56,785.28,,,,,
8576,04/28/2025 15:05:26,29.56,792.64,,,,,
8577,04/28/2025 15:06:26,29.56,803.20,,,,,
8578,04/28/2025 15:07:26,29.51,813.12,,,,,
8579,04/28/2025 15:08:26,29.56,827.20,,,,,
8580,04/28/2025 15:09:26,29.56,837.76,,,,,
8581,04/28/2025 15:10:26,29.56,854.08,,,,,
8582,04/28/2025 15:11:26,29.56,872.00,,,,,
8583,04/28/2025 15:12:26,29.56,900.80,,,,,
8584,04/28/2025 15:13:26,29.51,927.04,,,,,
8585,04/28/2025 15:14:26,29.51,953.92,,,,,
8586,04/28/2025 15:15:26,29.56,979.52,,,,,
8587,04/28/2025 15:16:26,29.60,1013.12,,,,,
8588,04/28/2025 15:17:26,29.56,1039.36,,,,,
8589,04/28/2025 15:18:26,29.51,1063.04,,,,,
8590,04/28/2025 15:19:26,29.56,1084.16,,,,,
8591,04/28/2025 15:20:26,29.56,1105.60,,,,,
8592,04/28/2025 15:21:26,29.56,1135.04,,,,,
8593,04/28/2025 15:22:26,29.60,1161.28,,,,,
8594,04/28/2025 15:23:26,29.60,1190.72,,,,,
8595,04/28/2025 15:24:26,29.56,1219.52,,,,,
8596,04/28/2025 15:25:26,29.56,1253.12,,,,,
8597,04/28/2025 15:26:26,29.51,1288.96,,,,,
8598,04/28/2025 15:27:26,29.51,1329.92,,,,,
8599,04/28/2025 15:28:26,29.60,1381.76,,,,,
8600,04/28/2025 15:29:26,29.60,1439.36,,,,,
8601,04/28/2025 15:30:26,29.56,1508.48,,,,,
8602,04/28/2025 15:31:26,29.56,1587.84,,,,,
8603,04/28/2025 15:32:26,29.56,1669.12,,,,,
8604,04/28/2025 15:33:26,29.56,1752.32,,,,,
8605,04/28/2025 15:34:26,29.56,1839.36,,,,,
8606,04/28/2025 15:35:26,29.64,1921.28,,,,,
8607,04/28/2025 15:36:26,29.56,1998.08,,,,,
8608,04/28/2025 15:37:26,29.60,2065.28,,,,,
8609,04/28/2025 15:38:26,29.60,2124.16,,,,,
8610,04/28/2025 15:39:26,29.60,2183.04,,,,,
8611,04/28/2025 15:40:26,29.64,2250.24,,,,,
8612,04/28/2025 15:41:26,29.60,2317.44,,,,,
8613,04/28/2025 15:42:26,29.64,2386.56,,,,,
8614,04/28/2025 15:43:26,29.64,2458.24,,,,,
8615,04/28/2025 15:44:26,29.64,2506.24,,,,,
8616,04/28/2025 15:45:26,29.64,2548.48,,,,,
8617,04/28/2025 15:46:26,29.64,2577.92,,,,,
8618,04/28/2025 15:47:26,29.64,2606.08,,,,,
8619,04/28/2025 15:48:26,29.60,2630.40,,,,,
8620,04/28/2025 15:49:26,29.60,2643.20,,,,,
8621,04/28/2025 15:50:26,29.64,2659.84,,,,,
8622,04/28/2025 15:51:26,29.60,2684.16,,,,,
8623,04/28/2025 15:52:26,29.60,2708.48,,,,,
8624,04/28/2025 15:53:26,29.64,2736.64,,,,,
8625,04/28/2025 15:54:26,29.64,2771.20,,,,,
8626,04/28/2025 15:55:26,29.64,2805.76,,,,,
8627,04/28/2025 15:56:26,29.64,2851.84,,,,,
8628,04/28/2025 15:57:26,29.68,2918.40,,,,,
8629,04/28/2025 15:58:26,29.64,3000.32,,,,,
8630,04/28/2025 15:59:26,29.64,3080.96,,,,,
8631,04/28/2025 16:00:26,29.64,3152.64,,,,,
8632,04/28/2025 16:01:26,29.60,3211.52,,,,,
8633,04/28/2025 16:02:26,29.64,3258.88,,,,,
8634,04/28/2025 16:03:26,29.64,3311.36,,,,,
8635,04/28/2025 16:04:26,29.68,3347.20,,,,,
8636,04/28/2025 16:05:26,29.64,3376.64,,,,,
8637,04/28/2025 16:06:26,29.68,3393.28,,,,,
8638,04/28/2025 16:07:26,29.64,3399.68,,,,,
8639,04/28/2025 16:08:26,29.64,3390.72,,,,,
8640,04/28/2025 16:09:26,29.68,3370.24,,,,,
8641,04/28/2025 16:10:26,29.68,3351.04,,,,,
8642,04/28/2025 16:11:26,29.68,3344.64,,,,,
8643,04/28/2025 16:12:26,29.68,3340.80,,,,,
8644,04/28/2025 16:13:26,29.73,3315.20,,,,,
8645,04/28/2025 16:14:26,29.68,3252.48,,,,,
8646,04/28/2025 16:15:26,29.68,3202.56,,,,,
8647,04/28/2025 16:16:26,29.68,3179.52,,,,,
8648,04/28/2025 16:17:26,29.68,3171.84,,,,,
8649,04/28/2025 16:18:26,29.64,3187.20,,,,,
8650,04/28/2025 16:19:26,29.73,3206.40,,,,,
8651,04/28/2025 16:20:26,29.68,3210.24,,,,,
8652,04/28/2025 16:21:26,29.68,3206.40,,,,,
8653,04/28/2025 16:22:26,29.73,3226.88,,,,,
8654,04/28/2025 16:23:26,29.68,3252.48,,,,,
8655,04/28/2025 16:24:26,29.64,3302.40,,,,,
8656,04/28/2025 16:25:26,29.64,3374.08,,,,,
8657,04/28/2025 16:26:26,29.73,3436.80,,,,,
8658,04/28/2025 16:27:26,29.64,3508.48,,,,,
8659,04/28/2025 16:28:26,29.64,3554.56,,,,,
8660,04/28/2025 16:29:26,29.68,3540.48,,,,,
8661,04/28/2025 16:30:26,29.68,3491.84,,,,,
8662,04/28/2025 16:31:26,29.73,3472.64,,,,,
8663,04/28/2025 16:32:26,29.73,3498.24,,,,,
8664,04/28/2025 16:33:26,29.68,3548.16,,,,,
8665,04/28/2025 16:34:26,29.68,3590.40,,,,,
8666,04/28/2025 16:35:26,29.73,3665.92,,,,,
8667,04/28/2025 16:36:26,29.73,3727.36,,,,,
8668,04/28/2025 16:37:26,29.68,3767.04,,,,,
8669,04/28/2025 16:38:26,29.68,3859.20,,,,,
8670,04/28/2025 16:39:26,29.68,3927.04,,,,,
8671,04/28/2025 16:40:26,29.68,3993.60,,,,,
8672,04/28/2025 16:41:26,29.73,4025.60,,,,,
8673,04/28/2025 16:42:26,29.73,4084.48,,,,,
8674,04/28/2025 16:43:26,29.77,4153.60,,,,,
8675,04/28/2025 16:44:26,29.77,4264.96,,,,,
8676,04/28/2025 16:45:26,29.73,4359.68,,,,,
8677,04/28/2025 16:46:26,29.73,4485.12,,,,,
8678,04/28/2025 16:47:26,29.77,4546.56,,,,,
8679,04/28/2025 16:48:26,29.77,4592.64,,,,,
8680,04/28/2025 16:49:26,29.77,4596.48,,,,,
8681,04/28/2025 16:50:26,29.73,4544.00,,,,,
8682,04/28/2025 16:51:26,29.73,4494.08,,,,,
8683,04/28/2025 16:52:26,29.77,4478.72,,,,,
8684,04/28/2025 16:53:26,29.77,4357.12,,,,,
8685,04/28/2025 16:54:26,29.77,4353.28,,,,,
8686,04/28/2025 16:55:26,29.77,4254.72,,,,,
8687,04/28/2025 16:56:26,29.73,4101.12,,,,,
8688,04/28/2025 16:57:26,29.77,3937.28,,,,,
8689,04/28/2025 16:58:26,29.77,3845.12,,,,,
8690,04/28/2025 16:59:26,29.77,3733.76,,,,,
8691,04/28/2025 17:00:26,29.77,3678.72,,,,,
8692,04/28/2025 17:01:26,29.73,3504.64,,,,,
8693,04/28/2025 17:02:26,29.68,3426.56,,,,,
8694,04/28/2025 17:03:26,29.73,3367.68,,,,,
8695,04/28/2025 17:04:26,29.77,3432.96,,,,,
8696,04/28/2025 17:05:26,29.73,3540.48,,,,,
8697,04/28/2025 17:06:26,29.73,3727.36,,,,,
8698,04/28/2025 17:07:26,29.73,3845.12,,,,,
8699,04/28/2025 17:08:26,29.73,3907.84,,,,,
8700,04/28/2025 17:09:26,29.73,3924.48,,,,,
8701,04/28/2025 17:10:26,29.77,3937.28,,,,,
8702,04/28/2025 17:11:26,29.77,3943.68,,,,,
8703,04/28/2025 17:12:26,29.73,3976.96,,,,,
8704,04/28/2025 17:13:26,29.73,3993.60,,,,,
8705,04/28/2025 17:14:26,29.77,3993.60,,,,,
8706,04/28/2025 17:15:26,29.73,3996.16,,,,,
8707,04/28/2025 17:16:26,29.73,3983.36,,,,,
8708,04/28/2025 17:17:26,29.77,3891.20,,,,,
8709,04/28/2025 17:18:26,29.73,3901.44,,,,,
8710,04/28/2025 17:19:26,29.73,3924.48,,,,,
8711,04/28/2025 17:20:26,29.73,3882.24,,,,,
8712,04/28/2025 17:21:26,29.77,3872.00,,,,,
8713,04/28/2025 17:22:26,29.73,3901.44,,,,,
8714,04/28/2025 17:23:26,29.77,3934.72,,,,,
8715,04/28/2025 17:24:26,29.77,3934.72,,,,,
8716,04/28/2025 17:25:26,29.73,4055.04,,,,,
8717,04/28/2025 17:26:26,29.73,4147.20,,,,,
8718,04/28/2025 17:27:26,29.77,4143.36,,,,,
8719,04/28/2025 17:28:26,29.77,4448.00,,,,,
8720,04/28/2025 17:29:26,29.73,4573.44,,,,,
8721,04/28/2025 17:30:26,29.77,4704.00,,,,,
8722,04/28/2025 17:31:26,29.77,4756.48,,,,,
8723,04/28/2025 17:32:26,29.77,4760.32,,,,,
8724,04/28/2025 17:33:26,29.81,4730.88,,,,,
8725,04/28/2025 17:34:26,29.77,4785.92,,,,,
8726,04/28/2025 17:35:26,29.77,4779.52,,,,,
8727,04/28/2025 17:36:26,29.81,4832.00,,,,,
8728,04/28/2025 17:37:26,29.81,4812.80,,,,,
8729,04/28/2025 17:38:26,29.81,4769.28,,,,,
8730,04/28/2025 17:39:26,29.86,4766.72,,,,,
8731,04/28/2025 17:40:26,29.81,4785.92,,,,,
8732,04/28/2025 17:41:26,29.81,4998.40,,,,,
8733,04/28/2025 17:42:26,29.81,4995.84,,,,,
8734,04/28/2025 17:43:26,29.81,4995.84,,,,,
8735,04/28/2025 17:44:26,29.81,4947.20,,,,,
8736,04/28/2025 17:45:26,29.81,5008.64,,,,,
8737,04/28/2025 17:46:26,29.86,5054.72,,,,,
8738,04/28/2025 17:47:26,29.86,5058.56,,,,,
8739,04/28/2025 17:48:26,29.81,5018.88,,,,,
8740,04/28/2025 17:49:26,29.86,4968.96,,,,,
8741,04/28/2025 17:50:26,29.81,4857.60,,,,,
8742,04/28/2025 17:51:26,29.90,4789.76,,,,,
8743,04/28/2025 17:52:26,29.86,4716.80,,,,,
8744,04/28/2025 17:53:26,29.81,4701.44,,,,,
8745,04/28/2025 17:54:26,29.86,4720.64,,,,,
8746,04/28/2025 17:55:26,29.86,4680.96,,,,,
8747,04/28/2025 17:56:26,29.86,4602.88,,,,,
8748,04/28/2025 17:57:26,29.86,4514.56,,,,,
8749,04/28/2025 17:58:26,29.86,4441.60,,,,,
8750,04/28/2025 17:59:26,29.86,4386.56,,,,,
8751,04/28/2025 18:00:26,29.86,4281.60,,,,,
8752,04/28/2025 18:01:26,29.86,4206.08,,,,,
8753,04/28/2025 18:02:26,29.81,4189.44,,,,,
8754,04/28/2025 18:03:26,29.86,4262.40,,,,,
8755,04/28/2025 18:04:26,29.86,4359.68,,,,,
8756,04/28/2025 18:05:26,29.86,4376.32,,,,,
8757,04/28/2025 18:06:26,29.86,4373.76,,,,,
8758,04/28/2025 18:07:26,29.86,4271.36,,,,,
8759,04/28/2025 18:08:26,29.90,4209.92,,,,,
8760,04/28/2025 18:09:26,29.86,4094.72,,,,,
8761,04/28/2025 18:10:26,29.90,3964.16,,,,,
8762,04/28/2025 18:11:26,29.81,3861.76,,,,,
8763,04/28/2025 18:12:26,29.81,3783.68,,,,,
8764,04/28/2025 18:13:26,29.86,3704.32,,,,,
8765,04/28/2025 18:14:26,29.81,3659.52,,,,,
8766,04/28/2025 18:15:26,29.81,3560.96,,,,,
8767,04/28/2025 18:16:26,29.86,3560.96,,,,,
8768,04/28/2025 18:17:26,29.81,3531.52,,,,,
8769,04/28/2025 18:18:26,29.81,3252.48,,,,,
8770,04/28/2025 18:19:26,29.86,3357.44,,,,,
8771,04/28/2025 18:20:26,29.86,3357.44,,,,,
8772,04/28/2025 18:21:26,29.77,3380.48,,,,,
8773,04/28/2025 18:22:26,29.81,3472.64,,,,,
8774,04/28/2025 18:23:26,29.86,3449.60,,,,,
8775,04/28/2025 18:24:26,29.81,3508.48,,,,,
8776,04/28/2025 18:25:26,29.90,3531.52,,,,,
8777,04/28/2025 18:26:26,29.81,3590.40,,,,,
8778,04/28/2025 18:27:26,29.90,3651.84,,,,,
8779,04/28/2025 18:28:26,29.90,3754.24,,,,,
8780,04/28/2025 18:29:26,29.86,3868.16,,,,,
8781,04/28/2025 18:30:26,29.86,3924.48,,,,,
8782,04/28/2025 18:31:26,29.86,3941.12,,,,,
8783,04/28/2025 18:32:26,29.90,3911.68,,,,,
8784,04/28/2025 18:33:26,29.86,3875.84,,,,,
8785,04/28/2025 18:34:26,29.86,3845.12,,,,,
8786,04/28/2025 18:35:26,29.90,3859.20,,,,,
8787,04/28/2025 18:36:26,29.90,3897.60,,,,,
8788,04/28/2025 18:37:26,29.90,4000.00,,,,,
8789,04/28/2025 18:38:26,29.90,4136.96,,,,,
8790,04/28/2025 18:39:26,29.90,4321.28,,,,,
8791,04/28/2025 18:40:26,29.90,4510.72,,,,,
8792,04/28/2025 18:41:26,29.94,4517.12,,,,,
8793,04/28/2025 18:42:26,29.94,4638.72,,,,,
8794,04/28/2025 18:43:26,29.94,4687.36,,,,,
8795,04/28/2025 18:44:26,29.94,4779.52,,,,,
8796,04/28/2025 18:45:26,29.90,4611.84,,,,,
8797,04/28/2025 18:46:26,29.94,4926.72,,,,,
8798,04/28/2025 18:47:26,29.94,5237.76,,,,,
8799,04/28/2025 18:48:26,29.94,5393.92,,,,,
8800,04/28/2025 18:49:26,29.94,5447.68,,,,,
8801,04/28/2025 18:50:26,29.94,5222.40,,,,,
8802,04/28/2025 18:51:26,29.98,5199.36,,,,,
8803,04/28/2025 18:52:26,29.94,5437.44,,,,,
8804,04/28/2025 18:53:26,29.98,5721.60,,,,,
8805,04/28/2025 18:54:26,29.94,5939.20,,,,,
8806,04/28/2025 18:55:26,29.98,6387.20,,,,,
8807,04/28/2025 18:56:26,30.03,6435.84,,,,,
8808,04/28/2025 18:57:26,29.94,6568.96,,,,,
8809,04/28/2025 18:58:26,30.07,6364.16,,,,,
8810,04/28/2025 18:59:26,30.03,6233.60,,,,,
8811,04/28/2025 19:00:26,30.03,6983.68,,,,,
8812,04/28/2025 19:01:26,30.03,6231.04,,,,,
8813,04/28/2025 19:02:26,30.03,6141.44,,,,,
8814,04/28/2025 19:03:26,30.03,6118.40,,,,,
8815,04/28/2025 19:04:26,30.03,6044.16,,,,,
8816,04/28/2025 19:05:26,29.98,6115.84,,,,,
8817,04/28/2025 19:06:26,30.03,6197.76,,,,,
8818,04/28/2025 19:07:26,30.03,6120.96,,,,,
8819,04/28/2025 19:08:26,30.03,5777.92,,,,,
8820,04/28/2025 19:09:26,29.98,5708.80,,,,,
8821,04/28/2025 19:10:26,30.07,5598.72,,,,,
8822,04/28/2025 19:11:26,30.07,5598.72,,,,,
8823,04/28/2025 19:12:26,29.98,5496.32,,,,,
8824,04/28/2025 19:13:26,30.03,5273.60,,,,,
8825,04/28/2025 19:14:26,29.98,5260.80,,,,,
8826,04/28/2025 19:15:26,29.98,5452.80,,,,,
8827,04/28/2025 19:16:26,29.98,5849.60,,,,,
8828,04/28/2025 19:17:26,30.03,6423.04,,,,,
8829,04/28/2025 19:18:26,30.07,6827.52,,,,,
8830,04/28/2025 19:19:26,30.07,7475.20,,,,,
8831,04/28/2025 19:20:26,30.11,7946.24,,,,,
8832,04/28/2025 19:21:26,30.16,8156.16,,,,,
8833,04/28/2025 19:22:26,30.20,8563.20,,,,,
8834,04/28/2025 19:23:26,30.16,8896.00,,,,,
8835,04/28/2025 19:24:26,30.16,8773.12,,,,,
8836,04/28/2025 19:25:26,30.20,9239.04,,,,,
8837,04/28/2025 19:26:26,30.24,8719.36,,,,,
8838,04/28/2025 19:27:26,30.24,8378.88,,,,,
8839,04/28/2025 19:28:26,30.20,8227.84,,,,,
8840,04/28/2025 19:29:26,30.20,7959.04,,,,,
8841,04/28/2025 19:30:26,30.16,8038.40,,,,,
8842,04/28/2025 19:31:26,30.20,8122.88,,,,,
8843,04/28/2025 19:32:26,30.16,8668.16,,,,,
8844,04/28/2025 19:33:26,30.24,9251.84,,,,,
8845,04/28/2025 19:34:26,30.28,10193.92,,,,,
8846,04/28/2025 19:35:26,30.24,10869.76,,,,,
8847,04/28/2025 19:36:26,30.28,10475.52,,,,,
8848,04/28/2025 19:37:26,30.28,9879.04,,,,,
8849,04/28/2025 19:38:26,30.28,10506.24,,,,,
8850,04/28/2025 19:39:26,30.28,12072.96,,,,,
8851,04/28/2025 19:40:26,30.33,12001.28,,,,,
8852,04/28/2025 19:41:26,30.37,12426.24,,,,,
8853,04/28/2025 19:42:26,30.33,12794.88,,,,,
8854,04/28/2025 19:43:26,30.37,11110.40,,,,,
8855,04/28/2025 19:44:26,30.33,10552.32,,,,,
8856,04/28/2025 19:45:26,30.37,10828.80,,,,,
8857,04/28/2025 19:46:26,30.33,12252.16,,,,,
8858,04/28/2025 19:47:26,30.28,11443.20,,,,,
8859,04/28/2025 19:48:26,30.41,13337.60,,,,,
8860,04/28/2025 19:49:26,30.41,12989.44,,,,,
8861,04/28/2025 19:50:26,30.41,11560.96,,,,,
8862,04/28/2025 19:51:26,30.37,10135.04,,,,,
8863,04/28/2025 19:52:26,30.33,11274.24,,,,,
8864,04/28/2025 19:53:26,30.41,14295.04,,,,,
8865,04/28/2025 19:54:26,30.41,14361.60,,,,,
8866,04/28/2025 19:55:26,30.46,12006.40,,,,,
8867,04/28/2025 19:56:26,30.41,11504.64,,,,,
8868,04/28/2025 19:57:26,30.41,12554.24,,,,,
8869,04/28/2025 19:58:26,30.41,11033.60,,,,,
8870,04/28/2025 19:59:26,30.41,11745.28,,,,,
8871,04/28/2025 20:00:26,30.41,14356.48,,,,,
8872,04/28/2025 20:01:26,30.41,11991.04,,,,,
8873,04/28/2025 20:02:26,30.50,12375.04,,,,,
8874,04/28/2025 20:03:26,30.46,12825.60,,,,,
8875,04/28/2025 20:04:26,30.50,12840.96,,,,,
8876,04/28/2025 20:05:26,30.54,15088.64,,,,,
8877,04/28/2025 20:06:26,30.54,14643.20,,,,,
8878,04/28/2025 20:07:26,30.59,16680.96,,,,,
8879,04/28/2025 20:08:26,30.59,16235.52,,,,,
8880,04/28/2025 20:09:26,30.59,14407.68,,,,,
8881,04/28/2025 20:10:26,30.59,14366.72,,,,,
8882,04/28/2025 20:11:26,30.54,13762.56,,,,,
8883,04/28/2025 20:12:26,30.59,11228.16,,,,,
8884,04/28/2025 20:13:26,30.50,9433.60,,,,,
8885,04/28/2025 20:14:26,30.54,9146.88,,,,,
8886,04/28/2025 20:15:26,30.50,9441.28,,,,,
8887,04/28/2025 20:16:26,30.46,9643.52,,,,,
8888,04/28/2025 20:17:26,30.41,10058.24,,,,,
8889,04/28/2025 20:18:26,30.50,9853.44,,,,,
8890,04/28/2025 20:19:26,30.41,9538.56,,,,,
8891,04/28/2025 20:20:26,30.46,9349.12,,,,,
8892,04/28/2025 20:21:26,30.46,9277.44,,,,,
8893,04/28/2025 20:22:26,30.46,9159.68,,,,,
8894,04/28/2025 20:23:26,30.46,9310.72,,,,,
8895,04/28/2025 20:24:26,30.50,10649.60,,,,,
8896,04/28/2025 20:25:26,30.50,9958.40,,,,,
8897,04/28/2025 20:26:26,30.41,11770.88,,,,,
8898,04/28/2025 20:27:26,30.54,16307.20,,,,,
8899,04/28/2025 20:28:26,30.71,25026.56,,,,,
8900,04/28/2025 20:29:26,30.80,23101.44,,,,,
8901,04/28/2025 20:30:26,30.89,22609.92,,,,,
8902,04/28/2025 20:31:26,30.93,21831.68,,,,,
8903,04/28/2025 20:32:26,30.80,13992.96,,,,,
8904,04/28/2025 20:33:26,30.67,11781.12,,,,,
8905,04/28/2025 20:34:26,30.67,11806.72,,,,,
8906,04/28/2025 20:35:26,30.67,14346.24,,,,,
8907,04/28/2025 20:36:26,30.76,18908.16,,,,,
8908,04/28/2025 20:37:26,30.76,16819.20,,,,,
8909,04/28/2025 20:38:26,30.71,13690.88,,,,,
8910,04/28/2025 20:39:26,30.71,11432.96,,,,,
8911,04/28/2025 20:40:26,30.67,14300.16,,,,,
8912,04/28/2025 20:41:26,30.71,18211.84,,,,,
8913,04/28/2025 20:42:26,30.71,12144.64,,,,,
8914,04/28/2025 20:43:26,30.76,26726.40,,,,,
8915,04/28/2025 20:44:26,30.89,26736.64,,,,,
8916,04/28/2025 20:45:26,31.06,27934.72,,,,,
8917,04/28/2025 20:46:26,31.10,18785.28,,,,,
8918,04/28/2025 20:47:26,31.06,20249.60,,,,,
8919,04/28/2025 20:48:26,31.01,25016.32,,,,,
8920,04/28/2025 20:49:26,31.14,25989.12,,,,,
8921,04/28/2025 20:50:26,31.14,25016.32,,,,,
8922,04/28/2025 20:51:26,31.10,22753.28,,,,,
8923,04/28/2025 20:52:26,31.14,27965.44,,,,,
8924,04/28/2025 20:53:26,31.23,26214.40,,,,,
8925,04/28/2025 20:54:26,31.19,20495.36,,,,,
8926,04/28/2025 20:55:26,31.10,19558.40,,,,,
8927,04/28/2025 20:56:26,31.10,20899.84,,,,,
8928,04/28/2025 20:57:26,31.10,23992.32,,,,,
8929,04/28/2025 20:58:26,31.19,25251.84,,,,,
8930,04/28/2025 20:59:26,31.31,26695.68,,,,,
8931,04/28/2025 21:00:26,31.27,22558.72,,,,,
8932,04/28/2025 21:01:26,31.23,22978.56,,,,,
8933,04/28/2025 21:02:26,30.97,11781.12,,,,,
8934,04/28/2025 21:03:26,30.93,13716.48,,,,,
8935,04/28/2025 21:04:26,30.97,14295.04,,,,,
8936,04/28/2025 21:05:26,30.84,8097.28,,,,,
8937,04/28/2025 21:06:26,30.76,7331.84,,,,,
8938,04/28/2025 21:07:26,30.71,6950.40,,,,,
8939,04/28/2025 21:08:26,30.71,7004.16,,,,,
8940,04/28/2025 21:09:26,30.67,9218.56,,,,,
8941,04/28/2025 21:10:26,30.67,8680.96,,,,,
8942,04/28/2025 21:11:26,30.76,11688.96,,,,,
8943,04/28/2025 21:12:26,30.71,7219.20,,,,,
8944,04/28/2025 21:13:26,30.63,7109.12,,,,,
8945,04/28/2025 21:14:26,30.59,7436.80,,,,,
8946,04/28/2025 21:15:26,30.59,7690.24,,,,,
8947,04/28/2025 21:16:26,30.63,9479.68,,,,,
8948,04/28/2025 21:17:26,30.71,13050.88,,,,,
8949,04/28/2025 21:18:26,30.71,13358.08,,,,,
8950,04/28/2025 21:19:26,30.76,12318.72,,,,,
8951,04/28/2025 21:20:26,30.71,10411.52,,,,,
8952,04/28/2025 21:21:26,30.76,8424.96,,,,,
8953,04/28/2025 21:22:26,30.71,10122.24,,,,,
8954,04/28/2025 21:23:26,30.71,10265.60,,,,,
8955,04/28/2025 21:24:26,30.71,12395.52,,,,,
8956,04/28/2025 21:25:26,30.76,12636.16,,,,,
8957,04/28/2025 21:26:26,30.76,13127.68,,,,,
8958,04/28/2025 21:27:26,30.84,15656.96,,,,,
8959,04/28/2025 21:28:26,30.89,13301.76,,,,,
8960,04/28/2025 21:29:26,30.76,10762.24,,,,,
8961,04/28/2025 21:30:26,30.84,10155.52,,,,,
8962,04/28/2025 21:31:26,30.20,90.60,,,,,
8963,04/28/2025 21:32:26,28.78,149.76,,,,,
8964,04/28/2025 21:33:26,27.80,134.12,,,,,
8965,04/28/2025 21:34:26,27.24,150.60,,,,,
8966,04/28/2025 21:35:26,26.77,148.96,,,,,
8967,04/28/2025 21:35:42,,,,Logged,Logged,,
8968,04/28/2025 21:35:44,,,,,,Logged,
8969,04/28/2025 21:36:01,,,,Logged,Logged,,
8970,04/28/2025 21:36:14,,,,Logged,Logged,,
8971,04/28/2025 21:36:26,26.60,131.64,,Logged,Logged,,
8972,04/28/2025 21:36:36,,,,Logged,Logged,,
8973,04/28/2025 21:36:53,,,,Logged,,,
8974,04/28/2025 21:36:54,,,,,Logged,,
8975,04/28/2025 21:37:07,,,,Logged,Logged,,
8976,04/28/2025 21:37:10,,,,,,Logged,Logged